yard_name,day,date,usage,capacity,jeil_utilization
A01,5,2026-01-05,0,21,0.0
A01,6,2026-01-06,0,21,0.0
A01,7,2026-01-07,0,21,0.0
A01,8,2026-01-08,0,21,0.0
A01,9,2026-01-09,0,21,0.0
A01,10,2026-01-10,0,21,0.0
A01,11,2026-01-11,0,21,0.0
A01,12,2026-01-12,0,21,0.0
A01,13,2026-01-13,0,21,0.0
A01,14,2026-01-14,10,21,0.47619047619047616
A01,15,2026-01-15,15,21,0.7142857142857143
A01,16,2026-01-16,16,21,0.7619047619047619
A01,17,2026-01-17,16,21,0.7619047619047619
A01,18,2026-01-18,16,21,0.7619047619047619
A01,19,2026-01-19,7,21,0.3333333333333333
A01,20,2026-01-20,7,21,0.3333333333333333
A01,21,2026-01-21,7,21,0.3333333333333333
A01,22,2026-01-22,3,21,0.14285714285714285
A01,23,2026-01-23,7,21,0.3333333333333333
A01,24,2026-01-24,7,21,0.3333333333333333
A01,25,2026-01-25,7,21,0.3333333333333333
A01,26,2026-01-26,14,21,0.6666666666666666
A01,27,2026-01-27,16,21,0.7619047619047619
A01,28,2026-01-28,16,21,0.7619047619047619
A01,29,2026-01-29,15,21,0.7142857142857143
A01,30,2026-01-30,15,21,0.7142857142857143
A01,31,2026-01-31,6,21,0.2857142857142857
A01,32,2026-02-01,6,21,0.2857142857142857
A01,33,2026-02-02,6,21,0.2857142857142857
A01,34,2026-02-03,6,21,0.2857142857142857
A01,35,2026-02-04,8,21,0.38095238095238093
A01,36,2026-02-05,6,21,0.2857142857142857
A01,37,2026-02-06,6,21,0.2857142857142857
A01,38,2026-02-07,6,21,0.2857142857142857
A01,39,2026-02-08,6,21,0.2857142857142857
A01,40,2026-02-09,6,21,0.2857142857142857
A01,41,2026-02-10,6,21,0.2857142857142857
A01,42,2026-02-11,0,21,0.0
A01,43,2026-02-12,0,21,0.0
A01,44,2026-02-13,0,21,0.0
A01,45,2026-02-14,0,21,0.0
A01,46,2026-02-15,0,21,0.0
A01,47,2026-02-16,0,21,0.0
A01,48,2026-02-17,0,21,0.0
A01,49,2026-02-18,0,21,0.0
A01,50,2026-02-19,3,21,0.14285714285714285
A01,51,2026-02-20,1,21,0.047619047619047616
A01,52,2026-02-21,1,21,0.047619047619047616
A01,53,2026-02-22,1,21,0.047619047619047616
A01,54,2026-02-23,4,21,0.19047619047619047
A01,55,2026-02-24,11,21,0.5238095238095238
A01,56,2026-02-25,5,21,0.23809523809523808
A01,57,2026-02-26,18,21,0.8571428571428571
A01,58,2026-02-27,6,21,0.2857142857142857
A01,59,2026-02-28,5,21,0.23809523809523808
A01,60,2026-03-01,5,21,0.23809523809523808
A01,61,2026-03-02,5,21,0.23809523809523808
A01,62,2026-03-03,1,21,0.047619047619047616
A01,63,2026-03-04,1,21,0.047619047619047616
A01,64,2026-03-05,2,21,0.09523809523809523
A01,65,2026-03-06,2,21,0.09523809523809523
A01,66,2026-03-07,1,21,0.047619047619047616
A01,67,2026-03-08,1,21,0.047619047619047616
A01,68,2026-03-09,1,21,0.047619047619047616
A01,69,2026-03-10,15,21,0.7142857142857143
A01,70,2026-03-11,14,21,0.6666666666666666
A01,71,2026-03-12,19,21,0.9047619047619048
A01,72,2026-03-13,19,21,0.9047619047619048
A01,73,2026-03-14,19,21,0.9047619047619048
A01,74,2026-03-15,19,21,0.9047619047619048
A01,75,2026-03-16,19,21,0.9047619047619048
A01,76,2026-03-17,18,21,0.8571428571428571
A01,77,2026-03-18,13,21,0.6190476190476191
A01,78,2026-03-19,12,21,0.5714285714285714
A01,79,2026-03-20,12,21,0.5714285714285714
A01,80,2026-03-21,12,21,0.5714285714285714
A01,81,2026-03-22,12,21,0.5714285714285714
A01,82,2026-03-23,12,21,0.5714285714285714
A01,83,2026-03-24,9,21,0.42857142857142855
A01,84,2026-03-25,9,21,0.42857142857142855
A01,85,2026-03-26,4,21,0.19047619047619047
A01,86,2026-03-27,15,21,0.7142857142857143
A01,87,2026-03-28,1,21,0.047619047619047616
A01,88,2026-03-29,1,21,0.047619047619047616
A01,89,2026-03-30,18,21,0.8571428571428571
A01,90,2026-03-31,18,21,0.8571428571428571
A01,91,2026-04-01,18,21,0.8571428571428571
A01,92,2026-04-02,19,21,0.9047619047619048
A01,93,2026-04-03,23,21,1.0952380952380953
A01,94,2026-04-04,19,21,0.9047619047619048
A01,95,2026-04-05,18,21,0.8571428571428571
A01,96,2026-04-06,18,21,0.8571428571428571
A01,97,2026-04-07,18,21,0.8571428571428571
A01,98,2026-04-08,18,21,0.8571428571428571
A01,99,2026-04-09,18,21,0.8571428571428571
A01,100,2026-04-10,18,21,0.8571428571428571
A01,101,2026-04-11,0,21,0.0
A01,102,2026-04-12,0,21,0.0
A01,103,2026-04-13,4,21,0.19047619047619047
A01,104,2026-04-14,4,21,0.19047619047619047
A01,105,2026-04-15,4,21,0.19047619047619047
A01,106,2026-04-16,7,21,0.3333333333333333
A01,107,2026-04-17,30,21,1.4285714285714286
A01,108,2026-04-18,25,21,1.1904761904761905
A01,109,2026-04-19,24,21,1.1428571428571428
A01,110,2026-04-20,24,21,1.1428571428571428
A01,111,2026-04-21,28,21,1.3333333333333333
A01,112,2026-04-22,26,21,1.2380952380952381
A01,113,2026-04-23,21,21,1.0
A01,114,2026-04-24,21,21,1.0
A01,115,2026-04-25,12,21,0.5714285714285714
A01,116,2026-04-26,12,21,0.5714285714285714
A01,117,2026-04-27,12,21,0.5714285714285714
A01,118,2026-04-28,7,21,0.3333333333333333
A01,119,2026-04-29,7,21,0.3333333333333333
A01,120,2026-04-30,8,21,0.38095238095238093
A01,121,2026-05-01,11,21,0.5238095238095238
A01,122,2026-05-02,7,21,0.3333333333333333
A01,123,2026-05-03,7,21,0.3333333333333333
A01,124,2026-05-04,7,21,0.3333333333333333
A01,125,2026-05-05,7,21,0.3333333333333333
A01,126,2026-05-06,7,21,0.3333333333333333
A01,127,2026-05-07,7,21,0.3333333333333333
A01,128,2026-05-08,7,21,0.3333333333333333
A01,129,2026-05-09,9,21,0.42857142857142855
A01,130,2026-05-10,7,21,0.3333333333333333
A01,131,2026-05-11,10,21,0.47619047619047616
A01,132,2026-05-12,12,21,0.5714285714285714
A01,133,2026-05-13,7,21,0.3333333333333333
A01,134,2026-05-14,7,21,0.3333333333333333
A01,135,2026-05-15,7,21,0.3333333333333333
A01,136,2026-05-16,7,21,0.3333333333333333
A01,137,2026-05-17,7,21,0.3333333333333333
A01,138,2026-05-18,7,21,0.3333333333333333
A01,139,2026-05-19,7,21,0.3333333333333333
A01,140,2026-05-20,10,21,0.47619047619047616
A01,141,2026-05-21,11,21,0.5238095238095238
A01,142,2026-05-22,11,21,0.5238095238095238
A01,143,2026-05-23,11,21,0.5238095238095238
A01,144,2026-05-24,11,21,0.5238095238095238
A01,145,2026-05-25,11,21,0.5238095238095238
A01,146,2026-05-26,11,21,0.5238095238095238
A01,147,2026-05-27,9,21,0.42857142857142855
A01,148,2026-05-28,6,21,0.2857142857142857
A01,149,2026-05-29,6,21,0.2857142857142857
A01,150,2026-05-30,11,21,0.5238095238095238
A01,151,2026-05-31,11,21,0.5238095238095238
A01,152,2026-06-01,11,21,0.5238095238095238
A01,153,2026-06-02,6,21,0.2857142857142857
A01,154,2026-06-03,6,21,0.2857142857142857
A01,155,2026-06-04,2,21,0.09523809523809523
A01,156,2026-06-05,3,21,0.14285714285714285
A01,157,2026-06-06,12,21,0.5714285714285714
A01,158,2026-06-07,12,21,0.5714285714285714
A01,159,2026-06-08,5,21,0.23809523809523808
A01,160,2026-06-09,6,21,0.2857142857142857
A01,161,2026-06-10,0,21,0.0
A01,162,2026-06-11,0,21,0.0
A01,163,2026-06-12,0,21,0.0
A01,164,2026-06-13,0,21,0.0
A01,165,2026-06-14,0,21,0.0
A02,5,2026-01-05,0,21,0.0
A02,6,2026-01-06,0,21,0.0
A02,7,2026-01-07,0,21,0.0
A02,8,2026-01-08,0,21,0.0
A02,9,2026-01-09,0,21,0.0
A02,10,2026-01-10,0,21,0.0
A02,11,2026-01-11,0,21,0.0
A02,12,2026-01-12,0,21,0.0
A02,13,2026-01-13,0,21,0.0
A02,14,2026-01-14,0,21,0.0
A02,15,2026-01-15,0,21,0.0
A02,16,2026-01-16,0,21,0.0
A02,17,2026-01-17,0,21,0.0
A02,18,2026-01-18,0,21,0.0
A02,19,2026-01-19,0,21,0.0
A02,20,2026-01-20,0,21,0.0
A02,21,2026-01-21,3,21,0.14285714285714285
A02,22,2026-01-22,11,21,0.5238095238095238
A02,23,2026-01-23,11,21,0.5238095238095238
A02,24,2026-01-24,11,21,0.5238095238095238
A02,25,2026-01-25,11,21,0.5238095238095238
A02,26,2026-01-26,11,21,0.5238095238095238
A02,27,2026-01-27,11,21,0.5238095238095238
A02,28,2026-01-28,11,21,0.5238095238095238
A02,29,2026-01-29,11,21,0.5238095238095238
A02,30,2026-01-30,11,21,0.5238095238095238
A02,31,2026-01-31,11,21,0.5238095238095238
A02,32,2026-02-01,11,21,0.5238095238095238
A02,33,2026-02-02,11,21,0.5238095238095238
A02,34,2026-02-03,11,21,0.5238095238095238
A02,35,2026-02-04,11,21,0.5238095238095238
A02,36,2026-02-05,11,21,0.5238095238095238
A02,37,2026-02-06,11,21,0.5238095238095238
A02,38,2026-02-07,11,21,0.5238095238095238
A02,39,2026-02-08,11,21,0.5238095238095238
A02,40,2026-02-09,11,21,0.5238095238095238
A02,41,2026-02-10,11,21,0.5238095238095238
A02,42,2026-02-11,11,21,0.5238095238095238
A02,43,2026-02-12,11,21,0.5238095238095238
A02,44,2026-02-13,12,21,0.5714285714285714
A02,45,2026-02-14,12,21,0.5714285714285714
A02,46,2026-02-15,12,21,0.5714285714285714
A02,47,2026-02-16,12,21,0.5714285714285714
A02,48,2026-02-17,12,21,0.5714285714285714
A02,49,2026-02-18,12,21,0.5714285714285714
A02,50,2026-02-19,12,21,0.5714285714285714
A02,51,2026-02-20,12,21,0.5714285714285714
A02,52,2026-02-21,12,21,0.5714285714285714
A02,53,2026-02-22,12,21,0.5714285714285714
A02,54,2026-02-23,12,21,0.5714285714285714
A02,55,2026-02-24,12,21,0.5714285714285714
A02,56,2026-02-25,12,21,0.5714285714285714
A02,57,2026-02-26,12,21,0.5714285714285714
A02,58,2026-02-27,11,21,0.5238095238095238
A02,59,2026-02-28,11,21,0.5238095238095238
A02,60,2026-03-01,11,21,0.5238095238095238
A02,61,2026-03-02,11,21,0.5238095238095238
A02,62,2026-03-03,11,21,0.5238095238095238
A02,63,2026-03-04,11,21,0.5238095238095238
A02,64,2026-03-05,11,21,0.5238095238095238
A02,65,2026-03-06,11,21,0.5238095238095238
A02,66,2026-03-07,11,21,0.5238095238095238
A02,67,2026-03-08,11,21,0.5238095238095238
A02,68,2026-03-09,11,21,0.5238095238095238
A02,69,2026-03-10,11,21,0.5238095238095238
A02,70,2026-03-11,11,21,0.5238095238095238
A02,71,2026-03-12,11,21,0.5238095238095238
A02,72,2026-03-13,11,21,0.5238095238095238
A02,73,2026-03-14,11,21,0.5238095238095238
A02,74,2026-03-15,11,21,0.5238095238095238
A02,75,2026-03-16,11,21,0.5238095238095238
A02,76,2026-03-17,11,21,0.5238095238095238
A02,77,2026-03-18,11,21,0.5238095238095238
A02,78,2026-03-19,11,21,0.5238095238095238
A02,79,2026-03-20,11,21,0.5238095238095238
A02,80,2026-03-21,11,21,0.5238095238095238
A02,81,2026-03-22,11,21,0.5238095238095238
A02,82,2026-03-23,11,21,0.5238095238095238
A02,83,2026-03-24,11,21,0.5238095238095238
A02,84,2026-03-25,11,21,0.5238095238095238
A02,85,2026-03-26,11,21,0.5238095238095238
A02,86,2026-03-27,11,21,0.5238095238095238
A02,87,2026-03-28,11,21,0.5238095238095238
A02,88,2026-03-29,11,21,0.5238095238095238
A02,89,2026-03-30,11,21,0.5238095238095238
A02,90,2026-03-31,11,21,0.5238095238095238
A02,91,2026-04-01,11,21,0.5238095238095238
A02,92,2026-04-02,0,21,0.0
A02,93,2026-04-03,7,21,0.3333333333333333
A02,94,2026-04-04,10,21,0.47619047619047616
A02,95,2026-04-05,10,21,0.47619047619047616
A02,96,2026-04-06,10,21,0.47619047619047616
A02,97,2026-04-07,10,21,0.47619047619047616
A02,98,2026-04-08,10,21,0.47619047619047616
A02,99,2026-04-09,10,21,0.47619047619047616
A02,100,2026-04-10,0,21,0.0
A02,101,2026-04-11,1,21,0.047619047619047616
A02,102,2026-04-12,1,21,0.047619047619047616
A02,103,2026-04-13,13,21,0.6190476190476191
A02,104,2026-04-14,7,21,0.3333333333333333
A02,105,2026-04-15,14,21,0.6666666666666666
A02,106,2026-04-16,14,21,0.6666666666666666
A02,107,2026-04-17,14,21,0.6666666666666666
A02,108,2026-04-18,14,21,0.6666666666666666
A02,109,2026-04-19,14,21,0.6666666666666666
A02,110,2026-04-20,14,21,0.6666666666666666
A02,111,2026-04-21,13,21,0.6190476190476191
A02,112,2026-04-22,0,21,0.0
A02,113,2026-04-23,0,21,0.0
A02,114,2026-04-24,15,21,0.7142857142857143
A02,115,2026-04-25,9,21,0.42857142857142855
A02,116,2026-04-26,9,21,0.42857142857142855
A02,117,2026-04-27,11,21,0.5238095238095238
A02,118,2026-04-28,19,21,0.9047619047619048
A02,119,2026-04-29,11,21,0.5238095238095238
A02,120,2026-04-30,14,21,0.6666666666666666
A02,121,2026-05-01,14,21,0.6666666666666666
A02,122,2026-05-02,14,21,0.6666666666666666
A02,123,2026-05-03,14,21,0.6666666666666666
A02,124,2026-05-04,14,21,0.6666666666666666
A02,125,2026-05-05,7,21,0.3333333333333333
A02,126,2026-05-06,13,21,0.6190476190476191
A02,127,2026-05-07,13,21,0.6190476190476191
A02,128,2026-05-08,8,21,0.38095238095238093
A02,129,2026-05-09,18,21,0.8571428571428571
A02,130,2026-05-10,17,21,0.8095238095238095
A02,131,2026-05-11,20,21,0.9523809523809523
A02,132,2026-05-12,0,21,0.0
A02,133,2026-05-13,0,21,0.0
A02,134,2026-05-14,0,21,0.0
A02,135,2026-05-15,0,21,0.0
A02,136,2026-05-16,0,21,0.0
A02,137,2026-05-17,0,21,0.0
A02,138,2026-05-18,0,21,0.0
A02,139,2026-05-19,4,21,0.19047619047619047
A02,140,2026-05-20,11,21,0.5238095238095238
A02,141,2026-05-21,3,21,0.14285714285714285
A02,142,2026-05-22,19,21,0.9047619047619048
A02,143,2026-05-23,19,21,0.9047619047619048
A02,144,2026-05-24,19,21,0.9047619047619048
A02,145,2026-05-25,19,21,0.9047619047619048
A02,146,2026-05-26,7,21,0.3333333333333333
A02,147,2026-05-27,8,21,0.38095238095238093
A02,148,2026-05-28,8,21,0.38095238095238093
A02,149,2026-05-29,8,21,0.38095238095238093
A02,150,2026-05-30,8,21,0.38095238095238093
A02,151,2026-05-31,8,21,0.38095238095238093
A02,152,2026-06-01,8,21,0.38095238095238093
A02,153,2026-06-02,8,21,0.38095238095238093
A02,154,2026-06-03,8,21,0.38095238095238093
A02,155,2026-06-04,8,21,0.38095238095238093
A02,156,2026-06-05,8,21,0.38095238095238093
A02,157,2026-06-06,8,21,0.38095238095238093
A02,158,2026-06-07,8,21,0.38095238095238093
A02,159,2026-06-08,8,21,0.38095238095238093
A02,160,2026-06-09,8,21,0.38095238095238093
A02,161,2026-06-10,8,21,0.38095238095238093
A02,162,2026-06-11,8,21,0.38095238095238093
A02,163,2026-06-12,0,21,0.0
A02,164,2026-06-13,0,21,0.0
A02,165,2026-06-14,0,21,0.0
A03,5,2026-01-05,0,21,0.0
A03,6,2026-01-06,0,21,0.0
A03,7,2026-01-07,0,21,0.0
A03,8,2026-01-08,0,21,0.0
A03,9,2026-01-09,0,21,0.0
A03,10,2026-01-10,0,21,0.0
A03,11,2026-01-11,0,21,0.0
A03,12,2026-01-12,0,21,0.0
A03,13,2026-01-13,0,21,0.0
A03,14,2026-01-14,0,21,0.0
A03,15,2026-01-15,0,21,0.0
A03,16,2026-01-16,0,21,0.0
A03,17,2026-01-17,0,21,0.0
A03,18,2026-01-18,0,21,0.0
A03,19,2026-01-19,0,21,0.0
A03,20,2026-01-20,0,21,0.0
A03,21,2026-01-21,0,21,0.0
A03,22,2026-01-22,0,21,0.0
A03,23,2026-01-23,6,21,0.2857142857142857
A03,24,2026-01-24,8,21,0.38095238095238093
A03,25,2026-01-25,8,21,0.38095238095238093
A03,26,2026-01-26,8,21,0.38095238095238093
A03,27,2026-01-27,8,21,0.38095238095238093
A03,28,2026-01-28,8,21,0.38095238095238093
A03,29,2026-01-29,8,21,0.38095238095238093
A03,30,2026-01-30,8,21,0.38095238095238093
A03,31,2026-01-31,0,21,0.0
A03,32,2026-02-01,0,21,0.0
A03,33,2026-02-02,0,21,0.0
A03,34,2026-02-03,0,21,0.0
A03,35,2026-02-04,0,21,0.0
A03,36,2026-02-05,12,21,0.5714285714285714
A03,37,2026-02-06,0,21,0.0
A03,38,2026-02-07,0,21,0.0
A03,39,2026-02-08,0,21,0.0
A03,40,2026-02-09,0,21,0.0
A03,41,2026-02-10,0,21,0.0
A03,42,2026-02-11,0,21,0.0
A03,43,2026-02-12,0,21,0.0
A03,44,2026-02-13,1,21,0.047619047619047616
A03,45,2026-02-14,1,21,0.047619047619047616
A03,46,2026-02-15,1,21,0.047619047619047616
A03,47,2026-02-16,1,21,0.047619047619047616
A03,48,2026-02-17,1,21,0.047619047619047616
A03,49,2026-02-18,1,21,0.047619047619047616
A03,50,2026-02-19,7,21,0.3333333333333333
A03,51,2026-02-20,9,21,0.42857142857142855
A03,52,2026-02-21,7,21,0.3333333333333333
A03,53,2026-02-22,7,21,0.3333333333333333
A03,54,2026-02-23,7,21,0.3333333333333333
A03,55,2026-02-24,7,21,0.3333333333333333
A03,56,2026-02-25,7,21,0.3333333333333333
A03,57,2026-02-26,7,21,0.3333333333333333
A03,58,2026-02-27,7,21,0.3333333333333333
A03,59,2026-02-28,7,21,0.3333333333333333
A03,60,2026-03-01,7,21,0.3333333333333333
A03,61,2026-03-02,19,21,0.9047619047619048
A03,62,2026-03-03,20,21,0.9523809523809523
A03,63,2026-03-04,20,21,0.9523809523809523
A03,64,2026-03-05,20,21,0.9523809523809523
A03,65,2026-03-06,20,21,0.9523809523809523
A03,66,2026-03-07,7,21,0.3333333333333333
A03,67,2026-03-08,7,21,0.3333333333333333
A03,68,2026-03-09,7,21,0.3333333333333333
A03,69,2026-03-10,7,21,0.3333333333333333
A03,70,2026-03-11,7,21,0.3333333333333333
A03,71,2026-03-12,12,21,0.5714285714285714
A03,72,2026-03-13,12,21,0.5714285714285714
A03,73,2026-03-14,12,21,0.5714285714285714
A03,74,2026-03-15,12,21,0.5714285714285714
A03,75,2026-03-16,12,21,0.5714285714285714
A03,76,2026-03-17,12,21,0.5714285714285714
A03,77,2026-03-18,7,21,0.3333333333333333
A03,78,2026-03-19,7,21,0.3333333333333333
A03,79,2026-03-20,7,21,0.3333333333333333
A03,80,2026-03-21,7,21,0.3333333333333333
A03,81,2026-03-22,7,21,0.3333333333333333
A03,82,2026-03-23,7,21,0.3333333333333333
A03,83,2026-03-24,7,21,0.3333333333333333
A03,84,2026-03-25,7,21,0.3333333333333333
A03,85,2026-03-26,7,21,0.3333333333333333
A03,86,2026-03-27,7,21,0.3333333333333333
A03,87,2026-03-28,0,21,0.0
A03,88,2026-03-29,0,21,0.0
A03,89,2026-03-30,3,21,0.14285714285714285
A03,90,2026-03-31,3,21,0.14285714285714285
A03,91,2026-04-01,3,21,0.14285714285714285
A03,92,2026-04-02,3,21,0.14285714285714285
A03,93,2026-04-03,4,21,0.19047619047619047
A03,94,2026-04-04,18,21,0.8571428571428571
A03,95,2026-04-05,18,21,0.8571428571428571
A03,96,2026-04-06,12,21,0.5714285714285714
A03,97,2026-04-07,12,21,0.5714285714285714
A03,98,2026-04-08,12,21,0.5714285714285714
A03,99,2026-04-09,8,21,0.38095238095238093
A03,100,2026-04-10,8,21,0.38095238095238093
A03,101,2026-04-11,5,21,0.23809523809523808
A03,102,2026-04-12,5,21,0.23809523809523808
A03,103,2026-04-13,5,21,0.23809523809523808
A03,104,2026-04-14,0,21,0.0
A03,105,2026-04-15,0,21,0.0
A03,106,2026-04-16,0,21,0.0
A03,107,2026-04-17,4,21,0.19047619047619047
A03,108,2026-04-18,4,21,0.19047619047619047
A03,109,2026-04-19,4,21,0.19047619047619047
A03,110,2026-04-20,15,21,0.7142857142857143
A03,111,2026-04-21,15,21,0.7142857142857143
A03,112,2026-04-22,15,21,0.7142857142857143
A03,113,2026-04-23,15,21,0.7142857142857143
A03,114,2026-04-24,15,21,0.7142857142857143
A03,115,2026-04-25,0,21,0.0
A03,116,2026-04-26,0,21,0.0
A03,117,2026-04-27,3,21,0.14285714285714285
A03,118,2026-04-28,3,21,0.14285714285714285
A03,119,2026-04-29,6,21,0.2857142857142857
A03,120,2026-04-30,11,21,0.5238095238095238
A03,121,2026-05-01,11,21,0.5238095238095238
A03,122,2026-05-02,11,21,0.5238095238095238
A03,123,2026-05-03,11,21,0.5238095238095238
A03,124,2026-05-04,11,21,0.5238095238095238
A03,125,2026-05-05,11,21,0.5238095238095238
A03,126,2026-05-06,11,21,0.5238095238095238
A03,127,2026-05-07,11,21,0.5238095238095238
A03,128,2026-05-08,11,21,0.5238095238095238
A03,129,2026-05-09,12,21,0.5714285714285714
A03,130,2026-05-10,12,21,0.5714285714285714
A03,131,2026-05-11,11,21,0.5238095238095238
A03,132,2026-05-12,11,21,0.5238095238095238
A03,133,2026-05-13,6,21,0.2857142857142857
A03,134,2026-05-14,3,21,0.14285714285714285
A03,135,2026-05-15,0,21,0.0
A03,136,2026-05-16,0,21,0.0
A03,137,2026-05-17,0,21,0.0
A03,138,2026-05-18,0,21,0.0
A03,139,2026-05-19,2,21,0.09523809523809523
A03,140,2026-05-20,16,21,0.7619047619047619
A03,141,2026-05-21,16,21,0.7619047619047619
A03,142,2026-05-22,16,21,0.7619047619047619
A03,143,2026-05-23,16,21,0.7619047619047619
A03,144,2026-05-24,16,21,0.7619047619047619
A03,145,2026-05-25,16,21,0.7619047619047619
A03,146,2026-05-26,0,21,0.0
A03,147,2026-05-27,17,21,0.8095238095238095
A03,148,2026-05-28,17,21,0.8095238095238095
A03,149,2026-05-29,17,21,0.8095238095238095
A03,150,2026-05-30,17,21,0.8095238095238095
A03,151,2026-05-31,17,21,0.8095238095238095
A03,152,2026-06-01,17,21,0.8095238095238095
A03,153,2026-06-02,16,21,0.7619047619047619
A03,154,2026-06-03,11,21,0.5238095238095238
A03,155,2026-06-04,15,21,0.7142857142857143
A03,156,2026-06-05,15,21,0.7142857142857143
A03,157,2026-06-06,13,21,0.6190476190476191
A03,158,2026-06-07,13,21,0.6190476190476191
A03,159,2026-06-08,16,21,0.7619047619047619
A03,160,2026-06-09,17,21,0.8095238095238095
A03,161,2026-06-10,10,21,0.47619047619047616
A03,162,2026-06-11,7,21,0.3333333333333333
A03,163,2026-06-12,7,21,0.3333333333333333
A03,164,2026-06-13,0,21,0.0
A03,165,2026-06-14,0,21,0.0
A04,5,2026-01-05,0,21,0.0
A04,6,2026-01-06,0,21,0.0
A04,7,2026-01-07,0,21,0.0
A04,8,2026-01-08,0,21,0.0
A04,9,2026-01-09,0,21,0.0
A04,10,2026-01-10,0,21,0.0
A04,11,2026-01-11,0,21,0.0
A04,12,2026-01-12,0,21,0.0
A04,13,2026-01-13,13,21,0.6190476190476191
A04,14,2026-01-14,13,21,0.6190476190476191
A04,15,2026-01-15,13,21,0.6190476190476191
A04,16,2026-01-16,13,21,0.6190476190476191
A04,17,2026-01-17,13,21,0.6190476190476191
A04,18,2026-01-18,13,21,0.6190476190476191
A04,19,2026-01-19,13,21,0.6190476190476191
A04,20,2026-01-20,13,21,0.6190476190476191
A04,21,2026-01-21,13,21,0.6190476190476191
A04,22,2026-01-22,13,21,0.6190476190476191
A04,23,2026-01-23,13,21,0.6190476190476191
A04,24,2026-01-24,13,21,0.6190476190476191
A04,25,2026-01-25,13,21,0.6190476190476191
A04,26,2026-01-26,13,21,0.6190476190476191
A04,27,2026-01-27,13,21,0.6190476190476191
A04,28,2026-01-28,13,21,0.6190476190476191
A04,29,2026-01-29,13,21,0.6190476190476191
A04,30,2026-01-30,13,21,0.6190476190476191
A04,31,2026-01-31,13,21,0.6190476190476191
A04,32,2026-02-01,13,21,0.6190476190476191
A04,33,2026-02-02,10,21,0.47619047619047616
A04,34,2026-02-03,10,21,0.47619047619047616
A04,35,2026-02-04,10,21,0.47619047619047616
A04,36,2026-02-05,7,21,0.3333333333333333
A04,37,2026-02-06,7,21,0.3333333333333333
A04,38,2026-02-07,1,21,0.047619047619047616
A04,39,2026-02-08,1,21,0.047619047619047616
A04,40,2026-02-09,1,21,0.047619047619047616
A04,41,2026-02-10,1,21,0.047619047619047616
A04,42,2026-02-11,1,21,0.047619047619047616
A04,43,2026-02-12,1,21,0.047619047619047616
A04,44,2026-02-13,0,21,0.0
A04,45,2026-02-14,0,21,0.0
A04,46,2026-02-15,0,21,0.0
A04,47,2026-02-16,0,21,0.0
A04,48,2026-02-17,0,21,0.0
A04,49,2026-02-18,0,21,0.0
A04,50,2026-02-19,0,21,0.0
A04,51,2026-02-20,9,21,0.42857142857142855
A04,52,2026-02-21,0,21,0.0
A04,53,2026-02-22,0,21,0.0
A04,54,2026-02-23,0,21,0.0
A04,55,2026-02-24,0,21,0.0
A04,56,2026-02-25,0,21,0.0
A04,57,2026-02-26,0,21,0.0
A04,58,2026-02-27,0,21,0.0
A04,59,2026-02-28,0,21,0.0
A04,60,2026-03-01,0,21,0.0
A04,61,2026-03-02,0,21,0.0
A04,62,2026-03-03,0,21,0.0
A04,63,2026-03-04,0,21,0.0
A04,64,2026-03-05,0,21,0.0
A04,65,2026-03-06,0,21,0.0
A04,66,2026-03-07,0,21,0.0
A04,67,2026-03-08,0,21,0.0
A04,68,2026-03-09,0,21,0.0
A04,69,2026-03-10,0,21,0.0
A04,70,2026-03-11,0,21,0.0
A04,71,2026-03-12,0,21,0.0
A04,72,2026-03-13,0,21,0.0
A04,73,2026-03-14,0,21,0.0
A04,74,2026-03-15,0,21,0.0
A04,75,2026-03-16,0,21,0.0
A04,76,2026-03-17,0,21,0.0
A04,77,2026-03-18,0,21,0.0
A04,78,2026-03-19,0,21,0.0
A04,79,2026-03-20,0,21,0.0
A04,80,2026-03-21,0,21,0.0
A04,81,2026-03-22,0,21,0.0
A04,82,2026-03-23,0,21,0.0
A04,83,2026-03-24,0,21,0.0
A04,84,2026-03-25,7,21,0.3333333333333333
A04,85,2026-03-26,7,21,0.3333333333333333
A04,86,2026-03-27,14,21,0.6666666666666666
A04,87,2026-03-28,14,21,0.6666666666666666
A04,88,2026-03-29,14,21,0.6666666666666666
A04,89,2026-03-30,14,21,0.6666666666666666
A04,90,2026-03-31,14,21,0.6666666666666666
A04,91,2026-04-01,14,21,0.6666666666666666
A04,92,2026-04-02,14,21,0.6666666666666666
A04,93,2026-04-03,8,21,0.38095238095238093
A04,94,2026-04-04,6,21,0.2857142857142857
A04,95,2026-04-05,6,21,0.2857142857142857
A04,96,2026-04-06,6,21,0.2857142857142857
A04,97,2026-04-07,6,21,0.2857142857142857
A04,98,2026-04-08,5,21,0.23809523809523808
A04,99,2026-04-09,5,21,0.23809523809523808
A04,100,2026-04-10,5,21,0.23809523809523808
A04,101,2026-04-11,5,21,0.23809523809523808
A04,102,2026-04-12,5,21,0.23809523809523808
A04,103,2026-04-13,5,21,0.23809523809523808
A04,104,2026-04-14,5,21,0.23809523809523808
A04,105,2026-04-15,5,21,0.23809523809523808
A04,106,2026-04-16,5,21,0.23809523809523808
A04,107,2026-04-17,5,21,0.23809523809523808
A04,108,2026-04-18,5,21,0.23809523809523808
A04,109,2026-04-19,5,21,0.23809523809523808
A04,110,2026-04-20,5,21,0.23809523809523808
A04,111,2026-04-21,5,21,0.23809523809523808
A04,112,2026-04-22,5,21,0.23809523809523808
A04,113,2026-04-23,5,21,0.23809523809523808
A04,114,2026-04-24,5,21,0.23809523809523808
A04,115,2026-04-25,5,21,0.23809523809523808
A04,116,2026-04-26,5,21,0.23809523809523808
A04,117,2026-04-27,5,21,0.23809523809523808
A04,118,2026-04-28,5,21,0.23809523809523808
A04,119,2026-04-29,5,21,0.23809523809523808
A04,120,2026-04-30,5,21,0.23809523809523808
A04,121,2026-05-01,5,21,0.23809523809523808
A04,122,2026-05-02,5,21,0.23809523809523808
A04,123,2026-05-03,5,21,0.23809523809523808
A04,124,2026-05-04,5,21,0.23809523809523808
A04,125,2026-05-05,5,21,0.23809523809523808
A04,126,2026-05-06,5,21,0.23809523809523808
A04,127,2026-05-07,5,21,0.23809523809523808
A04,128,2026-05-08,5,21,0.23809523809523808
A04,129,2026-05-09,3,21,0.14285714285714285
A04,130,2026-05-10,3,21,0.14285714285714285
A04,131,2026-05-11,0,21,0.0
A04,132,2026-05-12,0,21,0.0
A04,133,2026-05-13,0,21,0.0
A04,134,2026-05-14,0,21,0.0
A04,135,2026-05-15,4,21,0.19047619047619047
A04,136,2026-05-16,10,21,0.47619047619047616
A04,137,2026-05-17,10,21,0.47619047619047616
A04,138,2026-05-18,10,21,0.47619047619047616
A04,139,2026-05-19,10,21,0.47619047619047616
A04,140,2026-05-20,10,21,0.47619047619047616
A04,141,2026-05-21,10,21,0.47619047619047616
A04,142,2026-05-22,10,21,0.47619047619047616
A04,143,2026-05-23,0,21,0.0
A04,144,2026-05-24,0,21,0.0
A04,145,2026-05-25,0,21,0.0
A04,146,2026-05-26,0,21,0.0
A04,147,2026-05-27,0,21,0.0
A04,148,2026-05-28,0,21,0.0
A04,149,2026-05-29,0,21,0.0
A04,150,2026-05-30,0,21,0.0
A04,151,2026-05-31,0,21,0.0
A04,152,2026-06-01,0,21,0.0
A04,153,2026-06-02,0,21,0.0
A04,154,2026-06-03,0,21,0.0
A04,155,2026-06-04,0,21,0.0
A04,156,2026-06-05,0,21,0.0
A04,157,2026-06-06,0,21,0.0
A04,158,2026-06-07,0,21,0.0
A04,159,2026-06-08,0,21,0.0
A04,160,2026-06-09,0,21,0.0
A04,161,2026-06-10,0,21,0.0
A04,162,2026-06-11,0,21,0.0
A04,163,2026-06-12,0,21,0.0
A04,164,2026-06-13,0,21,0.0
A04,165,2026-06-14,0,21,0.0
A05,5,2026-01-05,0,21,0.0
A05,6,2026-01-06,0,21,0.0
A05,7,2026-01-07,0,21,0.0
A05,8,2026-01-08,0,21,0.0
A05,9,2026-01-09,0,21,0.0
A05,10,2026-01-10,0,21,0.0
A05,11,2026-01-11,0,21,0.0
A05,12,2026-01-12,0,21,0.0
A05,13,2026-01-13,0,21,0.0
A05,14,2026-01-14,0,21,0.0
A05,15,2026-01-15,0,21,0.0
A05,16,2026-01-16,0,21,0.0
A05,17,2026-01-17,0,21,0.0
A05,18,2026-01-18,0,21,0.0
A05,19,2026-01-19,0,21,0.0
A05,20,2026-01-20,0,21,0.0
A05,21,2026-01-21,0,21,0.0
A05,22,2026-01-22,0,21,0.0
A05,23,2026-01-23,5,21,0.23809523809523808
A05,24,2026-01-24,10,21,0.47619047619047616
A05,25,2026-01-25,10,21,0.47619047619047616
A05,26,2026-01-26,19,21,0.9047619047619048
A05,27,2026-01-27,19,21,0.9047619047619048
A05,28,2026-01-28,23,21,1.0952380952380953
A05,29,2026-01-29,8,21,0.38095238095238093
A05,30,2026-01-30,8,21,0.38095238095238093
A05,31,2026-01-31,8,21,0.38095238095238093
A05,32,2026-02-01,8,21,0.38095238095238093
A05,33,2026-02-02,8,21,0.38095238095238093
A05,34,2026-02-03,8,21,0.38095238095238093
A05,35,2026-02-04,8,21,0.38095238095238093
A05,36,2026-02-05,8,21,0.38095238095238093
A05,37,2026-02-06,8,21,0.38095238095238093
A05,38,2026-02-07,8,21,0.38095238095238093
A05,39,2026-02-08,8,21,0.38095238095238093
A05,40,2026-02-09,0,21,0.0
A05,41,2026-02-10,0,21,0.0
A05,42,2026-02-11,0,21,0.0
A05,43,2026-02-12,0,21,0.0
A05,44,2026-02-13,0,21,0.0
A05,45,2026-02-14,0,21,0.0
A05,46,2026-02-15,0,21,0.0
A05,47,2026-02-16,0,21,0.0
A05,48,2026-02-17,0,21,0.0
A05,49,2026-02-18,0,21,0.0
A05,50,2026-02-19,0,21,0.0
A05,51,2026-02-20,15,21,0.7142857142857143
A05,52,2026-02-21,0,21,0.0
A05,53,2026-02-22,0,21,0.0
A05,54,2026-02-23,0,21,0.0
A05,55,2026-02-24,0,21,0.0
A05,56,2026-02-25,16,21,0.7619047619047619
A05,57,2026-02-26,16,21,0.7619047619047619
A05,58,2026-02-27,11,21,0.5238095238095238
A05,59,2026-02-28,13,21,0.6190476190476191
A05,60,2026-03-01,13,21,0.6190476190476191
A05,61,2026-03-02,16,21,0.7619047619047619
A05,62,2026-03-03,16,21,0.7619047619047619
A05,63,2026-03-04,14,21,0.6666666666666666
A05,64,2026-03-05,14,21,0.6666666666666666
A05,65,2026-03-06,14,21,0.6666666666666666
A05,66,2026-03-07,14,21,0.6666666666666666
A05,67,2026-03-08,14,21,0.6666666666666666
A05,68,2026-03-09,14,21,0.6666666666666666
A05,69,2026-03-10,14,21,0.6666666666666666
A05,70,2026-03-11,14,21,0.6666666666666666
A05,71,2026-03-12,14,21,0.6666666666666666
A05,72,2026-03-13,14,21,0.6666666666666666
A05,73,2026-03-14,14,21,0.6666666666666666
A05,74,2026-03-15,14,21,0.6666666666666666
A05,75,2026-03-16,14,21,0.6666666666666666
A05,76,2026-03-17,9,21,0.42857142857142855
A05,77,2026-03-18,7,21,0.3333333333333333
A05,78,2026-03-19,7,21,0.3333333333333333
A05,79,2026-03-20,7,21,0.3333333333333333
A05,80,2026-03-21,7,21,0.3333333333333333
A05,81,2026-03-22,7,21,0.3333333333333333
A05,82,2026-03-23,7,21,0.3333333333333333
A05,83,2026-03-24,7,21,0.3333333333333333
A05,84,2026-03-25,7,21,0.3333333333333333
A05,85,2026-03-26,7,21,0.3333333333333333
A05,86,2026-03-27,7,21,0.3333333333333333
A05,87,2026-03-28,7,21,0.3333333333333333
A05,88,2026-03-29,7,21,0.3333333333333333
A05,89,2026-03-30,7,21,0.3333333333333333
A05,90,2026-03-31,5,21,0.23809523809523808
A05,91,2026-04-01,4,21,0.19047619047619047
A05,92,2026-04-02,4,21,0.19047619047619047
A05,93,2026-04-03,4,21,0.19047619047619047
A05,94,2026-04-04,4,21,0.19047619047619047
A05,95,2026-04-05,4,21,0.19047619047619047
A05,96,2026-04-06,4,21,0.19047619047619047
A05,97,2026-04-07,4,21,0.19047619047619047
A05,98,2026-04-08,4,21,0.19047619047619047
A05,99,2026-04-09,4,21,0.19047619047619047
A05,100,2026-04-10,4,21,0.19047619047619047
A05,101,2026-04-11,4,21,0.19047619047619047
A05,102,2026-04-12,4,21,0.19047619047619047
A05,103,2026-04-13,4,21,0.19047619047619047
A05,104,2026-04-14,4,21,0.19047619047619047
A05,105,2026-04-15,4,21,0.19047619047619047
A05,106,2026-04-16,0,21,0.0
A05,107,2026-04-17,0,21,0.0
A05,108,2026-04-18,5,21,0.23809523809523808
A05,109,2026-04-19,5,21,0.23809523809523808
A05,110,2026-04-20,7,21,0.3333333333333333
A05,111,2026-04-21,10,21,0.47619047619047616
A05,112,2026-04-22,10,21,0.47619047619047616
A05,113,2026-04-23,10,21,0.47619047619047616
A05,114,2026-04-24,10,21,0.47619047619047616
A05,115,2026-04-25,10,21,0.47619047619047616
A05,116,2026-04-26,10,21,0.47619047619047616
A05,117,2026-04-27,0,21,0.0
A05,118,2026-04-28,0,21,0.0
A05,119,2026-04-29,9,21,0.42857142857142855
A05,120,2026-04-30,0,21,0.0
A05,121,2026-05-01,0,21,0.0
A05,122,2026-05-02,0,21,0.0
A05,123,2026-05-03,0,21,0.0
A05,124,2026-05-04,11,21,0.5238095238095238
A05,125,2026-05-05,0,21,0.0
A05,126,2026-05-06,15,21,0.7142857142857143
A05,127,2026-05-07,15,21,0.7142857142857143
A05,128,2026-05-08,15,21,0.7142857142857143
A05,129,2026-05-09,0,21,0.0
A05,130,2026-05-10,0,21,0.0
A05,131,2026-05-11,0,21,0.0
A05,132,2026-05-12,0,21,0.0
A05,133,2026-05-13,0,21,0.0
A05,134,2026-05-14,20,21,0.9523809523809523
A05,135,2026-05-15,20,21,0.9523809523809523
A05,136,2026-05-16,20,21,0.9523809523809523
A05,137,2026-05-17,20,21,0.9523809523809523
A05,138,2026-05-18,18,21,0.8571428571428571
A05,139,2026-05-19,18,21,0.8571428571428571
A05,140,2026-05-20,18,21,0.8571428571428571
A05,141,2026-05-21,5,21,0.23809523809523808
A05,142,2026-05-22,5,21,0.23809523809523808
A05,143,2026-05-23,17,21,0.8095238095238095
A05,144,2026-05-24,17,21,0.8095238095238095
A05,145,2026-05-25,17,21,0.8095238095238095
A05,146,2026-05-26,17,21,0.8095238095238095
A05,147,2026-05-27,3,21,0.14285714285714285
A05,148,2026-05-28,2,21,0.09523809523809523
A05,149,2026-05-29,2,21,0.09523809523809523
A05,150,2026-05-30,0,21,0.0
A05,151,2026-05-31,0,21,0.0
A05,152,2026-06-01,5,21,0.23809523809523808
A05,153,2026-06-02,21,21,1.0
A05,154,2026-06-03,21,21,1.0
A05,155,2026-06-04,23,21,1.0952380952380953
A05,156,2026-06-05,2,21,0.09523809523809523
A05,157,2026-06-06,2,21,0.09523809523809523
A05,158,2026-06-07,2,21,0.09523809523809523
A05,159,2026-06-08,0,21,0.0
A05,160,2026-06-09,0,21,0.0
A05,161,2026-06-10,0,21,0.0
A05,162,2026-06-11,0,21,0.0
A05,163,2026-06-12,0,21,0.0
A05,164,2026-06-13,0,21,0.0
A05,165,2026-06-14,0,21,0.0
A06,5,2026-01-05,0,21,0.0
A06,6,2026-01-06,0,21,0.0
A06,7,2026-01-07,0,21,0.0
A06,8,2026-01-08,0,21,0.0
A06,9,2026-01-09,0,21,0.0
A06,10,2026-01-10,0,21,0.0
A06,11,2026-01-11,0,21,0.0
A06,12,2026-01-12,0,21,0.0
A06,13,2026-01-13,0,21,0.0
A06,14,2026-01-14,0,21,0.0
A06,15,2026-01-15,0,21,0.0
A06,16,2026-01-16,0,21,0.0
A06,17,2026-01-17,0,21,0.0
A06,18,2026-01-18,0,21,0.0
A06,19,2026-01-19,0,21,0.0
A06,20,2026-01-20,0,21,0.0
A06,21,2026-01-21,0,21,0.0
A06,22,2026-01-22,0,21,0.0
A06,23,2026-01-23,0,21,0.0
A06,24,2026-01-24,0,21,0.0
A06,25,2026-01-25,0,21,0.0
A06,26,2026-01-26,0,21,0.0
A06,27,2026-01-27,0,21,0.0
A06,28,2026-01-28,0,21,0.0
A06,29,2026-01-29,0,21,0.0
A06,30,2026-01-30,0,21,0.0
A06,31,2026-01-31,0,21,0.0
A06,32,2026-02-01,0,21,0.0
A06,33,2026-02-02,0,21,0.0
A06,34,2026-02-03,0,21,0.0
A06,35,2026-02-04,0,21,0.0
A06,36,2026-02-05,0,21,0.0
A06,37,2026-02-06,0,21,0.0
A06,38,2026-02-07,0,21,0.0
A06,39,2026-02-08,0,21,0.0
A06,40,2026-02-09,0,21,0.0
A06,41,2026-02-10,6,21,0.2857142857142857
A06,42,2026-02-11,4,21,0.19047619047619047
A06,43,2026-02-12,4,21,0.19047619047619047
A06,44,2026-02-13,4,21,0.19047619047619047
A06,45,2026-02-14,4,21,0.19047619047619047
A06,46,2026-02-15,4,21,0.19047619047619047
A06,47,2026-02-16,4,21,0.19047619047619047
A06,48,2026-02-17,4,21,0.19047619047619047
A06,49,2026-02-18,4,21,0.19047619047619047
A06,50,2026-02-19,4,21,0.19047619047619047
A06,51,2026-02-20,4,21,0.19047619047619047
A06,52,2026-02-21,2,21,0.09523809523809523
A06,53,2026-02-22,2,21,0.09523809523809523
A06,54,2026-02-23,2,21,0.09523809523809523
A06,55,2026-02-24,2,21,0.09523809523809523
A06,56,2026-02-25,9,21,0.42857142857142855
A06,57,2026-02-26,13,21,0.6190476190476191
A06,58,2026-02-27,13,21,0.6190476190476191
A06,59,2026-02-28,13,21,0.6190476190476191
A06,60,2026-03-01,13,21,0.6190476190476191
A06,61,2026-03-02,13,21,0.6190476190476191
A06,62,2026-03-03,13,21,0.6190476190476191
A06,63,2026-03-04,13,21,0.6190476190476191
A06,64,2026-03-05,13,21,0.6190476190476191
A06,65,2026-03-06,13,21,0.6190476190476191
A06,66,2026-03-07,13,21,0.6190476190476191
A06,67,2026-03-08,13,21,0.6190476190476191
A06,68,2026-03-09,13,21,0.6190476190476191
A06,69,2026-03-10,13,21,0.6190476190476191
A06,70,2026-03-11,13,21,0.6190476190476191
A06,71,2026-03-12,13,21,0.6190476190476191
A06,72,2026-03-13,13,21,0.6190476190476191
A06,73,2026-03-14,13,21,0.6190476190476191
A06,74,2026-03-15,13,21,0.6190476190476191
A06,75,2026-03-16,10,21,0.47619047619047616
A06,76,2026-03-17,10,21,0.47619047619047616
A06,77,2026-03-18,10,21,0.47619047619047616
A06,78,2026-03-19,10,21,0.47619047619047616
A06,79,2026-03-20,10,21,0.47619047619047616
A06,80,2026-03-21,10,21,0.47619047619047616
A06,81,2026-03-22,10,21,0.47619047619047616
A06,82,2026-03-23,10,21,0.47619047619047616
A06,83,2026-03-24,10,21,0.47619047619047616
A06,84,2026-03-25,10,21,0.47619047619047616
A06,85,2026-03-26,10,21,0.47619047619047616
A06,86,2026-03-27,10,21,0.47619047619047616
A06,87,2026-03-28,10,21,0.47619047619047616
A06,88,2026-03-29,10,21,0.47619047619047616
A06,89,2026-03-30,10,21,0.47619047619047616
A06,90,2026-03-31,10,21,0.47619047619047616
A06,91,2026-04-01,9,21,0.42857142857142855
A06,92,2026-04-02,9,21,0.42857142857142855
A06,93,2026-04-03,9,21,0.42857142857142855
A06,94,2026-04-04,1,21,0.047619047619047616
A06,95,2026-04-05,1,21,0.047619047619047616
A06,96,2026-04-06,3,21,0.14285714285714285
A06,97,2026-04-07,12,21,0.5714285714285714
A06,98,2026-04-08,12,21,0.5714285714285714
A06,99,2026-04-09,3,21,0.14285714285714285
A06,100,2026-04-10,3,21,0.14285714285714285
A06,101,2026-04-11,3,21,0.14285714285714285
A06,102,2026-04-12,3,21,0.14285714285714285
A06,103,2026-04-13,3,21,0.14285714285714285
A06,104,2026-04-14,3,21,0.14285714285714285
A06,105,2026-04-15,3,21,0.14285714285714285
A06,106,2026-04-16,3,21,0.14285714285714285
A06,107,2026-04-17,3,21,0.14285714285714285
A06,108,2026-04-18,4,21,0.19047619047619047
A06,109,2026-04-19,4,21,0.19047619047619047
A06,110,2026-04-20,4,21,0.19047619047619047
A06,111,2026-04-21,4,21,0.19047619047619047
A06,112,2026-04-22,5,21,0.23809523809523808
A06,113,2026-04-23,5,21,0.23809523809523808
A06,114,2026-04-24,6,21,0.2857142857142857
A06,115,2026-04-25,6,21,0.2857142857142857
A06,116,2026-04-26,6,21,0.2857142857142857
A06,117,2026-04-27,6,21,0.2857142857142857
A06,118,2026-04-28,6,21,0.2857142857142857
A06,119,2026-04-29,6,21,0.2857142857142857
A06,120,2026-04-30,6,21,0.2857142857142857
A06,121,2026-05-01,6,21,0.2857142857142857
A06,122,2026-05-02,6,21,0.2857142857142857
A06,123,2026-05-03,6,21,0.2857142857142857
A06,124,2026-05-04,6,21,0.2857142857142857
A06,125,2026-05-05,6,21,0.2857142857142857
A06,126,2026-05-06,6,21,0.2857142857142857
A06,127,2026-05-07,6,21,0.2857142857142857
A06,128,2026-05-08,10,21,0.47619047619047616
A06,129,2026-05-09,4,21,0.19047619047619047
A06,130,2026-05-10,4,21,0.19047619047619047
A06,131,2026-05-11,4,21,0.19047619047619047
A06,132,2026-05-12,12,21,0.5714285714285714
A06,133,2026-05-13,18,21,0.8571428571428571
A06,134,2026-05-14,17,21,0.8095238095238095
A06,135,2026-05-15,17,21,0.8095238095238095
A06,136,2026-05-16,17,21,0.8095238095238095
A06,137,2026-05-17,17,21,0.8095238095238095
A06,138,2026-05-18,17,21,0.8095238095238095
A06,139,2026-05-19,9,21,0.42857142857142855
A06,140,2026-05-20,9,21,0.42857142857142855
A06,141,2026-05-21,4,21,0.19047619047619047
A06,142,2026-05-22,9,21,0.42857142857142855
A06,143,2026-05-23,5,21,0.23809523809523808
A06,144,2026-05-24,5,21,0.23809523809523808
A06,145,2026-05-25,5,21,0.23809523809523808
A06,146,2026-05-26,5,21,0.23809523809523808
A06,147,2026-05-27,0,21,0.0
A06,148,2026-05-28,0,21,0.0
A06,149,2026-05-29,0,21,0.0
A06,150,2026-05-30,10,21,0.47619047619047616
A06,151,2026-05-31,10,21,0.47619047619047616
A06,152,2026-06-01,12,21,0.5714285714285714
A06,153,2026-06-02,12,21,0.5714285714285714
A06,154,2026-06-03,12,21,0.5714285714285714
A06,155,2026-06-04,12,21,0.5714285714285714
A06,156,2026-06-05,12,21,0.5714285714285714
A06,157,2026-06-06,12,21,0.5714285714285714
A06,158,2026-06-07,12,21,0.5714285714285714
A06,159,2026-06-08,0,21,0.0
A06,160,2026-06-09,0,21,0.0
A06,161,2026-06-10,0,21,0.0
A06,162,2026-06-11,0,21,0.0
A06,163,2026-06-12,0,21,0.0
A06,164,2026-06-13,0,21,0.0
A06,165,2026-06-14,0,21,0.0
A07,5,2026-01-05,0,21,0.0
A07,6,2026-01-06,0,21,0.0
A07,7,2026-01-07,0,21,0.0
A07,8,2026-01-08,0,21,0.0
A07,9,2026-01-09,0,21,0.0
A07,10,2026-01-10,0,21,0.0
A07,11,2026-01-11,0,21,0.0
A07,12,2026-01-12,0,21,0.0
A07,13,2026-01-13,0,21,0.0
A07,14,2026-01-14,0,21,0.0
A07,15,2026-01-15,0,21,0.0
A07,16,2026-01-16,0,21,0.0
A07,17,2026-01-17,0,21,0.0
A07,18,2026-01-18,0,21,0.0
A07,19,2026-01-19,0,21,0.0
A07,20,2026-01-20,0,21,0.0
A07,21,2026-01-21,0,21,0.0
A07,22,2026-01-22,12,21,0.5714285714285714
A07,23,2026-01-23,12,21,0.5714285714285714
A07,24,2026-01-24,12,21,0.5714285714285714
A07,25,2026-01-25,12,21,0.5714285714285714
A07,26,2026-01-26,12,21,0.5714285714285714
A07,27,2026-01-27,12,21,0.5714285714285714
A07,28,2026-01-28,12,21,0.5714285714285714
A07,29,2026-01-29,12,21,0.5714285714285714
A07,30,2026-01-30,12,21,0.5714285714285714
A07,31,2026-01-31,12,21,0.5714285714285714
A07,32,2026-02-01,12,21,0.5714285714285714
A07,33,2026-02-02,7,21,0.3333333333333333
A07,34,2026-02-03,8,21,0.38095238095238093
A07,35,2026-02-04,15,21,0.7142857142857143
A07,36,2026-02-05,20,21,0.9523809523809523
A07,37,2026-02-06,20,21,0.9523809523809523
A07,38,2026-02-07,20,21,0.9523809523809523
A07,39,2026-02-08,20,21,0.9523809523809523
A07,40,2026-02-09,20,21,0.9523809523809523
A07,41,2026-02-10,20,21,0.9523809523809523
A07,42,2026-02-11,2,21,0.09523809523809523
A07,43,2026-02-12,2,21,0.09523809523809523
A07,44,2026-02-13,2,21,0.09523809523809523
A07,45,2026-02-14,2,21,0.09523809523809523
A07,46,2026-02-15,2,21,0.09523809523809523
A07,47,2026-02-16,2,21,0.09523809523809523
A07,48,2026-02-17,2,21,0.09523809523809523
A07,49,2026-02-18,2,21,0.09523809523809523
A07,50,2026-02-19,2,21,0.09523809523809523
A07,51,2026-02-20,2,21,0.09523809523809523
A07,52,2026-02-21,2,21,0.09523809523809523
A07,53,2026-02-22,2,21,0.09523809523809523
A07,54,2026-02-23,2,21,0.09523809523809523
A07,55,2026-02-24,2,21,0.09523809523809523
A07,56,2026-02-25,2,21,0.09523809523809523
A07,57,2026-02-26,2,21,0.09523809523809523
A07,58,2026-02-27,0,21,0.0
A07,59,2026-02-28,0,21,0.0
A07,60,2026-03-01,0,21,0.0
A07,61,2026-03-02,0,21,0.0
A07,62,2026-03-03,0,21,0.0
A07,63,2026-03-04,0,21,0.0
A07,64,2026-03-05,0,21,0.0
A07,65,2026-03-06,10,21,0.47619047619047616
A07,66,2026-03-07,10,21,0.47619047619047616
A07,67,2026-03-08,10,21,0.47619047619047616
A07,68,2026-03-09,25,21,1.1904761904761905
A07,69,2026-03-10,31,21,1.4761904761904763
A07,70,2026-03-11,31,21,1.4761904761904763
A07,71,2026-03-12,26,21,1.2380952380952381
A07,72,2026-03-13,26,21,1.2380952380952381
A07,73,2026-03-14,26,21,1.2380952380952381
A07,74,2026-03-15,26,21,1.2380952380952381
A07,75,2026-03-16,26,21,1.2380952380952381
A07,76,2026-03-17,24,21,1.1428571428571428
A07,77,2026-03-18,24,21,1.1428571428571428
A07,78,2026-03-19,12,21,0.5714285714285714
A07,79,2026-03-20,5,21,0.23809523809523808
A07,80,2026-03-21,5,21,0.23809523809523808
A07,81,2026-03-22,5,21,0.23809523809523808
A07,82,2026-03-23,5,21,0.23809523809523808
A07,83,2026-03-24,14,21,0.6666666666666666
A07,84,2026-03-25,18,21,0.8571428571428571
A07,85,2026-03-26,18,21,0.8571428571428571
A07,86,2026-03-27,18,21,0.8571428571428571
A07,87,2026-03-28,7,21,0.3333333333333333
A07,88,2026-03-29,7,21,0.3333333333333333
A07,89,2026-03-30,5,21,0.23809523809523808
A07,90,2026-03-31,5,21,0.23809523809523808
A07,91,2026-04-01,5,21,0.23809523809523808
A07,92,2026-04-02,5,21,0.23809523809523808
A07,93,2026-04-03,2,21,0.09523809523809523
A07,94,2026-04-04,5,21,0.23809523809523808
A07,95,2026-04-05,5,21,0.23809523809523808
A07,96,2026-04-06,5,21,0.23809523809523808
A07,97,2026-04-07,5,21,0.23809523809523808
A07,98,2026-04-08,5,21,0.23809523809523808
A07,99,2026-04-09,5,21,0.23809523809523808
A07,100,2026-04-10,5,21,0.23809523809523808
A07,101,2026-04-11,5,21,0.23809523809523808
A07,102,2026-04-12,5,21,0.23809523809523808
A07,103,2026-04-13,3,21,0.14285714285714285
A07,104,2026-04-14,3,21,0.14285714285714285
A07,105,2026-04-15,3,21,0.14285714285714285
A07,106,2026-04-16,3,21,0.14285714285714285
A07,107,2026-04-17,3,21,0.14285714285714285
A07,108,2026-04-18,0,21,0.0
A07,109,2026-04-19,0,21,0.0
A07,110,2026-04-20,0,21,0.0
A07,111,2026-04-21,0,21,0.0
A07,112,2026-04-22,0,21,0.0
A07,113,2026-04-23,4,21,0.19047619047619047
A07,114,2026-04-24,0,21,0.0
A07,115,2026-04-25,0,21,0.0
A07,116,2026-04-26,0,21,0.0
A07,117,2026-04-27,12,21,0.5714285714285714
A07,118,2026-04-28,0,21,0.0
A07,119,2026-04-29,0,21,0.0
A07,120,2026-04-30,0,21,0.0
A07,121,2026-05-01,0,21,0.0
A07,122,2026-05-02,4,21,0.19047619047619047
A07,123,2026-05-03,4,21,0.19047619047619047
A07,124,2026-05-04,21,21,1.0
A07,125,2026-05-05,21,21,1.0
A07,126,2026-05-06,21,21,1.0
A07,127,2026-05-07,0,21,0.0
A07,128,2026-05-08,8,21,0.38095238095238093
A07,129,2026-05-09,0,21,0.0
A07,130,2026-05-10,0,21,0.0
A07,131,2026-05-11,0,21,0.0
A07,132,2026-05-12,4,21,0.19047619047619047
A07,133,2026-05-13,13,21,0.6190476190476191
A07,134,2026-05-14,12,21,0.5714285714285714
A07,135,2026-05-15,12,21,0.5714285714285714
A07,136,2026-05-16,7,21,0.3333333333333333
A07,137,2026-05-17,7,21,0.3333333333333333
A07,138,2026-05-18,7,21,0.3333333333333333
A07,139,2026-05-19,7,21,0.3333333333333333
A07,140,2026-05-20,7,21,0.3333333333333333
A07,141,2026-05-21,7,21,0.3333333333333333
A07,142,2026-05-22,5,21,0.23809523809523808
A07,143,2026-05-23,5,21,0.23809523809523808
A07,144,2026-05-24,5,21,0.23809523809523808
A07,145,2026-05-25,5,21,0.23809523809523808
A07,146,2026-05-26,5,21,0.23809523809523808
A07,147,2026-05-27,3,21,0.14285714285714285
A07,148,2026-05-28,3,21,0.14285714285714285
A07,149,2026-05-29,3,21,0.14285714285714285
A07,150,2026-05-30,3,21,0.14285714285714285
A07,151,2026-05-31,3,21,0.14285714285714285
A07,152,2026-06-01,3,21,0.14285714285714285
A07,153,2026-06-02,0,21,0.0
A07,154,2026-06-03,0,21,0.0
A07,155,2026-06-04,0,21,0.0
A07,156,2026-06-05,0,21,0.0
A07,157,2026-06-06,0,21,0.0
A07,158,2026-06-07,0,21,0.0
A07,159,2026-06-08,0,21,0.0
A07,160,2026-06-09,0,21,0.0
A07,161,2026-06-10,0,21,0.0
A07,162,2026-06-11,0,21,0.0
A07,163,2026-06-12,0,21,0.0
A07,164,2026-06-13,0,21,0.0
A07,165,2026-06-14,0,21,0.0
A08,5,2026-01-05,0,21,0.0
A08,6,2026-01-06,0,21,0.0
A08,7,2026-01-07,0,21,0.0
A08,8,2026-01-08,0,21,0.0
A08,9,2026-01-09,0,21,0.0
A08,10,2026-01-10,0,21,0.0
A08,11,2026-01-11,0,21,0.0
A08,12,2026-01-12,0,21,0.0
A08,13,2026-01-13,0,21,0.0
A08,14,2026-01-14,0,21,0.0
A08,15,2026-01-15,0,21,0.0
A08,16,2026-01-16,7,21,0.3333333333333333
A08,17,2026-01-17,7,21,0.3333333333333333
A08,18,2026-01-18,7,21,0.3333333333333333
A08,19,2026-01-19,7,21,0.3333333333333333
A08,20,2026-01-20,7,21,0.3333333333333333
A08,21,2026-01-21,7,21,0.3333333333333333
A08,22,2026-01-22,7,21,0.3333333333333333
A08,23,2026-01-23,7,21,0.3333333333333333
A08,24,2026-01-24,7,21,0.3333333333333333
A08,25,2026-01-25,7,21,0.3333333333333333
A08,26,2026-01-26,7,21,0.3333333333333333
A08,27,2026-01-27,7,21,0.3333333333333333
A08,28,2026-01-28,7,21,0.3333333333333333
A08,29,2026-01-29,9,21,0.42857142857142855
A08,30,2026-01-30,9,21,0.42857142857142855
A08,31,2026-01-31,16,21,0.7619047619047619
A08,32,2026-02-01,16,21,0.7619047619047619
A08,33,2026-02-02,21,21,1.0
A08,34,2026-02-03,21,21,1.0
A08,35,2026-02-04,8,21,0.38095238095238093
A08,36,2026-02-05,18,21,0.8571428571428571
A08,37,2026-02-06,18,21,0.8571428571428571
A08,38,2026-02-07,18,21,0.8571428571428571
A08,39,2026-02-08,18,21,0.8571428571428571
A08,40,2026-02-09,18,21,0.8571428571428571
A08,41,2026-02-10,18,21,0.8571428571428571
A08,42,2026-02-11,18,21,0.8571428571428571
A08,43,2026-02-12,18,21,0.8571428571428571
A08,44,2026-02-13,18,21,0.8571428571428571
A08,45,2026-02-14,18,21,0.8571428571428571
A08,46,2026-02-15,18,21,0.8571428571428571
A08,47,2026-02-16,18,21,0.8571428571428571
A08,48,2026-02-17,18,21,0.8571428571428571
A08,49,2026-02-18,18,21,0.8571428571428571
A08,50,2026-02-19,18,21,0.8571428571428571
A08,51,2026-02-20,18,21,0.8571428571428571
A08,52,2026-02-21,18,21,0.8571428571428571
A08,53,2026-02-22,18,21,0.8571428571428571
A08,54,2026-02-23,18,21,0.8571428571428571
A08,55,2026-02-24,18,21,0.8571428571428571
A08,56,2026-02-25,18,21,0.8571428571428571
A08,57,2026-02-26,18,21,0.8571428571428571
A08,58,2026-02-27,18,21,0.8571428571428571
A08,59,2026-02-28,4,21,0.19047619047619047
A08,60,2026-03-01,4,21,0.19047619047619047
A08,61,2026-03-02,3,21,0.14285714285714285
A08,62,2026-03-03,5,21,0.23809523809523808
A08,63,2026-03-04,5,21,0.23809523809523808
A08,64,2026-03-05,9,21,0.42857142857142855
A08,65,2026-03-06,22,21,1.0476190476190477
A08,66,2026-03-07,22,21,1.0476190476190477
A08,67,2026-03-08,22,21,1.0476190476190477
A08,68,2026-03-09,17,21,0.8095238095238095
A08,69,2026-03-10,17,21,0.8095238095238095
A08,70,2026-03-11,17,21,0.8095238095238095
A08,71,2026-03-12,17,21,0.8095238095238095
A08,72,2026-03-13,17,21,0.8095238095238095
A08,73,2026-03-14,17,21,0.8095238095238095
A08,74,2026-03-15,17,21,0.8095238095238095
A08,75,2026-03-16,17,21,0.8095238095238095
A08,76,2026-03-17,13,21,0.6190476190476191
A08,77,2026-03-18,15,21,0.7142857142857143
A08,78,2026-03-19,15,21,0.7142857142857143
A08,79,2026-03-20,15,21,0.7142857142857143
A08,80,2026-03-21,15,21,0.7142857142857143
A08,81,2026-03-22,15,21,0.7142857142857143
A08,82,2026-03-23,2,21,0.09523809523809523
A08,83,2026-03-24,2,21,0.09523809523809523
A08,84,2026-03-25,2,21,0.09523809523809523
A08,85,2026-03-26,2,21,0.09523809523809523
A08,86,2026-03-27,4,21,0.19047619047619047
A08,87,2026-03-28,2,21,0.09523809523809523
A08,88,2026-03-29,2,21,0.09523809523809523
A08,89,2026-03-30,19,21,0.9047619047619048
A08,90,2026-03-31,19,21,0.9047619047619048
A08,91,2026-04-01,20,21,0.9523809523809523
A08,92,2026-04-02,20,21,0.9523809523809523
A08,93,2026-04-03,20,21,0.9523809523809523
A08,94,2026-04-04,19,21,0.9047619047619048
A08,95,2026-04-05,19,21,0.9047619047619048
A08,96,2026-04-06,19,21,0.9047619047619048
A08,97,2026-04-07,19,21,0.9047619047619048
A08,98,2026-04-08,19,21,0.9047619047619048
A08,99,2026-04-09,4,21,0.19047619047619047
A08,100,2026-04-10,4,21,0.19047619047619047
A08,101,2026-04-11,15,21,0.7142857142857143
A08,102,2026-04-12,15,21,0.7142857142857143
A08,103,2026-04-13,30,21,1.4285714285714286
A08,104,2026-04-14,17,21,0.8095238095238095
A08,105,2026-04-15,17,21,0.8095238095238095
A08,106,2026-04-16,17,21,0.8095238095238095
A08,107,2026-04-17,17,21,0.8095238095238095
A08,108,2026-04-18,17,21,0.8095238095238095
A08,109,2026-04-19,17,21,0.8095238095238095
A08,110,2026-04-20,17,21,0.8095238095238095
A08,111,2026-04-21,11,21,0.5238095238095238
A08,112,2026-04-22,0,21,0.0
A08,113,2026-04-23,0,21,0.0
A08,114,2026-04-24,0,21,0.0
A08,115,2026-04-25,0,21,0.0
A08,116,2026-04-26,0,21,0.0
A08,117,2026-04-27,0,21,0.0
A08,118,2026-04-28,0,21,0.0
A08,119,2026-04-29,0,21,0.0
A08,120,2026-04-30,0,21,0.0
A08,121,2026-05-01,0,21,0.0
A08,122,2026-05-02,0,21,0.0
A08,123,2026-05-03,0,21,0.0
A08,124,2026-05-04,0,21,0.0
A08,125,2026-05-05,0,21,0.0
A08,126,2026-05-06,0,21,0.0
A08,127,2026-05-07,0,21,0.0
A08,128,2026-05-08,0,21,0.0
A08,129,2026-05-09,0,21,0.0
A08,130,2026-05-10,0,21,0.0
A08,131,2026-05-11,10,21,0.47619047619047616
A08,132,2026-05-12,24,21,1.1428571428571428
A08,133,2026-05-13,24,21,1.1428571428571428
A08,134,2026-05-14,19,21,0.9047619047619048
A08,135,2026-05-15,19,21,0.9047619047619048
A08,136,2026-05-16,18,21,0.8571428571428571
A08,137,2026-05-17,18,21,0.8571428571428571
A08,138,2026-05-18,18,21,0.8571428571428571
A08,139,2026-05-19,18,21,0.8571428571428571
A08,140,2026-05-20,18,21,0.8571428571428571
A08,141,2026-05-21,18,21,0.8571428571428571
A08,142,2026-05-22,18,21,0.8571428571428571
A08,143,2026-05-23,18,21,0.8571428571428571
A08,144,2026-05-24,18,21,0.8571428571428571
A08,145,2026-05-25,18,21,0.8571428571428571
A08,146,2026-05-26,8,21,0.38095238095238093
A08,147,2026-05-27,10,21,0.47619047619047616
A08,148,2026-05-28,16,21,0.7619047619047619
A08,149,2026-05-29,16,21,0.7619047619047619
A08,150,2026-05-30,16,21,0.7619047619047619
A08,151,2026-05-31,16,21,0.7619047619047619
A08,152,2026-06-01,16,21,0.7619047619047619
A08,153,2026-06-02,16,21,0.7619047619047619
A08,154,2026-06-03,16,21,0.7619047619047619
A08,155,2026-06-04,16,21,0.7619047619047619
A08,156,2026-06-05,16,21,0.7619047619047619
A08,157,2026-06-06,12,21,0.5714285714285714
A08,158,2026-06-07,12,21,0.5714285714285714
A08,159,2026-06-08,16,21,0.7619047619047619
A08,160,2026-06-09,12,21,0.5714285714285714
A08,161,2026-06-10,6,21,0.2857142857142857
A08,162,2026-06-11,2,21,0.09523809523809523
A08,163,2026-06-12,2,21,0.09523809523809523
A08,164,2026-06-13,2,21,0.09523809523809523
A08,165,2026-06-14,2,21,0.09523809523809523
A09,5,2026-01-05,0,21,0.0
A09,6,2026-01-06,0,21,0.0
A09,7,2026-01-07,0,21,0.0
A09,8,2026-01-08,0,21,0.0
A09,9,2026-01-09,0,21,0.0
A09,10,2026-01-10,0,21,0.0
A09,11,2026-01-11,0,21,0.0
A09,12,2026-01-12,0,21,0.0
A09,13,2026-01-13,0,21,0.0
A09,14,2026-01-14,0,21,0.0
A09,15,2026-01-15,0,21,0.0
A09,16,2026-01-16,0,21,0.0
A09,17,2026-01-17,0,21,0.0
A09,18,2026-01-18,0,21,0.0
A09,19,2026-01-19,0,21,0.0
A09,20,2026-01-20,0,21,0.0
A09,21,2026-01-21,0,21,0.0
A09,22,2026-01-22,0,21,0.0
A09,23,2026-01-23,0,21,0.0
A09,24,2026-01-24,0,21,0.0
A09,25,2026-01-25,0,21,0.0
A09,26,2026-01-26,0,21,0.0
A09,27,2026-01-27,0,21,0.0
A09,28,2026-01-28,0,21,0.0
A09,29,2026-01-29,0,21,0.0
A09,30,2026-01-30,0,21,0.0
A09,31,2026-01-31,0,21,0.0
A09,32,2026-02-01,0,21,0.0
A09,33,2026-02-02,0,21,0.0
A09,34,2026-02-03,0,21,0.0
A09,35,2026-02-04,0,21,0.0
A09,36,2026-02-05,0,21,0.0
A09,37,2026-02-06,0,21,0.0
A09,38,2026-02-07,0,21,0.0
A09,39,2026-02-08,0,21,0.0
A09,40,2026-02-09,0,21,0.0
A09,41,2026-02-10,0,21,0.0
A09,42,2026-02-11,0,21,0.0
A09,43,2026-02-12,0,21,0.0
A09,44,2026-02-13,0,21,0.0
A09,45,2026-02-14,0,21,0.0
A09,46,2026-02-15,0,21,0.0
A09,47,2026-02-16,0,21,0.0
A09,48,2026-02-17,0,21,0.0
A09,49,2026-02-18,0,21,0.0
A09,50,2026-02-19,0,21,0.0
A09,51,2026-02-20,0,21,0.0
A09,52,2026-02-21,0,21,0.0
A09,53,2026-02-22,0,21,0.0
A09,54,2026-02-23,0,21,0.0
A09,55,2026-02-24,0,21,0.0
A09,56,2026-02-25,0,21,0.0
A09,57,2026-02-26,0,21,0.0
A09,58,2026-02-27,0,21,0.0
A09,59,2026-02-28,0,21,0.0
A09,60,2026-03-01,0,21,0.0
A09,61,2026-03-02,0,21,0.0
A09,62,2026-03-03,0,21,0.0
A09,63,2026-03-04,0,21,0.0
A09,64,2026-03-05,0,21,0.0
A09,65,2026-03-06,0,21,0.0
A09,66,2026-03-07,0,21,0.0
A09,67,2026-03-08,0,21,0.0
A09,68,2026-03-09,0,21,0.0
A09,69,2026-03-10,0,21,0.0
A09,70,2026-03-11,0,21,0.0
A09,71,2026-03-12,0,21,0.0
A09,72,2026-03-13,0,21,0.0
A09,73,2026-03-14,0,21,0.0
A09,74,2026-03-15,0,21,0.0
A09,75,2026-03-16,0,21,0.0
A09,76,2026-03-17,0,21,0.0
A09,77,2026-03-18,0,21,0.0
A09,78,2026-03-19,0,21,0.0
A09,79,2026-03-20,0,21,0.0
A09,80,2026-03-21,0,21,0.0
A09,81,2026-03-22,0,21,0.0
A09,82,2026-03-23,0,21,0.0
A09,83,2026-03-24,0,21,0.0
A09,84,2026-03-25,0,21,0.0
A09,85,2026-03-26,0,21,0.0
A09,86,2026-03-27,0,21,0.0
A09,87,2026-03-28,0,21,0.0
A09,88,2026-03-29,0,21,0.0
A09,89,2026-03-30,0,21,0.0
A09,90,2026-03-31,0,21,0.0
A09,91,2026-04-01,0,21,0.0
A09,92,2026-04-02,0,21,0.0
A09,93,2026-04-03,0,21,0.0
A09,94,2026-04-04,0,21,0.0
A09,95,2026-04-05,0,21,0.0
A09,96,2026-04-06,0,21,0.0
A09,97,2026-04-07,0,21,0.0
A09,98,2026-04-08,0,21,0.0
A09,99,2026-04-09,0,21,0.0
A09,100,2026-04-10,0,21,0.0
A09,101,2026-04-11,0,21,0.0
A09,102,2026-04-12,0,21,0.0
A09,103,2026-04-13,0,21,0.0
A09,104,2026-04-14,0,21,0.0
A09,105,2026-04-15,0,21,0.0
A09,106,2026-04-16,0,21,0.0
A09,107,2026-04-17,0,21,0.0
A09,108,2026-04-18,0,21,0.0
A09,109,2026-04-19,0,21,0.0
A09,110,2026-04-20,0,21,0.0
A09,111,2026-04-21,0,21,0.0
A09,112,2026-04-22,0,21,0.0
A09,113,2026-04-23,0,21,0.0
A09,114,2026-04-24,0,21,0.0
A09,115,2026-04-25,0,21,0.0
A09,116,2026-04-26,0,21,0.0
A09,117,2026-04-27,0,21,0.0
A09,118,2026-04-28,0,21,0.0
A09,119,2026-04-29,0,21,0.0
A09,120,2026-04-30,0,21,0.0
A09,121,2026-05-01,0,21,0.0
A09,122,2026-05-02,0,21,0.0
A09,123,2026-05-03,0,21,0.0
A09,124,2026-05-04,0,21,0.0
A09,125,2026-05-05,0,21,0.0
A09,126,2026-05-06,0,21,0.0
A09,127,2026-05-07,0,21,0.0
A09,128,2026-05-08,0,21,0.0
A09,129,2026-05-09,0,21,0.0
A09,130,2026-05-10,0,21,0.0
A09,131,2026-05-11,0,21,0.0
A09,132,2026-05-12,0,21,0.0
A09,133,2026-05-13,0,21,0.0
A09,134,2026-05-14,0,21,0.0
A09,135,2026-05-15,0,21,0.0
A09,136,2026-05-16,0,21,0.0
A09,137,2026-05-17,0,21,0.0
A09,138,2026-05-18,0,21,0.0
A09,139,2026-05-19,0,21,0.0
A09,140,2026-05-20,0,21,0.0
A09,141,2026-05-21,0,21,0.0
A09,142,2026-05-22,0,21,0.0
A09,143,2026-05-23,0,21,0.0
A09,144,2026-05-24,0,21,0.0
A09,145,2026-05-25,0,21,0.0
A09,146,2026-05-26,0,21,0.0
A09,147,2026-05-27,0,21,0.0
A09,148,2026-05-28,0,21,0.0
A09,149,2026-05-29,0,21,0.0
A09,150,2026-05-30,0,21,0.0
A09,151,2026-05-31,0,21,0.0
A09,152,2026-06-01,0,21,0.0
A09,153,2026-06-02,0,21,0.0
A09,154,2026-06-03,0,21,0.0
A09,155,2026-06-04,0,21,0.0
A09,156,2026-06-05,0,21,0.0
A09,157,2026-06-06,0,21,0.0
A09,158,2026-06-07,0,21,0.0
A09,159,2026-06-08,0,21,0.0
A09,160,2026-06-09,0,21,0.0
A09,161,2026-06-10,0,21,0.0
A09,162,2026-06-11,0,21,0.0
A09,163,2026-06-12,0,21,0.0
A09,164,2026-06-13,0,21,0.0
A09,165,2026-06-14,0,21,0.0
A10,5,2026-01-05,0,21,0.0
A10,6,2026-01-06,0,21,0.0
A10,7,2026-01-07,0,21,0.0
A10,8,2026-01-08,0,21,0.0
A10,9,2026-01-09,0,21,0.0
A10,10,2026-01-10,0,21,0.0
A10,11,2026-01-11,0,21,0.0
A10,12,2026-01-12,0,21,0.0
A10,13,2026-01-13,0,21,0.0
A10,14,2026-01-14,0,21,0.0
A10,15,2026-01-15,0,21,0.0
A10,16,2026-01-16,0,21,0.0
A10,17,2026-01-17,0,21,0.0
A10,18,2026-01-18,0,21,0.0
A10,19,2026-01-19,0,21,0.0
A10,20,2026-01-20,0,21,0.0
A10,21,2026-01-21,0,21,0.0
A10,22,2026-01-22,0,21,0.0
A10,23,2026-01-23,0,21,0.0
A10,24,2026-01-24,0,21,0.0
A10,25,2026-01-25,0,21,0.0
A10,26,2026-01-26,0,21,0.0
A10,27,2026-01-27,0,21,0.0
A10,28,2026-01-28,0,21,0.0
A10,29,2026-01-29,0,21,0.0
A10,30,2026-01-30,0,21,0.0
A10,31,2026-01-31,0,21,0.0
A10,32,2026-02-01,0,21,0.0
A10,33,2026-02-02,0,21,0.0
A10,34,2026-02-03,0,21,0.0
A10,35,2026-02-04,0,21,0.0
A10,36,2026-02-05,0,21,0.0
A10,37,2026-02-06,0,21,0.0
A10,38,2026-02-07,0,21,0.0
A10,39,2026-02-08,0,21,0.0
A10,40,2026-02-09,0,21,0.0
A10,41,2026-02-10,0,21,0.0
A10,42,2026-02-11,0,21,0.0
A10,43,2026-02-12,0,21,0.0
A10,44,2026-02-13,0,21,0.0
A10,45,2026-02-14,0,21,0.0
A10,46,2026-02-15,0,21,0.0
A10,47,2026-02-16,0,21,0.0
A10,48,2026-02-17,0,21,0.0
A10,49,2026-02-18,0,21,0.0
A10,50,2026-02-19,0,21,0.0
A10,51,2026-02-20,0,21,0.0
A10,52,2026-02-21,0,21,0.0
A10,53,2026-02-22,0,21,0.0
A10,54,2026-02-23,0,21,0.0
A10,55,2026-02-24,0,21,0.0
A10,56,2026-02-25,0,21,0.0
A10,57,2026-02-26,0,21,0.0
A10,58,2026-02-27,0,21,0.0
A10,59,2026-02-28,0,21,0.0
A10,60,2026-03-01,0,21,0.0
A10,61,2026-03-02,0,21,0.0
A10,62,2026-03-03,0,21,0.0
A10,63,2026-03-04,0,21,0.0
A10,64,2026-03-05,0,21,0.0
A10,65,2026-03-06,0,21,0.0
A10,66,2026-03-07,0,21,0.0
A10,67,2026-03-08,0,21,0.0
A10,68,2026-03-09,0,21,0.0
A10,69,2026-03-10,0,21,0.0
A10,70,2026-03-11,0,21,0.0
A10,71,2026-03-12,0,21,0.0
A10,72,2026-03-13,0,21,0.0
A10,73,2026-03-14,0,21,0.0
A10,74,2026-03-15,0,21,0.0
A10,75,2026-03-16,0,21,0.0
A10,76,2026-03-17,0,21,0.0
A10,77,2026-03-18,0,21,0.0
A10,78,2026-03-19,0,21,0.0
A10,79,2026-03-20,0,21,0.0
A10,80,2026-03-21,0,21,0.0
A10,81,2026-03-22,0,21,0.0
A10,82,2026-03-23,0,21,0.0
A10,83,2026-03-24,0,21,0.0
A10,84,2026-03-25,0,21,0.0
A10,85,2026-03-26,0,21,0.0
A10,86,2026-03-27,0,21,0.0
A10,87,2026-03-28,0,21,0.0
A10,88,2026-03-29,0,21,0.0
A10,89,2026-03-30,0,21,0.0
A10,90,2026-03-31,0,21,0.0
A10,91,2026-04-01,0,21,0.0
A10,92,2026-04-02,0,21,0.0
A10,93,2026-04-03,0,21,0.0
A10,94,2026-04-04,0,21,0.0
A10,95,2026-04-05,0,21,0.0
A10,96,2026-04-06,0,21,0.0
A10,97,2026-04-07,0,21,0.0
A10,98,2026-04-08,0,21,0.0
A10,99,2026-04-09,0,21,0.0
A10,100,2026-04-10,0,21,0.0
A10,101,2026-04-11,0,21,0.0
A10,102,2026-04-12,0,21,0.0
A10,103,2026-04-13,0,21,0.0
A10,104,2026-04-14,0,21,0.0
A10,105,2026-04-15,0,21,0.0
A10,106,2026-04-16,0,21,0.0
A10,107,2026-04-17,0,21,0.0
A10,108,2026-04-18,0,21,0.0
A10,109,2026-04-19,0,21,0.0
A10,110,2026-04-20,0,21,0.0
A10,111,2026-04-21,0,21,0.0
A10,112,2026-04-22,0,21,0.0
A10,113,2026-04-23,0,21,0.0
A10,114,2026-04-24,0,21,0.0
A10,115,2026-04-25,0,21,0.0
A10,116,2026-04-26,0,21,0.0
A10,117,2026-04-27,0,21,0.0
A10,118,2026-04-28,0,21,0.0
A10,119,2026-04-29,0,21,0.0
A10,120,2026-04-30,0,21,0.0
A10,121,2026-05-01,0,21,0.0
A10,122,2026-05-02,0,21,0.0
A10,123,2026-05-03,0,21,0.0
A10,124,2026-05-04,0,21,0.0
A10,125,2026-05-05,0,21,0.0
A10,126,2026-05-06,0,21,0.0
A10,127,2026-05-07,0,21,0.0
A10,128,2026-05-08,0,21,0.0
A10,129,2026-05-09,0,21,0.0
A10,130,2026-05-10,0,21,0.0
A10,131,2026-05-11,0,21,0.0
A10,132,2026-05-12,0,21,0.0
A10,133,2026-05-13,0,21,0.0
A10,134,2026-05-14,0,21,0.0
A10,135,2026-05-15,0,21,0.0
A10,136,2026-05-16,0,21,0.0
A10,137,2026-05-17,0,21,0.0
A10,138,2026-05-18,0,21,0.0
A10,139,2026-05-19,0,21,0.0
A10,140,2026-05-20,0,21,0.0
A10,141,2026-05-21,0,21,0.0
A10,142,2026-05-22,0,21,0.0
A10,143,2026-05-23,0,21,0.0
A10,144,2026-05-24,0,21,0.0
A10,145,2026-05-25,0,21,0.0
A10,146,2026-05-26,0,21,0.0
A10,147,2026-05-27,0,21,0.0
A10,148,2026-05-28,0,21,0.0
A10,149,2026-05-29,0,21,0.0
A10,150,2026-05-30,0,21,0.0
A10,151,2026-05-31,0,21,0.0
A10,152,2026-06-01,0,21,0.0
A10,153,2026-06-02,0,21,0.0
A10,154,2026-06-03,0,21,0.0
A10,155,2026-06-04,0,21,0.0
A10,156,2026-06-05,0,21,0.0
A10,157,2026-06-06,0,21,0.0
A10,158,2026-06-07,0,21,0.0
A10,159,2026-06-08,0,21,0.0
A10,160,2026-06-09,0,21,0.0
A10,161,2026-06-10,0,21,0.0
A10,162,2026-06-11,0,21,0.0
A10,163,2026-06-12,0,21,0.0
A10,164,2026-06-13,0,21,0.0
A10,165,2026-06-14,0,21,0.0
B01,5,2026-01-05,0,21,0.0
B01,6,2026-01-06,0,21,0.0
B01,7,2026-01-07,0,21,0.0
B01,8,2026-01-08,0,21,0.0
B01,9,2026-01-09,0,21,0.0
B01,10,2026-01-10,0,21,0.0
B01,11,2026-01-11,0,21,0.0
B01,12,2026-01-12,0,21,0.0
B01,13,2026-01-13,0,21,0.0
B01,14,2026-01-14,0,21,0.0
B01,15,2026-01-15,0,21,0.0
B01,16,2026-01-16,0,21,0.0
B01,17,2026-01-17,0,21,0.0
B01,18,2026-01-18,0,21,0.0
B01,19,2026-01-19,0,21,0.0
B01,20,2026-01-20,0,21,0.0
B01,21,2026-01-21,0,21,0.0
B01,22,2026-01-22,0,21,0.0
B01,23,2026-01-23,0,21,0.0
B01,24,2026-01-24,0,21,0.0
B01,25,2026-01-25,0,21,0.0
B01,26,2026-01-26,0,21,0.0
B01,27,2026-01-27,0,21,0.0
B01,28,2026-01-28,0,21,0.0
B01,29,2026-01-29,0,21,0.0
B01,30,2026-01-30,0,21,0.0
B01,31,2026-01-31,0,21,0.0
B01,32,2026-02-01,0,21,0.0
B01,33,2026-02-02,0,21,0.0
B01,34,2026-02-03,0,21,0.0
B01,35,2026-02-04,0,21,0.0
B01,36,2026-02-05,0,21,0.0
B01,37,2026-02-06,0,21,0.0
B01,38,2026-02-07,0,21,0.0
B01,39,2026-02-08,0,21,0.0
B01,40,2026-02-09,0,21,0.0
B01,41,2026-02-10,0,21,0.0
B01,42,2026-02-11,0,21,0.0
B01,43,2026-02-12,0,21,0.0
B01,44,2026-02-13,18,21,0.8571428571428571
B01,45,2026-02-14,18,21,0.8571428571428571
B01,46,2026-02-15,18,21,0.8571428571428571
B01,47,2026-02-16,18,21,0.8571428571428571
B01,48,2026-02-17,18,21,0.8571428571428571
B01,49,2026-02-18,18,21,0.8571428571428571
B01,50,2026-02-19,18,21,0.8571428571428571
B01,51,2026-02-20,12,21,0.5714285714285714
B01,52,2026-02-21,12,21,0.5714285714285714
B01,53,2026-02-22,12,21,0.5714285714285714
B01,54,2026-02-23,12,21,0.5714285714285714
B01,55,2026-02-24,12,21,0.5714285714285714
B01,56,2026-02-25,12,21,0.5714285714285714
B01,57,2026-02-26,12,21,0.5714285714285714
B01,58,2026-02-27,12,21,0.5714285714285714
B01,59,2026-02-28,12,21,0.5714285714285714
B01,60,2026-03-01,12,21,0.5714285714285714
B01,61,2026-03-02,12,21,0.5714285714285714
B01,62,2026-03-03,12,21,0.5714285714285714
B01,63,2026-03-04,12,21,0.5714285714285714
B01,64,2026-03-05,10,21,0.47619047619047616
B01,65,2026-03-06,10,21,0.47619047619047616
B01,66,2026-03-07,10,21,0.47619047619047616
B01,67,2026-03-08,10,21,0.47619047619047616
B01,68,2026-03-09,10,21,0.47619047619047616
B01,69,2026-03-10,10,21,0.47619047619047616
B01,70,2026-03-11,10,21,0.47619047619047616
B01,71,2026-03-12,9,21,0.42857142857142855
B01,72,2026-03-13,9,21,0.42857142857142855
B01,73,2026-03-14,9,21,0.42857142857142855
B01,74,2026-03-15,9,21,0.42857142857142855
B01,75,2026-03-16,9,21,0.42857142857142855
B01,76,2026-03-17,9,21,0.42857142857142855
B01,77,2026-03-18,9,21,0.42857142857142855
B01,78,2026-03-19,9,21,0.42857142857142855
B01,79,2026-03-20,9,21,0.42857142857142855
B01,80,2026-03-21,9,21,0.42857142857142855
B01,81,2026-03-22,9,21,0.42857142857142855
B01,82,2026-03-23,9,21,0.42857142857142855
B01,83,2026-03-24,9,21,0.42857142857142855
B01,84,2026-03-25,9,21,0.42857142857142855
B01,85,2026-03-26,9,21,0.42857142857142855
B01,86,2026-03-27,9,21,0.42857142857142855
B01,87,2026-03-28,1,21,0.047619047619047616
B01,88,2026-03-29,1,21,0.047619047619047616
B01,89,2026-03-30,3,21,0.14285714285714285
B01,90,2026-03-31,3,21,0.14285714285714285
B01,91,2026-04-01,2,21,0.09523809523809523
B01,92,2026-04-02,2,21,0.09523809523809523
B01,93,2026-04-03,0,21,0.0
B01,94,2026-04-04,0,21,0.0
B01,95,2026-04-05,0,21,0.0
B01,96,2026-04-06,0,21,0.0
B01,97,2026-04-07,0,21,0.0
B01,98,2026-04-08,0,21,0.0
B01,99,2026-04-09,0,21,0.0
B01,100,2026-04-10,0,21,0.0
B01,101,2026-04-11,0,21,0.0
B01,102,2026-04-12,0,21,0.0
B01,103,2026-04-13,0,21,0.0
B01,104,2026-04-14,0,21,0.0
B01,105,2026-04-15,0,21,0.0
B01,106,2026-04-16,0,21,0.0
B01,107,2026-04-17,6,21,0.2857142857142857
B01,108,2026-04-18,6,21,0.2857142857142857
B01,109,2026-04-19,6,21,0.2857142857142857
B01,110,2026-04-20,6,21,0.2857142857142857
B01,111,2026-04-21,6,21,0.2857142857142857
B01,112,2026-04-22,13,21,0.6190476190476191
B01,113,2026-04-23,13,21,0.6190476190476191
B01,114,2026-04-24,4,21,0.19047619047619047
B01,115,2026-04-25,4,21,0.19047619047619047
B01,116,2026-04-26,4,21,0.19047619047619047
B01,117,2026-04-27,1,21,0.047619047619047616
B01,118,2026-04-28,7,21,0.3333333333333333
B01,119,2026-04-29,1,21,0.047619047619047616
B01,120,2026-04-30,6,21,0.2857142857142857
B01,121,2026-05-01,13,21,0.6190476190476191
B01,122,2026-05-02,13,21,0.6190476190476191
B01,123,2026-05-03,13,21,0.6190476190476191
B01,124,2026-05-04,13,21,0.6190476190476191
B01,125,2026-05-05,8,21,0.38095238095238093
B01,126,2026-05-06,6,21,0.2857142857142857
B01,127,2026-05-07,6,21,0.2857142857142857
B01,128,2026-05-08,6,21,0.2857142857142857
B01,129,2026-05-09,6,21,0.2857142857142857
B01,130,2026-05-10,6,21,0.2857142857142857
B01,131,2026-05-11,1,21,0.047619047619047616
B01,132,2026-05-12,1,21,0.047619047619047616
B01,133,2026-05-13,0,21,0.0
B01,134,2026-05-14,0,21,0.0
B01,135,2026-05-15,0,21,0.0
B01,136,2026-05-16,10,21,0.47619047619047616
B01,137,2026-05-17,10,21,0.47619047619047616
B01,138,2026-05-18,9,21,0.42857142857142855
B01,139,2026-05-19,0,21,0.0
B01,140,2026-05-20,2,21,0.09523809523809523
B01,141,2026-05-21,2,21,0.09523809523809523
B01,142,2026-05-22,4,21,0.19047619047619047
B01,143,2026-05-23,4,21,0.19047619047619047
B01,144,2026-05-24,4,21,0.19047619047619047
B01,145,2026-05-25,10,21,0.47619047619047616
B01,146,2026-05-26,10,21,0.47619047619047616
B01,147,2026-05-27,9,21,0.42857142857142855
B01,148,2026-05-28,9,21,0.42857142857142855
B01,149,2026-05-29,9,21,0.42857142857142855
B01,150,2026-05-30,0,21,0.0
B01,151,2026-05-31,0,21,0.0
B01,152,2026-06-01,12,21,0.5714285714285714
B01,153,2026-06-02,15,21,0.7142857142857143
B01,154,2026-06-03,15,21,0.7142857142857143
B01,155,2026-06-04,15,21,0.7142857142857143
B01,156,2026-06-05,15,21,0.7142857142857143
B01,157,2026-06-06,15,21,0.7142857142857143
B01,158,2026-06-07,15,21,0.7142857142857143
B01,159,2026-06-08,14,21,0.6666666666666666
B01,160,2026-06-09,14,21,0.6666666666666666
B01,161,2026-06-10,14,21,0.6666666666666666
B01,162,2026-06-11,0,21,0.0
B01,163,2026-06-12,0,21,0.0
B01,164,2026-06-13,0,21,0.0
B01,165,2026-06-14,0,21,0.0
B02,5,2026-01-05,0,21,0.0
B02,6,2026-01-06,0,21,0.0
B02,7,2026-01-07,0,21,0.0
B02,8,2026-01-08,0,21,0.0
B02,9,2026-01-09,0,21,0.0
B02,10,2026-01-10,0,21,0.0
B02,11,2026-01-11,0,21,0.0
B02,12,2026-01-12,0,21,0.0
B02,13,2026-01-13,0,21,0.0
B02,14,2026-01-14,0,21,0.0
B02,15,2026-01-15,0,21,0.0
B02,16,2026-01-16,0,21,0.0
B02,17,2026-01-17,0,21,0.0
B02,18,2026-01-18,0,21,0.0
B02,19,2026-01-19,0,21,0.0
B02,20,2026-01-20,0,21,0.0
B02,21,2026-01-21,0,21,0.0
B02,22,2026-01-22,0,21,0.0
B02,23,2026-01-23,0,21,0.0
B02,24,2026-01-24,0,21,0.0
B02,25,2026-01-25,0,21,0.0
B02,26,2026-01-26,0,21,0.0
B02,27,2026-01-27,0,21,0.0
B02,28,2026-01-28,0,21,0.0
B02,29,2026-01-29,13,21,0.6190476190476191
B02,30,2026-01-30,13,21,0.6190476190476191
B02,31,2026-01-31,13,21,0.6190476190476191
B02,32,2026-02-01,13,21,0.6190476190476191
B02,33,2026-02-02,13,21,0.6190476190476191
B02,34,2026-02-03,13,21,0.6190476190476191
B02,35,2026-02-04,13,21,0.6190476190476191
B02,36,2026-02-05,13,21,0.6190476190476191
B02,37,2026-02-06,13,21,0.6190476190476191
B02,38,2026-02-07,13,21,0.6190476190476191
B02,39,2026-02-08,13,21,0.6190476190476191
B02,40,2026-02-09,13,21,0.6190476190476191
B02,41,2026-02-10,13,21,0.6190476190476191
B02,42,2026-02-11,13,21,0.6190476190476191
B02,43,2026-02-12,9,21,0.42857142857142855
B02,44,2026-02-13,22,21,1.0476190476190477
B02,45,2026-02-14,22,21,1.0476190476190477
B02,46,2026-02-15,22,21,1.0476190476190477
B02,47,2026-02-16,22,21,1.0476190476190477
B02,48,2026-02-17,22,21,1.0476190476190477
B02,49,2026-02-18,22,21,1.0476190476190477
B02,50,2026-02-19,22,21,1.0476190476190477
B02,51,2026-02-20,22,21,1.0476190476190477
B02,52,2026-02-21,22,21,1.0476190476190477
B02,53,2026-02-22,22,21,1.0476190476190477
B02,54,2026-02-23,18,21,0.8571428571428571
B02,55,2026-02-24,18,21,0.8571428571428571
B02,56,2026-02-25,18,21,0.8571428571428571
B02,57,2026-02-26,18,21,0.8571428571428571
B02,58,2026-02-27,18,21,0.8571428571428571
B02,59,2026-02-28,18,21,0.8571428571428571
B02,60,2026-03-01,18,21,0.8571428571428571
B02,61,2026-03-02,14,21,0.6666666666666666
B02,62,2026-03-03,23,21,1.0952380952380953
B02,63,2026-03-04,23,21,1.0952380952380953
B02,64,2026-03-05,23,21,1.0952380952380953
B02,65,2026-03-06,23,21,1.0952380952380953
B02,66,2026-03-07,23,21,1.0952380952380953
B02,67,2026-03-08,23,21,1.0952380952380953
B02,68,2026-03-09,19,21,0.9047619047619048
B02,69,2026-03-10,13,21,0.6190476190476191
B02,70,2026-03-11,22,21,1.0476190476190477
B02,71,2026-03-12,22,21,1.0476190476190477
B02,72,2026-03-13,22,21,1.0476190476190477
B02,73,2026-03-14,22,21,1.0476190476190477
B02,74,2026-03-15,22,21,1.0476190476190477
B02,75,2026-03-16,22,21,1.0476190476190477
B02,76,2026-03-17,22,21,1.0476190476190477
B02,77,2026-03-18,18,21,0.8571428571428571
B02,78,2026-03-19,18,21,0.8571428571428571
B02,79,2026-03-20,17,21,0.8095238095238095
B02,80,2026-03-21,17,21,0.8095238095238095
B02,81,2026-03-22,17,21,0.8095238095238095
B02,82,2026-03-23,15,21,0.7142857142857143
B02,83,2026-03-24,15,21,0.7142857142857143
B02,84,2026-03-25,15,21,0.7142857142857143
B02,85,2026-03-26,11,21,0.5238095238095238
B02,86,2026-03-27,11,21,0.5238095238095238
B02,87,2026-03-28,11,21,0.5238095238095238
B02,88,2026-03-29,11,21,0.5238095238095238
B02,89,2026-03-30,11,21,0.5238095238095238
B02,90,2026-03-31,11,21,0.5238095238095238
B02,91,2026-04-01,11,21,0.5238095238095238
B02,92,2026-04-02,11,21,0.5238095238095238
B02,93,2026-04-03,11,21,0.5238095238095238
B02,94,2026-04-04,11,21,0.5238095238095238
B02,95,2026-04-05,11,21,0.5238095238095238
B02,96,2026-04-06,11,21,0.5238095238095238
B02,97,2026-04-07,11,21,0.5238095238095238
B02,98,2026-04-08,13,21,0.6190476190476191
B02,99,2026-04-09,13,21,0.6190476190476191
B02,100,2026-04-10,13,21,0.6190476190476191
B02,101,2026-04-11,13,21,0.6190476190476191
B02,102,2026-04-12,13,21,0.6190476190476191
B02,103,2026-04-13,13,21,0.6190476190476191
B02,104,2026-04-14,13,21,0.6190476190476191
B02,105,2026-04-15,13,21,0.6190476190476191
B02,106,2026-04-16,13,21,0.6190476190476191
B02,107,2026-04-17,13,21,0.6190476190476191
B02,108,2026-04-18,13,21,0.6190476190476191
B02,109,2026-04-19,13,21,0.6190476190476191
B02,110,2026-04-20,13,21,0.6190476190476191
B02,111,2026-04-21,17,21,0.8095238095238095
B02,112,2026-04-22,17,21,0.8095238095238095
B02,113,2026-04-23,13,21,0.6190476190476191
B02,114,2026-04-24,13,21,0.6190476190476191
B02,115,2026-04-25,13,21,0.6190476190476191
B02,116,2026-04-26,13,21,0.6190476190476191
B02,117,2026-04-27,13,21,0.6190476190476191
B02,118,2026-04-28,11,21,0.5238095238095238
B02,119,2026-04-29,11,21,0.5238095238095238
B02,120,2026-04-30,11,21,0.5238095238095238
B02,121,2026-05-01,11,21,0.5238095238095238
B02,122,2026-05-02,11,21,0.5238095238095238
B02,123,2026-05-03,11,21,0.5238095238095238
B02,124,2026-05-04,11,21,0.5238095238095238
B02,125,2026-05-05,11,21,0.5238095238095238
B02,126,2026-05-06,11,21,0.5238095238095238
B02,127,2026-05-07,11,21,0.5238095238095238
B02,128,2026-05-08,11,21,0.5238095238095238
B02,129,2026-05-09,5,21,0.23809523809523808
B02,130,2026-05-10,5,21,0.23809523809523808
B02,131,2026-05-11,5,21,0.23809523809523808
B02,132,2026-05-12,11,21,0.5238095238095238
B02,133,2026-05-13,13,21,0.6190476190476191
B02,134,2026-05-14,15,21,0.7142857142857143
B02,135,2026-05-15,20,21,0.9523809523809523
B02,136,2026-05-16,19,21,0.9047619047619048
B02,137,2026-05-17,19,21,0.9047619047619048
B02,138,2026-05-18,19,21,0.9047619047619048
B02,139,2026-05-19,2,21,0.09523809523809523
B02,140,2026-05-20,13,21,0.6190476190476191
B02,141,2026-05-21,19,21,0.9047619047619048
B02,142,2026-05-22,19,21,0.9047619047619048
B02,143,2026-05-23,19,21,0.9047619047619048
B02,144,2026-05-24,19,21,0.9047619047619048
B02,145,2026-05-25,19,21,0.9047619047619048
B02,146,2026-05-26,19,21,0.9047619047619048
B02,147,2026-05-27,13,21,0.6190476190476191
B02,148,2026-05-28,6,21,0.2857142857142857
B02,149,2026-05-29,6,21,0.2857142857142857
B02,150,2026-05-30,6,21,0.2857142857142857
B02,151,2026-05-31,6,21,0.2857142857142857
B02,152,2026-06-01,6,21,0.2857142857142857
B02,153,2026-06-02,4,21,0.19047619047619047
B02,154,2026-06-03,4,21,0.19047619047619047
B02,155,2026-06-04,4,21,0.19047619047619047
B02,156,2026-06-05,4,21,0.19047619047619047
B02,157,2026-06-06,4,21,0.19047619047619047
B02,158,2026-06-07,4,21,0.19047619047619047
B02,159,2026-06-08,4,21,0.19047619047619047
B02,160,2026-06-09,4,21,0.19047619047619047
B02,161,2026-06-10,4,21,0.19047619047619047
B02,162,2026-06-11,4,21,0.19047619047619047
B02,163,2026-06-12,2,21,0.09523809523809523
B02,164,2026-06-13,2,21,0.09523809523809523
B02,165,2026-06-14,2,21,0.09523809523809523
B03,5,2026-01-05,0,21,0.0
B03,6,2026-01-06,0,21,0.0
B03,7,2026-01-07,0,21,0.0
B03,8,2026-01-08,0,21,0.0
B03,9,2026-01-09,0,21,0.0
B03,10,2026-01-10,0,21,0.0
B03,11,2026-01-11,0,21,0.0
B03,12,2026-01-12,0,21,0.0
B03,13,2026-01-13,0,21,0.0
B03,14,2026-01-14,0,21,0.0
B03,15,2026-01-15,0,21,0.0
B03,16,2026-01-16,0,21,0.0
B03,17,2026-01-17,0,21,0.0
B03,18,2026-01-18,0,21,0.0
B03,19,2026-01-19,0,21,0.0
B03,20,2026-01-20,0,21,0.0
B03,21,2026-01-21,0,21,0.0
B03,22,2026-01-22,0,21,0.0
B03,23,2026-01-23,0,21,0.0
B03,24,2026-01-24,0,21,0.0
B03,25,2026-01-25,0,21,0.0
B03,26,2026-01-26,0,21,0.0
B03,27,2026-01-27,0,21,0.0
B03,28,2026-01-28,0,21,0.0
B03,29,2026-01-29,0,21,0.0
B03,30,2026-01-30,0,21,0.0
B03,31,2026-01-31,0,21,0.0
B03,32,2026-02-01,0,21,0.0
B03,33,2026-02-02,0,21,0.0
B03,34,2026-02-03,0,21,0.0
B03,35,2026-02-04,0,21,0.0
B03,36,2026-02-05,0,21,0.0
B03,37,2026-02-06,0,21,0.0
B03,38,2026-02-07,0,21,0.0
B03,39,2026-02-08,0,21,0.0
B03,40,2026-02-09,0,21,0.0
B03,41,2026-02-10,0,21,0.0
B03,42,2026-02-11,0,21,0.0
B03,43,2026-02-12,0,21,0.0
B03,44,2026-02-13,0,21,0.0
B03,45,2026-02-14,0,21,0.0
B03,46,2026-02-15,0,21,0.0
B03,47,2026-02-16,0,21,0.0
B03,48,2026-02-17,0,21,0.0
B03,49,2026-02-18,0,21,0.0
B03,50,2026-02-19,0,21,0.0
B03,51,2026-02-20,0,21,0.0
B03,52,2026-02-21,0,21,0.0
B03,53,2026-02-22,0,21,0.0
B03,54,2026-02-23,0,21,0.0
B03,55,2026-02-24,0,21,0.0
B03,56,2026-02-25,0,21,0.0
B03,57,2026-02-26,0,21,0.0
B03,58,2026-02-27,0,21,0.0
B03,59,2026-02-28,0,21,0.0
B03,60,2026-03-01,0,21,0.0
B03,61,2026-03-02,0,21,0.0
B03,62,2026-03-03,0,21,0.0
B03,63,2026-03-04,0,21,0.0
B03,64,2026-03-05,0,21,0.0
B03,65,2026-03-06,0,21,0.0
B03,66,2026-03-07,0,21,0.0
B03,67,2026-03-08,0,21,0.0
B03,68,2026-03-09,0,21,0.0
B03,69,2026-03-10,0,21,0.0
B03,70,2026-03-11,0,21,0.0
B03,71,2026-03-12,0,21,0.0
B03,72,2026-03-13,0,21,0.0
B03,73,2026-03-14,0,21,0.0
B03,74,2026-03-15,0,21,0.0
B03,75,2026-03-16,0,21,0.0
B03,76,2026-03-17,0,21,0.0
B03,77,2026-03-18,0,21,0.0
B03,78,2026-03-19,0,21,0.0
B03,79,2026-03-20,0,21,0.0
B03,80,2026-03-21,0,21,0.0
B03,81,2026-03-22,0,21,0.0
B03,82,2026-03-23,0,21,0.0
B03,83,2026-03-24,0,21,0.0
B03,84,2026-03-25,4,21,0.19047619047619047
B03,85,2026-03-26,4,21,0.19047619047619047
B03,86,2026-03-27,4,21,0.19047619047619047
B03,87,2026-03-28,16,21,0.7619047619047619
B03,88,2026-03-29,16,21,0.7619047619047619
B03,89,2026-03-30,20,21,0.9523809523809523
B03,90,2026-03-31,20,21,0.9523809523809523
B03,91,2026-04-01,20,21,0.9523809523809523
B03,92,2026-04-02,10,21,0.47619047619047616
B03,93,2026-04-03,8,21,0.38095238095238093
B03,94,2026-04-04,8,21,0.38095238095238093
B03,95,2026-04-05,8,21,0.38095238095238093
B03,96,2026-04-06,6,21,0.2857142857142857
B03,97,2026-04-07,6,21,0.2857142857142857
B03,98,2026-04-08,6,21,0.2857142857142857
B03,99,2026-04-09,6,21,0.2857142857142857
B03,100,2026-04-10,6,21,0.2857142857142857
B03,101,2026-04-11,0,21,0.0
B03,102,2026-04-12,0,21,0.0
B03,103,2026-04-13,0,21,0.0
B03,104,2026-04-14,0,21,0.0
B03,105,2026-04-15,2,21,0.09523809523809523
B03,106,2026-04-16,2,21,0.09523809523809523
B03,107,2026-04-17,0,21,0.0
B03,108,2026-04-18,0,21,0.0
B03,109,2026-04-19,0,21,0.0
B03,110,2026-04-20,0,21,0.0
B03,111,2026-04-21,15,21,0.7142857142857143
B03,112,2026-04-22,6,21,0.2857142857142857
B03,113,2026-04-23,6,21,0.2857142857142857
B03,114,2026-04-24,6,21,0.2857142857142857
B03,115,2026-04-25,0,21,0.0
B03,116,2026-04-26,0,21,0.0
B03,117,2026-04-27,0,21,0.0
B03,118,2026-04-28,0,21,0.0
B03,119,2026-04-29,0,21,0.0
B03,120,2026-04-30,0,21,0.0
B03,121,2026-05-01,0,21,0.0
B03,122,2026-05-02,0,21,0.0
B03,123,2026-05-03,0,21,0.0
B03,124,2026-05-04,0,21,0.0
B03,125,2026-05-05,0,21,0.0
B03,126,2026-05-06,0,21,0.0
B03,127,2026-05-07,0,21,0.0
B03,128,2026-05-08,0,21,0.0
B03,129,2026-05-09,8,21,0.38095238095238093
B03,130,2026-05-10,8,21,0.38095238095238093
B03,131,2026-05-11,10,21,0.47619047619047616
B03,132,2026-05-12,4,21,0.19047619047619047
B03,133,2026-05-13,4,21,0.19047619047619047
B03,134,2026-05-14,4,21,0.19047619047619047
B03,135,2026-05-15,4,21,0.19047619047619047
B03,136,2026-05-16,0,21,0.0
B03,137,2026-05-17,0,21,0.0
B03,138,2026-05-18,0,21,0.0
B03,139,2026-05-19,0,21,0.0
B03,140,2026-05-20,0,21,0.0
B03,141,2026-05-21,18,21,0.8571428571428571
B03,142,2026-05-22,16,21,0.7619047619047619
B03,143,2026-05-23,16,21,0.7619047619047619
B03,144,2026-05-24,16,21,0.7619047619047619
B03,145,2026-05-25,16,21,0.7619047619047619
B03,146,2026-05-26,16,21,0.7619047619047619
B03,147,2026-05-27,14,21,0.6666666666666666
B03,148,2026-05-28,14,21,0.6666666666666666
B03,149,2026-05-29,15,21,0.7142857142857143
B03,150,2026-05-30,15,21,0.7142857142857143
B03,151,2026-05-31,15,21,0.7142857142857143
B03,152,2026-06-01,15,21,0.7142857142857143
B03,153,2026-06-02,4,21,0.19047619047619047
B03,154,2026-06-03,18,21,0.8571428571428571
B03,155,2026-06-04,9,21,0.42857142857142855
B03,156,2026-06-05,9,21,0.42857142857142855
B03,157,2026-06-06,9,21,0.42857142857142855
B03,158,2026-06-07,9,21,0.42857142857142855
B03,159,2026-06-08,9,21,0.42857142857142855
B03,160,2026-06-09,9,21,0.42857142857142855
B03,161,2026-06-10,9,21,0.42857142857142855
B03,162,2026-06-11,9,21,0.42857142857142855
B03,163,2026-06-12,13,21,0.6190476190476191
B03,164,2026-06-13,0,21,0.0
B03,165,2026-06-14,0,21,0.0
B04,5,2026-01-05,0,21,0.0
B04,6,2026-01-06,0,21,0.0
B04,7,2026-01-07,0,21,0.0
B04,8,2026-01-08,0,21,0.0
B04,9,2026-01-09,0,21,0.0
B04,10,2026-01-10,0,21,0.0
B04,11,2026-01-11,0,21,0.0
B04,12,2026-01-12,0,21,0.0
B04,13,2026-01-13,0,21,0.0
B04,14,2026-01-14,0,21,0.0
B04,15,2026-01-15,12,21,0.5714285714285714
B04,16,2026-01-16,12,21,0.5714285714285714
B04,17,2026-01-17,12,21,0.5714285714285714
B04,18,2026-01-18,12,21,0.5714285714285714
B04,19,2026-01-19,12,21,0.5714285714285714
B04,20,2026-01-20,10,21,0.47619047619047616
B04,21,2026-01-21,10,21,0.47619047619047616
B04,22,2026-01-22,10,21,0.47619047619047616
B04,23,2026-01-23,10,21,0.47619047619047616
B04,24,2026-01-24,10,21,0.47619047619047616
B04,25,2026-01-25,10,21,0.47619047619047616
B04,26,2026-01-26,10,21,0.47619047619047616
B04,27,2026-01-27,10,21,0.47619047619047616
B04,28,2026-01-28,10,21,0.47619047619047616
B04,29,2026-01-29,10,21,0.47619047619047616
B04,30,2026-01-30,10,21,0.47619047619047616
B04,31,2026-01-31,10,21,0.47619047619047616
B04,32,2026-02-01,10,21,0.47619047619047616
B04,33,2026-02-02,10,21,0.47619047619047616
B04,34,2026-02-03,10,21,0.47619047619047616
B04,35,2026-02-04,1,21,0.047619047619047616
B04,36,2026-02-05,1,21,0.047619047619047616
B04,37,2026-02-06,1,21,0.047619047619047616
B04,38,2026-02-07,1,21,0.047619047619047616
B04,39,2026-02-08,1,21,0.047619047619047616
B04,40,2026-02-09,1,21,0.047619047619047616
B04,41,2026-02-10,1,21,0.047619047619047616
B04,42,2026-02-11,1,21,0.047619047619047616
B04,43,2026-02-12,1,21,0.047619047619047616
B04,44,2026-02-13,1,21,0.047619047619047616
B04,45,2026-02-14,1,21,0.047619047619047616
B04,46,2026-02-15,1,21,0.047619047619047616
B04,47,2026-02-16,1,21,0.047619047619047616
B04,48,2026-02-17,1,21,0.047619047619047616
B04,49,2026-02-18,1,21,0.047619047619047616
B04,50,2026-02-19,1,21,0.047619047619047616
B04,51,2026-02-20,1,21,0.047619047619047616
B04,52,2026-02-21,1,21,0.047619047619047616
B04,53,2026-02-22,1,21,0.047619047619047616
B04,54,2026-02-23,1,21,0.047619047619047616
B04,55,2026-02-24,1,21,0.047619047619047616
B04,56,2026-02-25,1,21,0.047619047619047616
B04,57,2026-02-26,1,21,0.047619047619047616
B04,58,2026-02-27,1,21,0.047619047619047616
B04,59,2026-02-28,1,21,0.047619047619047616
B04,60,2026-03-01,1,21,0.047619047619047616
B04,61,2026-03-02,1,21,0.047619047619047616
B04,62,2026-03-03,0,21,0.0
B04,63,2026-03-04,0,21,0.0
B04,64,2026-03-05,0,21,0.0
B04,65,2026-03-06,0,21,0.0
B04,66,2026-03-07,0,21,0.0
B04,67,2026-03-08,0,21,0.0
B04,68,2026-03-09,0,21,0.0
B04,69,2026-03-10,0,21,0.0
B04,70,2026-03-11,0,21,0.0
B04,71,2026-03-12,0,21,0.0
B04,72,2026-03-13,0,21,0.0
B04,73,2026-03-14,0,21,0.0
B04,74,2026-03-15,0,21,0.0
B04,75,2026-03-16,0,21,0.0
B04,76,2026-03-17,0,21,0.0
B04,77,2026-03-18,0,21,0.0
B04,78,2026-03-19,0,21,0.0
B04,79,2026-03-20,0,21,0.0
B04,80,2026-03-21,0,21,0.0
B04,81,2026-03-22,0,21,0.0
B04,82,2026-03-23,0,21,0.0
B04,83,2026-03-24,2,21,0.09523809523809523
B04,84,2026-03-25,19,21,0.9047619047619048
B04,85,2026-03-26,19,21,0.9047619047619048
B04,86,2026-03-27,19,21,0.9047619047619048
B04,87,2026-03-28,20,21,0.9523809523809523
B04,88,2026-03-29,20,21,0.9523809523809523
B04,89,2026-03-30,10,21,0.47619047619047616
B04,90,2026-03-31,10,21,0.47619047619047616
B04,91,2026-04-01,10,21,0.47619047619047616
B04,92,2026-04-02,9,21,0.42857142857142855
B04,93,2026-04-03,9,21,0.42857142857142855
B04,94,2026-04-04,18,21,0.8571428571428571
B04,95,2026-04-05,18,21,0.8571428571428571
B04,96,2026-04-06,17,21,0.8095238095238095
B04,97,2026-04-07,16,21,0.7619047619047619
B04,98,2026-04-08,16,21,0.7619047619047619
B04,99,2026-04-09,13,21,0.6190476190476191
B04,100,2026-04-10,13,21,0.6190476190476191
B04,101,2026-04-11,2,21,0.09523809523809523
B04,102,2026-04-12,2,21,0.09523809523809523
B04,103,2026-04-13,2,21,0.09523809523809523
B04,104,2026-04-14,2,21,0.09523809523809523
B04,105,2026-04-15,3,21,0.14285714285714285
B04,106,2026-04-16,18,21,0.8571428571428571
B04,107,2026-04-17,13,21,0.6190476190476191
B04,108,2026-04-18,11,21,0.5238095238095238
B04,109,2026-04-19,11,21,0.5238095238095238
B04,110,2026-04-20,14,21,0.6666666666666666
B04,111,2026-04-21,9,21,0.42857142857142855
B04,112,2026-04-22,9,21,0.42857142857142855
B04,113,2026-04-23,9,21,0.42857142857142855
B04,114,2026-04-24,9,21,0.42857142857142855
B04,115,2026-04-25,7,21,0.3333333333333333
B04,116,2026-04-26,7,21,0.3333333333333333
B04,117,2026-04-27,7,21,0.3333333333333333
B04,118,2026-04-28,2,21,0.09523809523809523
B04,119,2026-04-29,2,21,0.09523809523809523
B04,120,2026-04-30,2,21,0.09523809523809523
B04,121,2026-05-01,2,21,0.09523809523809523
B04,122,2026-05-02,2,21,0.09523809523809523
B04,123,2026-05-03,2,21,0.09523809523809523
B04,124,2026-05-04,2,21,0.09523809523809523
B04,125,2026-05-05,2,21,0.09523809523809523
B04,126,2026-05-06,2,21,0.09523809523809523
B04,127,2026-05-07,2,21,0.09523809523809523
B04,128,2026-05-08,2,21,0.09523809523809523
B04,129,2026-05-09,2,21,0.09523809523809523
B04,130,2026-05-10,2,21,0.09523809523809523
B04,131,2026-05-11,0,21,0.0
B04,132,2026-05-12,0,21,0.0
B04,133,2026-05-13,0,21,0.0
B04,134,2026-05-14,0,21,0.0
B04,135,2026-05-15,0,21,0.0
B04,136,2026-05-16,0,21,0.0
B04,137,2026-05-17,0,21,0.0
B04,138,2026-05-18,6,21,0.2857142857142857
B04,139,2026-05-19,0,21,0.0
B04,140,2026-05-20,0,21,0.0
B04,141,2026-05-21,0,21,0.0
B04,142,2026-05-22,0,21,0.0
B04,143,2026-05-23,0,21,0.0
B04,144,2026-05-24,0,21,0.0
B04,145,2026-05-25,0,21,0.0
B04,146,2026-05-26,0,21,0.0
B04,147,2026-05-27,0,21,0.0
B04,148,2026-05-28,0,21,0.0
B04,149,2026-05-29,0,21,0.0
B04,150,2026-05-30,9,21,0.42857142857142855
B04,151,2026-05-31,9,21,0.42857142857142855
B04,152,2026-06-01,19,21,0.9047619047619048
B04,153,2026-06-02,19,21,0.9047619047619048
B04,154,2026-06-03,19,21,0.9047619047619048
B04,155,2026-06-04,19,21,0.9047619047619048
B04,156,2026-06-05,19,21,0.9047619047619048
B04,157,2026-06-06,19,21,0.9047619047619048
B04,158,2026-06-07,19,21,0.9047619047619048
B04,159,2026-06-08,19,21,0.9047619047619048
B04,160,2026-06-09,3,21,0.14285714285714285
B04,161,2026-06-10,4,21,0.19047619047619047
B04,162,2026-06-11,7,21,0.3333333333333333
B04,163,2026-06-12,7,21,0.3333333333333333
B04,164,2026-06-13,6,21,0.2857142857142857
B04,165,2026-06-14,6,21,0.2857142857142857
B05,5,2026-01-05,0,21,0.0
B05,6,2026-01-06,0,21,0.0
B05,7,2026-01-07,0,21,0.0
B05,8,2026-01-08,0,21,0.0
B05,9,2026-01-09,0,21,0.0
B05,10,2026-01-10,0,21,0.0
B05,11,2026-01-11,0,21,0.0
B05,12,2026-01-12,1,21,0.047619047619047616
B05,13,2026-01-13,1,21,0.047619047619047616
B05,14,2026-01-14,0,21,0.0
B05,15,2026-01-15,0,21,0.0
B05,16,2026-01-16,0,21,0.0
B05,17,2026-01-17,0,21,0.0
B05,18,2026-01-18,0,21,0.0
B05,19,2026-01-19,0,21,0.0
B05,20,2026-01-20,6,21,0.2857142857142857
B05,21,2026-01-21,11,21,0.5238095238095238
B05,22,2026-01-22,11,21,0.5238095238095238
B05,23,2026-01-23,11,21,0.5238095238095238
B05,24,2026-01-24,11,21,0.5238095238095238
B05,25,2026-01-25,11,21,0.5238095238095238
B05,26,2026-01-26,11,21,0.5238095238095238
B05,27,2026-01-27,11,21,0.5238095238095238
B05,28,2026-01-28,11,21,0.5238095238095238
B05,29,2026-01-29,11,21,0.5238095238095238
B05,30,2026-01-30,11,21,0.5238095238095238
B05,31,2026-01-31,11,21,0.5238095238095238
B05,32,2026-02-01,11,21,0.5238095238095238
B05,33,2026-02-02,11,21,0.5238095238095238
B05,34,2026-02-03,11,21,0.5238095238095238
B05,35,2026-02-04,11,21,0.5238095238095238
B05,36,2026-02-05,11,21,0.5238095238095238
B05,37,2026-02-06,11,21,0.5238095238095238
B05,38,2026-02-07,11,21,0.5238095238095238
B05,39,2026-02-08,11,21,0.5238095238095238
B05,40,2026-02-09,11,21,0.5238095238095238
B05,41,2026-02-10,11,21,0.5238095238095238
B05,42,2026-02-11,11,21,0.5238095238095238
B05,43,2026-02-12,9,21,0.42857142857142855
B05,44,2026-02-13,27,21,1.2857142857142858
B05,45,2026-02-14,27,21,1.2857142857142858
B05,46,2026-02-15,27,21,1.2857142857142858
B05,47,2026-02-16,27,21,1.2857142857142858
B05,48,2026-02-17,27,21,1.2857142857142858
B05,49,2026-02-18,27,21,1.2857142857142858
B05,50,2026-02-19,34,21,1.619047619047619
B05,51,2026-02-20,23,21,1.0952380952380953
B05,52,2026-02-21,23,21,1.0952380952380953
B05,53,2026-02-22,23,21,1.0952380952380953
B05,54,2026-02-23,22,21,1.0476190476190477
B05,55,2026-02-24,22,21,1.0476190476190477
B05,56,2026-02-25,22,21,1.0476190476190477
B05,57,2026-02-26,22,21,1.0476190476190477
B05,58,2026-02-27,21,21,1.0
B05,59,2026-02-28,21,21,1.0
B05,60,2026-03-01,21,21,1.0
B05,61,2026-03-02,21,21,1.0
B05,62,2026-03-03,21,21,1.0
B05,63,2026-03-04,21,21,1.0
B05,64,2026-03-05,19,21,0.9047619047619048
B05,65,2026-03-06,15,21,0.7142857142857143
B05,66,2026-03-07,10,21,0.47619047619047616
B05,67,2026-03-08,10,21,0.47619047619047616
B05,68,2026-03-09,10,21,0.47619047619047616
B05,69,2026-03-10,21,21,1.0
B05,70,2026-03-11,22,21,1.0476190476190477
B05,71,2026-03-12,20,21,0.9523809523809523
B05,72,2026-03-13,19,21,0.9047619047619048
B05,73,2026-03-14,19,21,0.9047619047619048
B05,74,2026-03-15,19,21,0.9047619047619048
B05,75,2026-03-16,19,21,0.9047619047619048
B05,76,2026-03-17,19,21,0.9047619047619048
B05,77,2026-03-18,18,21,0.8571428571428571
B05,78,2026-03-19,18,21,0.8571428571428571
B05,79,2026-03-20,18,21,0.8571428571428571
B05,80,2026-03-21,18,21,0.8571428571428571
B05,81,2026-03-22,18,21,0.8571428571428571
B05,82,2026-03-23,8,21,0.38095238095238093
B05,83,2026-03-24,0,21,0.0
B05,84,2026-03-25,0,21,0.0
B05,85,2026-03-26,0,21,0.0
B05,86,2026-03-27,0,21,0.0
B05,87,2026-03-28,0,21,0.0
B05,88,2026-03-29,0,21,0.0
B05,89,2026-03-30,14,21,0.6666666666666666
B05,90,2026-03-31,15,21,0.7142857142857143
B05,91,2026-04-01,15,21,0.7142857142857143
B05,92,2026-04-02,15,21,0.7142857142857143
B05,93,2026-04-03,15,21,0.7142857142857143
B05,94,2026-04-04,15,21,0.7142857142857143
B05,95,2026-04-05,15,21,0.7142857142857143
B05,96,2026-04-06,6,21,0.2857142857142857
B05,97,2026-04-07,6,21,0.2857142857142857
B05,98,2026-04-08,6,21,0.2857142857142857
B05,99,2026-04-09,6,21,0.2857142857142857
B05,100,2026-04-10,6,21,0.2857142857142857
B05,101,2026-04-11,6,21,0.2857142857142857
B05,102,2026-04-12,6,21,0.2857142857142857
B05,103,2026-04-13,6,21,0.2857142857142857
B05,104,2026-04-14,6,21,0.2857142857142857
B05,105,2026-04-15,6,21,0.2857142857142857
B05,106,2026-04-16,6,21,0.2857142857142857
B05,107,2026-04-17,6,21,0.2857142857142857
B05,108,2026-04-18,0,21,0.0
B05,109,2026-04-19,0,21,0.0
B05,110,2026-04-20,17,21,0.8095238095238095
B05,111,2026-04-21,11,21,0.5238095238095238
B05,112,2026-04-22,8,21,0.38095238095238093
B05,113,2026-04-23,8,21,0.38095238095238093
B05,114,2026-04-24,8,21,0.38095238095238093
B05,115,2026-04-25,6,21,0.2857142857142857
B05,116,2026-04-26,6,21,0.2857142857142857
B05,117,2026-04-27,6,21,0.2857142857142857
B05,118,2026-04-28,0,21,0.0
B05,119,2026-04-29,0,21,0.0
B05,120,2026-04-30,0,21,0.0
B05,121,2026-05-01,7,21,0.3333333333333333
B05,122,2026-05-02,7,21,0.3333333333333333
B05,123,2026-05-03,7,21,0.3333333333333333
B05,124,2026-05-04,7,21,0.3333333333333333
B05,125,2026-05-05,0,21,0.0
B05,126,2026-05-06,2,21,0.09523809523809523
B05,127,2026-05-07,15,21,0.7142857142857143
B05,128,2026-05-08,4,21,0.19047619047619047
B05,129,2026-05-09,0,21,0.0
B05,130,2026-05-10,0,21,0.0
B05,131,2026-05-11,0,21,0.0
B05,132,2026-05-12,0,21,0.0
B05,133,2026-05-13,0,21,0.0
B05,134,2026-05-14,0,21,0.0
B05,135,2026-05-15,0,21,0.0
B05,136,2026-05-16,0,21,0.0
B05,137,2026-05-17,0,21,0.0
B05,138,2026-05-18,9,21,0.42857142857142855
B05,139,2026-05-19,16,21,0.7619047619047619
B05,140,2026-05-20,17,21,0.8095238095238095
B05,141,2026-05-21,17,21,0.8095238095238095
B05,142,2026-05-22,1,21,0.047619047619047616
B05,143,2026-05-23,1,21,0.047619047619047616
B05,144,2026-05-24,1,21,0.047619047619047616
B05,145,2026-05-25,1,21,0.047619047619047616
B05,146,2026-05-26,1,21,0.047619047619047616
B05,147,2026-05-27,0,21,0.0
B05,148,2026-05-28,0,21,0.0
B05,149,2026-05-29,0,21,0.0
B05,150,2026-05-30,0,21,0.0
B05,151,2026-05-31,0,21,0.0
B05,152,2026-06-01,0,21,0.0
B05,153,2026-06-02,0,21,0.0
B05,154,2026-06-03,3,21,0.14285714285714285
B05,155,2026-06-04,20,21,0.9523809523809523
B05,156,2026-06-05,20,21,0.9523809523809523
B05,157,2026-06-06,20,21,0.9523809523809523
B05,158,2026-06-07,20,21,0.9523809523809523
B05,159,2026-06-08,20,21,0.9523809523809523
B05,160,2026-06-09,20,21,0.9523809523809523
B05,161,2026-06-10,20,21,0.9523809523809523
B05,162,2026-06-11,10,21,0.47619047619047616
B05,163,2026-06-12,10,21,0.47619047619047616
B05,164,2026-06-13,0,21,0.0
B05,165,2026-06-14,0,21,0.0
B06,5,2026-01-05,0,21,0.0
B06,6,2026-01-06,0,21,0.0
B06,7,2026-01-07,0,21,0.0
B06,8,2026-01-08,0,21,0.0
B06,9,2026-01-09,0,21,0.0
B06,10,2026-01-10,0,21,0.0
B06,11,2026-01-11,0,21,0.0
B06,12,2026-01-12,0,21,0.0
B06,13,2026-01-13,0,21,0.0
B06,14,2026-01-14,0,21,0.0
B06,15,2026-01-15,0,21,0.0
B06,16,2026-01-16,0,21,0.0
B06,17,2026-01-17,0,21,0.0
B06,18,2026-01-18,0,21,0.0
B06,19,2026-01-19,0,21,0.0
B06,20,2026-01-20,0,21,0.0
B06,21,2026-01-21,12,21,0.5714285714285714
B06,22,2026-01-22,18,21,0.8571428571428571
B06,23,2026-01-23,18,21,0.8571428571428571
B06,24,2026-01-24,18,21,0.8571428571428571
B06,25,2026-01-25,18,21,0.8571428571428571
B06,26,2026-01-26,18,21,0.8571428571428571
B06,27,2026-01-27,18,21,0.8571428571428571
B06,28,2026-01-28,18,21,0.8571428571428571
B06,29,2026-01-29,18,21,0.8571428571428571
B06,30,2026-01-30,18,21,0.8571428571428571
B06,31,2026-01-31,18,21,0.8571428571428571
B06,32,2026-02-01,18,21,0.8571428571428571
B06,33,2026-02-02,18,21,0.8571428571428571
B06,34,2026-02-03,14,21,0.6666666666666666
B06,35,2026-02-04,14,21,0.6666666666666666
B06,36,2026-02-05,14,21,0.6666666666666666
B06,37,2026-02-06,14,21,0.6666666666666666
B06,38,2026-02-07,14,21,0.6666666666666666
B06,39,2026-02-08,14,21,0.6666666666666666
B06,40,2026-02-09,8,21,0.38095238095238093
B06,41,2026-02-10,8,21,0.38095238095238093
B06,42,2026-02-11,8,21,0.38095238095238093
B06,43,2026-02-12,8,21,0.38095238095238093
B06,44,2026-02-13,0,21,0.0
B06,45,2026-02-14,0,21,0.0
B06,46,2026-02-15,0,21,0.0
B06,47,2026-02-16,0,21,0.0
B06,48,2026-02-17,0,21,0.0
B06,49,2026-02-18,0,21,0.0
B06,50,2026-02-19,0,21,0.0
B06,51,2026-02-20,7,21,0.3333333333333333
B06,52,2026-02-21,15,21,0.7142857142857143
B06,53,2026-02-22,15,21,0.7142857142857143
B06,54,2026-02-23,15,21,0.7142857142857143
B06,55,2026-02-24,13,21,0.6190476190476191
B06,56,2026-02-25,13,21,0.6190476190476191
B06,57,2026-02-26,13,21,0.6190476190476191
B06,58,2026-02-27,13,21,0.6190476190476191
B06,59,2026-02-28,13,21,0.6190476190476191
B06,60,2026-03-01,13,21,0.6190476190476191
B06,61,2026-03-02,13,21,0.6190476190476191
B06,62,2026-03-03,13,21,0.6190476190476191
B06,63,2026-03-04,13,21,0.6190476190476191
B06,64,2026-03-05,12,21,0.5714285714285714
B06,65,2026-03-06,12,21,0.5714285714285714
B06,66,2026-03-07,12,21,0.5714285714285714
B06,67,2026-03-08,12,21,0.5714285714285714
B06,68,2026-03-09,12,21,0.5714285714285714
B06,69,2026-03-10,12,21,0.5714285714285714
B06,70,2026-03-11,12,21,0.5714285714285714
B06,71,2026-03-12,12,21,0.5714285714285714
B06,72,2026-03-13,12,21,0.5714285714285714
B06,73,2026-03-14,12,21,0.5714285714285714
B06,74,2026-03-15,12,21,0.5714285714285714
B06,75,2026-03-16,12,21,0.5714285714285714
B06,76,2026-03-17,12,21,0.5714285714285714
B06,77,2026-03-18,12,21,0.5714285714285714
B06,78,2026-03-19,12,21,0.5714285714285714
B06,79,2026-03-20,12,21,0.5714285714285714
B06,80,2026-03-21,12,21,0.5714285714285714
B06,81,2026-03-22,12,21,0.5714285714285714
B06,82,2026-03-23,12,21,0.5714285714285714
B06,83,2026-03-24,12,21,0.5714285714285714
B06,84,2026-03-25,12,21,0.5714285714285714
B06,85,2026-03-26,12,21,0.5714285714285714
B06,86,2026-03-27,8,21,0.38095238095238093
B06,87,2026-03-28,8,21,0.38095238095238093
B06,88,2026-03-29,8,21,0.38095238095238093
B06,89,2026-03-30,8,21,0.38095238095238093
B06,90,2026-03-31,8,21,0.38095238095238093
B06,91,2026-04-01,8,21,0.38095238095238093
B06,92,2026-04-02,8,21,0.38095238095238093
B06,93,2026-04-03,8,21,0.38095238095238093
B06,94,2026-04-04,8,21,0.38095238095238093
B06,95,2026-04-05,8,21,0.38095238095238093
B06,96,2026-04-06,8,21,0.38095238095238093
B06,97,2026-04-07,8,21,0.38095238095238093
B06,98,2026-04-08,8,21,0.38095238095238093
B06,99,2026-04-09,8,21,0.38095238095238093
B06,100,2026-04-10,8,21,0.38095238095238093
B06,101,2026-04-11,8,21,0.38095238095238093
B06,102,2026-04-12,8,21,0.38095238095238093
B06,103,2026-04-13,8,21,0.38095238095238093
B06,104,2026-04-14,8,21,0.38095238095238093
B06,105,2026-04-15,8,21,0.38095238095238093
B06,106,2026-04-16,6,21,0.2857142857142857
B06,107,2026-04-17,6,21,0.2857142857142857
B06,108,2026-04-18,6,21,0.2857142857142857
B06,109,2026-04-19,6,21,0.2857142857142857
B06,110,2026-04-20,10,21,0.47619047619047616
B06,111,2026-04-21,11,21,0.5238095238095238
B06,112,2026-04-22,11,21,0.5238095238095238
B06,113,2026-04-23,10,21,0.47619047619047616
B06,114,2026-04-24,10,21,0.47619047619047616
B06,115,2026-04-25,6,21,0.2857142857142857
B06,116,2026-04-26,6,21,0.2857142857142857
B06,117,2026-04-27,6,21,0.2857142857142857
B06,118,2026-04-28,6,21,0.2857142857142857
B06,119,2026-04-29,7,21,0.3333333333333333
B06,120,2026-04-30,19,21,0.9047619047619048
B06,121,2026-05-01,28,21,1.3333333333333333
B06,122,2026-05-02,28,21,1.3333333333333333
B06,123,2026-05-03,28,21,1.3333333333333333
B06,124,2026-05-04,28,21,1.3333333333333333
B06,125,2026-05-05,12,21,0.5714285714285714
B06,126,2026-05-06,12,21,0.5714285714285714
B06,127,2026-05-07,11,21,0.5238095238095238
B06,128,2026-05-08,7,21,0.3333333333333333
B06,129,2026-05-09,5,21,0.23809523809523808
B06,130,2026-05-10,5,21,0.23809523809523808
B06,131,2026-05-11,5,21,0.23809523809523808
B06,132,2026-05-12,5,21,0.23809523809523808
B06,133,2026-05-13,0,21,0.0
B06,134,2026-05-14,0,21,0.0
B06,135,2026-05-15,0,21,0.0
B06,136,2026-05-16,0,21,0.0
B06,137,2026-05-17,0,21,0.0
B06,138,2026-05-18,0,21,0.0
B06,139,2026-05-19,13,21,0.6190476190476191
B06,140,2026-05-20,21,21,1.0
B06,141,2026-05-21,21,21,1.0
B06,142,2026-05-22,15,21,0.7142857142857143
B06,143,2026-05-23,15,21,0.7142857142857143
B06,144,2026-05-24,15,21,0.7142857142857143
B06,145,2026-05-25,19,21,0.9047619047619048
B06,146,2026-05-26,24,21,1.1428571428571428
B06,147,2026-05-27,10,21,0.47619047619047616
B06,148,2026-05-28,10,21,0.47619047619047616
B06,149,2026-05-29,10,21,0.47619047619047616
B06,150,2026-05-30,10,21,0.47619047619047616
B06,151,2026-05-31,10,21,0.47619047619047616
B06,152,2026-06-01,10,21,0.47619047619047616
B06,153,2026-06-02,0,21,0.0
B06,154,2026-06-03,0,21,0.0
B06,155,2026-06-04,8,21,0.38095238095238093
B06,156,2026-06-05,8,21,0.38095238095238093
B06,157,2026-06-06,8,21,0.38095238095238093
B06,158,2026-06-07,8,21,0.38095238095238093
B06,159,2026-06-08,8,21,0.38095238095238093
B06,160,2026-06-09,8,21,0.38095238095238093
B06,161,2026-06-10,8,21,0.38095238095238093
B06,162,2026-06-11,4,21,0.19047619047619047
B06,163,2026-06-12,4,21,0.19047619047619047
B06,164,2026-06-13,0,21,0.0
B06,165,2026-06-14,0,21,0.0
B07,5,2026-01-05,0,21,0.0
B07,6,2026-01-06,0,21,0.0
B07,7,2026-01-07,0,21,0.0
B07,8,2026-01-08,0,21,0.0
B07,9,2026-01-09,0,21,0.0
B07,10,2026-01-10,0,21,0.0
B07,11,2026-01-11,0,21,0.0
B07,12,2026-01-12,4,21,0.19047619047619047
B07,13,2026-01-13,16,21,0.7619047619047619
B07,14,2026-01-14,16,21,0.7619047619047619
B07,15,2026-01-15,16,21,0.7619047619047619
B07,16,2026-01-16,16,21,0.7619047619047619
B07,17,2026-01-17,16,21,0.7619047619047619
B07,18,2026-01-18,16,21,0.7619047619047619
B07,19,2026-01-19,16,21,0.7619047619047619
B07,20,2026-01-20,16,21,0.7619047619047619
B07,21,2026-01-21,16,21,0.7619047619047619
B07,22,2026-01-22,16,21,0.7619047619047619
B07,23,2026-01-23,16,21,0.7619047619047619
B07,24,2026-01-24,16,21,0.7619047619047619
B07,25,2026-01-25,16,21,0.7619047619047619
B07,26,2026-01-26,16,21,0.7619047619047619
B07,27,2026-01-27,16,21,0.7619047619047619
B07,28,2026-01-28,16,21,0.7619047619047619
B07,29,2026-01-29,9,21,0.42857142857142855
B07,30,2026-01-30,9,21,0.42857142857142855
B07,31,2026-01-31,9,21,0.42857142857142855
B07,32,2026-02-01,9,21,0.42857142857142855
B07,33,2026-02-02,12,21,0.5714285714285714
B07,34,2026-02-03,16,21,0.7619047619047619
B07,35,2026-02-04,16,21,0.7619047619047619
B07,36,2026-02-05,17,21,0.8095238095238095
B07,37,2026-02-06,17,21,0.8095238095238095
B07,38,2026-02-07,17,21,0.8095238095238095
B07,39,2026-02-08,17,21,0.8095238095238095
B07,40,2026-02-09,17,21,0.8095238095238095
B07,41,2026-02-10,4,21,0.19047619047619047
B07,42,2026-02-11,4,21,0.19047619047619047
B07,43,2026-02-12,4,21,0.19047619047619047
B07,44,2026-02-13,4,21,0.19047619047619047
B07,45,2026-02-14,4,21,0.19047619047619047
B07,46,2026-02-15,4,21,0.19047619047619047
B07,47,2026-02-16,4,21,0.19047619047619047
B07,48,2026-02-17,4,21,0.19047619047619047
B07,49,2026-02-18,4,21,0.19047619047619047
B07,50,2026-02-19,4,21,0.19047619047619047
B07,51,2026-02-20,4,21,0.19047619047619047
B07,52,2026-02-21,4,21,0.19047619047619047
B07,53,2026-02-22,4,21,0.19047619047619047
B07,54,2026-02-23,4,21,0.19047619047619047
B07,55,2026-02-24,4,21,0.19047619047619047
B07,56,2026-02-25,4,21,0.19047619047619047
B07,57,2026-02-26,4,21,0.19047619047619047
B07,58,2026-02-27,4,21,0.19047619047619047
B07,59,2026-02-28,4,21,0.19047619047619047
B07,60,2026-03-01,4,21,0.19047619047619047
B07,61,2026-03-02,4,21,0.19047619047619047
B07,62,2026-03-03,4,21,0.19047619047619047
B07,63,2026-03-04,4,21,0.19047619047619047
B07,64,2026-03-05,4,21,0.19047619047619047
B07,65,2026-03-06,4,21,0.19047619047619047
B07,66,2026-03-07,4,21,0.19047619047619047
B07,67,2026-03-08,4,21,0.19047619047619047
B07,68,2026-03-09,4,21,0.19047619047619047
B07,69,2026-03-10,4,21,0.19047619047619047
B07,70,2026-03-11,4,21,0.19047619047619047
B07,71,2026-03-12,24,21,1.1428571428571428
B07,72,2026-03-13,24,21,1.1428571428571428
B07,73,2026-03-14,24,21,1.1428571428571428
B07,74,2026-03-15,24,21,1.1428571428571428
B07,75,2026-03-16,24,21,1.1428571428571428
B07,76,2026-03-17,24,21,1.1428571428571428
B07,77,2026-03-18,24,21,1.1428571428571428
B07,78,2026-03-19,24,21,1.1428571428571428
B07,79,2026-03-20,22,21,1.0476190476190477
B07,80,2026-03-21,22,21,1.0476190476190477
B07,81,2026-03-22,22,21,1.0476190476190477
B07,82,2026-03-23,22,21,1.0476190476190477
B07,83,2026-03-24,22,21,1.0476190476190477
B07,84,2026-03-25,22,21,1.0476190476190477
B07,85,2026-03-26,22,21,1.0476190476190477
B07,86,2026-03-27,22,21,1.0476190476190477
B07,87,2026-03-28,22,21,1.0476190476190477
B07,88,2026-03-29,22,21,1.0476190476190477
B07,89,2026-03-30,22,21,1.0476190476190477
B07,90,2026-03-31,22,21,1.0476190476190477
B07,91,2026-04-01,22,21,1.0476190476190477
B07,92,2026-04-02,20,21,0.9523809523809523
B07,93,2026-04-03,20,21,0.9523809523809523
B07,94,2026-04-04,20,21,0.9523809523809523
B07,95,2026-04-05,20,21,0.9523809523809523
B07,96,2026-04-06,20,21,0.9523809523809523
B07,97,2026-04-07,20,21,0.9523809523809523
B07,98,2026-04-08,20,21,0.9523809523809523
B07,99,2026-04-09,20,21,0.9523809523809523
B07,100,2026-04-10,20,21,0.9523809523809523
B07,101,2026-04-11,20,21,0.9523809523809523
B07,102,2026-04-12,20,21,0.9523809523809523
B07,103,2026-04-13,20,21,0.9523809523809523
B07,104,2026-04-14,20,21,0.9523809523809523
B07,105,2026-04-15,20,21,0.9523809523809523
B07,106,2026-04-16,20,21,0.9523809523809523
B07,107,2026-04-17,20,21,0.9523809523809523
B07,108,2026-04-18,20,21,0.9523809523809523
B07,109,2026-04-19,20,21,0.9523809523809523
B07,110,2026-04-20,0,21,0.0
B07,111,2026-04-21,0,21,0.0
B07,112,2026-04-22,0,21,0.0
B07,113,2026-04-23,0,21,0.0
B07,114,2026-04-24,0,21,0.0
B07,115,2026-04-25,0,21,0.0
B07,116,2026-04-26,0,21,0.0
B07,117,2026-04-27,0,21,0.0
B07,118,2026-04-28,0,21,0.0
B07,119,2026-04-29,0,21,0.0
B07,120,2026-04-30,0,21,0.0
B07,121,2026-05-01,0,21,0.0
B07,122,2026-05-02,0,21,0.0
B07,123,2026-05-03,0,21,0.0
B07,124,2026-05-04,0,21,0.0
B07,125,2026-05-05,0,21,0.0
B07,126,2026-05-06,0,21,0.0
B07,127,2026-05-07,13,21,0.6190476190476191
B07,128,2026-05-08,25,21,1.1904761904761905
B07,129,2026-05-09,11,21,0.5238095238095238
B07,130,2026-05-10,11,21,0.5238095238095238
B07,131,2026-05-11,11,21,0.5238095238095238
B07,132,2026-05-12,11,21,0.5238095238095238
B07,133,2026-05-13,11,21,0.5238095238095238
B07,134,2026-05-14,11,21,0.5238095238095238
B07,135,2026-05-15,11,21,0.5238095238095238
B07,136,2026-05-16,11,21,0.5238095238095238
B07,137,2026-05-17,11,21,0.5238095238095238
B07,138,2026-05-18,11,21,0.5238095238095238
B07,139,2026-05-19,0,21,0.0
B07,140,2026-05-20,0,21,0.0
B07,141,2026-05-21,0,21,0.0
B07,142,2026-05-22,9,21,0.42857142857142855
B07,143,2026-05-23,9,21,0.42857142857142855
B07,144,2026-05-24,9,21,0.42857142857142855
B07,145,2026-05-25,0,21,0.0
B07,146,2026-05-26,12,21,0.5714285714285714
B07,147,2026-05-27,12,21,0.5714285714285714
B07,148,2026-05-28,12,21,0.5714285714285714
B07,149,2026-05-29,12,21,0.5714285714285714
B07,150,2026-05-30,9,21,0.42857142857142855
B07,151,2026-05-31,9,21,0.42857142857142855
B07,152,2026-06-01,9,21,0.42857142857142855
B07,153,2026-06-02,9,21,0.42857142857142855
B07,154,2026-06-03,1,21,0.047619047619047616
B07,155,2026-06-04,1,21,0.047619047619047616
B07,156,2026-06-05,1,21,0.047619047619047616
B07,157,2026-06-06,1,21,0.047619047619047616
B07,158,2026-06-07,1,21,0.047619047619047616
B07,159,2026-06-08,0,21,0.0
B07,160,2026-06-09,3,21,0.14285714285714285
B07,161,2026-06-10,16,21,0.7619047619047619
B07,162,2026-06-11,0,21,0.0
B07,163,2026-06-12,0,21,0.0
B07,164,2026-06-13,0,21,0.0
B07,165,2026-06-14,0,21,0.0
B08,5,2026-01-05,0,21,0.0
B08,6,2026-01-06,0,21,0.0
B08,7,2026-01-07,0,21,0.0
B08,8,2026-01-08,0,21,0.0
B08,9,2026-01-09,0,21,0.0
B08,10,2026-01-10,0,21,0.0
B08,11,2026-01-11,0,21,0.0
B08,12,2026-01-12,0,21,0.0
B08,13,2026-01-13,0,21,0.0
B08,14,2026-01-14,0,21,0.0
B08,15,2026-01-15,3,21,0.14285714285714285
B08,16,2026-01-16,7,21,0.3333333333333333
B08,17,2026-01-17,7,21,0.3333333333333333
B08,18,2026-01-18,7,21,0.3333333333333333
B08,19,2026-01-19,17,21,0.8095238095238095
B08,20,2026-01-20,17,21,0.8095238095238095
B08,21,2026-01-21,17,21,0.8095238095238095
B08,22,2026-01-22,17,21,0.8095238095238095
B08,23,2026-01-23,17,21,0.8095238095238095
B08,24,2026-01-24,0,21,0.0
B08,25,2026-01-25,0,21,0.0
B08,26,2026-01-26,7,21,0.3333333333333333
B08,27,2026-01-27,14,21,0.6666666666666666
B08,28,2026-01-28,14,21,0.6666666666666666
B08,29,2026-01-29,3,21,0.14285714285714285
B08,30,2026-01-30,9,21,0.42857142857142855
B08,31,2026-01-31,6,21,0.2857142857142857
B08,32,2026-02-01,6,21,0.2857142857142857
B08,33,2026-02-02,6,21,0.2857142857142857
B08,34,2026-02-03,6,21,0.2857142857142857
B08,35,2026-02-04,6,21,0.2857142857142857
B08,36,2026-02-05,6,21,0.2857142857142857
B08,37,2026-02-06,6,21,0.2857142857142857
B08,38,2026-02-07,0,21,0.0
B08,39,2026-02-08,0,21,0.0
B08,40,2026-02-09,0,21,0.0
B08,41,2026-02-10,0,21,0.0
B08,42,2026-02-11,19,21,0.9047619047619048
B08,43,2026-02-12,19,21,0.9047619047619048
B08,44,2026-02-13,19,21,0.9047619047619048
B08,45,2026-02-14,19,21,0.9047619047619048
B08,46,2026-02-15,19,21,0.9047619047619048
B08,47,2026-02-16,19,21,0.9047619047619048
B08,48,2026-02-17,19,21,0.9047619047619048
B08,49,2026-02-18,19,21,0.9047619047619048
B08,50,2026-02-19,19,21,0.9047619047619048
B08,51,2026-02-20,19,21,0.9047619047619048
B08,52,2026-02-21,19,21,0.9047619047619048
B08,53,2026-02-22,19,21,0.9047619047619048
B08,54,2026-02-23,19,21,0.9047619047619048
B08,55,2026-02-24,19,21,0.9047619047619048
B08,56,2026-02-25,19,21,0.9047619047619048
B08,57,2026-02-26,19,21,0.9047619047619048
B08,58,2026-02-27,1,21,0.047619047619047616
B08,59,2026-02-28,1,21,0.047619047619047616
B08,60,2026-03-01,1,21,0.047619047619047616
B08,61,2026-03-02,1,21,0.047619047619047616
B08,62,2026-03-03,1,21,0.047619047619047616
B08,63,2026-03-04,17,21,0.8095238095238095
B08,64,2026-03-05,17,21,0.8095238095238095
B08,65,2026-03-06,17,21,0.8095238095238095
B08,66,2026-03-07,16,21,0.7619047619047619
B08,67,2026-03-08,16,21,0.7619047619047619
B08,68,2026-03-09,16,21,0.7619047619047619
B08,69,2026-03-10,16,21,0.7619047619047619
B08,70,2026-03-11,16,21,0.7619047619047619
B08,71,2026-03-12,16,21,0.7619047619047619
B08,72,2026-03-13,16,21,0.7619047619047619
B08,73,2026-03-14,16,21,0.7619047619047619
B08,74,2026-03-15,16,21,0.7619047619047619
B08,75,2026-03-16,16,21,0.7619047619047619
B08,76,2026-03-17,16,21,0.7619047619047619
B08,77,2026-03-18,16,21,0.7619047619047619
B08,78,2026-03-19,10,21,0.47619047619047616
B08,79,2026-03-20,20,21,0.9523809523809523
B08,80,2026-03-21,14,21,0.6666666666666666
B08,81,2026-03-22,14,21,0.6666666666666666
B08,82,2026-03-23,14,21,0.6666666666666666
B08,83,2026-03-24,14,21,0.6666666666666666
B08,84,2026-03-25,14,21,0.6666666666666666
B08,85,2026-03-26,14,21,0.6666666666666666
B08,86,2026-03-27,10,21,0.47619047619047616
B08,87,2026-03-28,10,21,0.47619047619047616
B08,88,2026-03-29,10,21,0.47619047619047616
B08,89,2026-03-30,7,21,0.3333333333333333
B08,90,2026-03-31,7,21,0.3333333333333333
B08,91,2026-04-01,7,21,0.3333333333333333
B08,92,2026-04-02,20,21,0.9523809523809523
B08,93,2026-04-03,20,21,0.9523809523809523
B08,94,2026-04-04,20,21,0.9523809523809523
B08,95,2026-04-05,20,21,0.9523809523809523
B08,96,2026-04-06,20,21,0.9523809523809523
B08,97,2026-04-07,20,21,0.9523809523809523
B08,98,2026-04-08,20,21,0.9523809523809523
B08,99,2026-04-09,20,21,0.9523809523809523
B08,100,2026-04-10,20,21,0.9523809523809523
B08,101,2026-04-11,20,21,0.9523809523809523
B08,102,2026-04-12,20,21,0.9523809523809523
B08,103,2026-04-13,20,21,0.9523809523809523
B08,104,2026-04-14,20,21,0.9523809523809523
B08,105,2026-04-15,10,21,0.47619047619047616
B08,106,2026-04-16,16,21,0.7619047619047619
B08,107,2026-04-17,17,21,0.8095238095238095
B08,108,2026-04-18,16,21,0.7619047619047619
B08,109,2026-04-19,16,21,0.7619047619047619
B08,110,2026-04-20,16,21,0.7619047619047619
B08,111,2026-04-21,16,21,0.7619047619047619
B08,112,2026-04-22,16,21,0.7619047619047619
B08,113,2026-04-23,16,21,0.7619047619047619
B08,114,2026-04-24,13,21,0.6190476190476191
B08,115,2026-04-25,10,21,0.47619047619047616
B08,116,2026-04-26,10,21,0.47619047619047616
B08,117,2026-04-27,10,21,0.47619047619047616
B08,118,2026-04-28,10,21,0.47619047619047616
B08,119,2026-04-29,3,21,0.14285714285714285
B08,120,2026-04-30,0,21,0.0
B08,121,2026-05-01,0,21,0.0
B08,122,2026-05-02,0,21,0.0
B08,123,2026-05-03,0,21,0.0
B08,124,2026-05-04,0,21,0.0
B08,125,2026-05-05,0,21,0.0
B08,126,2026-05-06,0,21,0.0
B08,127,2026-05-07,0,21,0.0
B08,128,2026-05-08,0,21,0.0
B08,129,2026-05-09,0,21,0.0
B08,130,2026-05-10,0,21,0.0
B08,131,2026-05-11,0,21,0.0
B08,132,2026-05-12,0,21,0.0
B08,133,2026-05-13,0,21,0.0
B08,134,2026-05-14,0,21,0.0
B08,135,2026-05-15,0,21,0.0
B08,136,2026-05-16,0,21,0.0
B08,137,2026-05-17,0,21,0.0
B08,138,2026-05-18,0,21,0.0
B08,139,2026-05-19,0,21,0.0
B08,140,2026-05-20,0,21,0.0
B08,141,2026-05-21,3,21,0.14285714285714285
B08,142,2026-05-22,3,21,0.14285714285714285
B08,143,2026-05-23,3,21,0.14285714285714285
B08,144,2026-05-24,3,21,0.14285714285714285
B08,145,2026-05-25,0,21,0.0
B08,146,2026-05-26,0,21,0.0
B08,147,2026-05-27,0,21,0.0
B08,148,2026-05-28,0,21,0.0
B08,149,2026-05-29,0,21,0.0
B08,150,2026-05-30,0,21,0.0
B08,151,2026-05-31,0,21,0.0
B08,152,2026-06-01,0,21,0.0
B08,153,2026-06-02,0,21,0.0
B08,154,2026-06-03,0,21,0.0
B08,155,2026-06-04,0,21,0.0
B08,156,2026-06-05,0,21,0.0
B08,157,2026-06-06,0,21,0.0
B08,158,2026-06-07,0,21,0.0
B08,159,2026-06-08,0,21,0.0
B08,160,2026-06-09,0,21,0.0
B08,161,2026-06-10,0,21,0.0
B08,162,2026-06-11,0,21,0.0
B08,163,2026-06-12,0,21,0.0
B08,164,2026-06-13,0,21,0.0
B08,165,2026-06-14,0,21,0.0
B09,5,2026-01-05,0,21,0.0
B09,6,2026-01-06,0,21,0.0
B09,7,2026-01-07,0,21,0.0
B09,8,2026-01-08,0,21,0.0
B09,9,2026-01-09,0,21,0.0
B09,10,2026-01-10,0,21,0.0
B09,11,2026-01-11,0,21,0.0
B09,12,2026-01-12,0,21,0.0
B09,13,2026-01-13,0,21,0.0
B09,14,2026-01-14,0,21,0.0
B09,15,2026-01-15,0,21,0.0
B09,16,2026-01-16,0,21,0.0
B09,17,2026-01-17,0,21,0.0
B09,18,2026-01-18,0,21,0.0
B09,19,2026-01-19,0,21,0.0
B09,20,2026-01-20,0,21,0.0
B09,21,2026-01-21,0,21,0.0
B09,22,2026-01-22,2,21,0.09523809523809523
B09,23,2026-01-23,2,21,0.09523809523809523
B09,24,2026-01-24,2,21,0.09523809523809523
B09,25,2026-01-25,2,21,0.09523809523809523
B09,26,2026-01-26,2,21,0.09523809523809523
B09,27,2026-01-27,5,21,0.23809523809523808
B09,28,2026-01-28,4,21,0.19047619047619047
B09,29,2026-01-29,4,21,0.19047619047619047
B09,30,2026-01-30,4,21,0.19047619047619047
B09,31,2026-01-31,4,21,0.19047619047619047
B09,32,2026-02-01,4,21,0.19047619047619047
B09,33,2026-02-02,4,21,0.19047619047619047
B09,34,2026-02-03,4,21,0.19047619047619047
B09,35,2026-02-04,4,21,0.19047619047619047
B09,36,2026-02-05,4,21,0.19047619047619047
B09,37,2026-02-06,4,21,0.19047619047619047
B09,38,2026-02-07,4,21,0.19047619047619047
B09,39,2026-02-08,4,21,0.19047619047619047
B09,40,2026-02-09,4,21,0.19047619047619047
B09,41,2026-02-10,4,21,0.19047619047619047
B09,42,2026-02-11,4,21,0.19047619047619047
B09,43,2026-02-12,2,21,0.09523809523809523
B09,44,2026-02-13,10,21,0.47619047619047616
B09,45,2026-02-14,10,21,0.47619047619047616
B09,46,2026-02-15,10,21,0.47619047619047616
B09,47,2026-02-16,10,21,0.47619047619047616
B09,48,2026-02-17,10,21,0.47619047619047616
B09,49,2026-02-18,10,21,0.47619047619047616
B09,50,2026-02-19,11,21,0.5238095238095238
B09,51,2026-02-20,11,21,0.5238095238095238
B09,52,2026-02-21,11,21,0.5238095238095238
B09,53,2026-02-22,11,21,0.5238095238095238
B09,54,2026-02-23,11,21,0.5238095238095238
B09,55,2026-02-24,11,21,0.5238095238095238
B09,56,2026-02-25,11,21,0.5238095238095238
B09,57,2026-02-26,11,21,0.5238095238095238
B09,58,2026-02-27,11,21,0.5238095238095238
B09,59,2026-02-28,11,21,0.5238095238095238
B09,60,2026-03-01,11,21,0.5238095238095238
B09,61,2026-03-02,11,21,0.5238095238095238
B09,62,2026-03-03,11,21,0.5238095238095238
B09,63,2026-03-04,11,21,0.5238095238095238
B09,64,2026-03-05,11,21,0.5238095238095238
B09,65,2026-03-06,11,21,0.5238095238095238
B09,66,2026-03-07,6,21,0.2857142857142857
B09,67,2026-03-08,6,21,0.2857142857142857
B09,68,2026-03-09,6,21,0.2857142857142857
B09,69,2026-03-10,6,21,0.2857142857142857
B09,70,2026-03-11,6,21,0.2857142857142857
B09,71,2026-03-12,6,21,0.2857142857142857
B09,72,2026-03-13,6,21,0.2857142857142857
B09,73,2026-03-14,6,21,0.2857142857142857
B09,74,2026-03-15,6,21,0.2857142857142857
B09,75,2026-03-16,6,21,0.2857142857142857
B09,76,2026-03-17,6,21,0.2857142857142857
B09,77,2026-03-18,6,21,0.2857142857142857
B09,78,2026-03-19,7,21,0.3333333333333333
B09,79,2026-03-20,15,21,0.7142857142857143
B09,80,2026-03-21,15,21,0.7142857142857143
B09,81,2026-03-22,15,21,0.7142857142857143
B09,82,2026-03-23,15,21,0.7142857142857143
B09,83,2026-03-24,15,21,0.7142857142857143
B09,84,2026-03-25,15,21,0.7142857142857143
B09,85,2026-03-26,15,21,0.7142857142857143
B09,86,2026-03-27,15,21,0.7142857142857143
B09,87,2026-03-28,15,21,0.7142857142857143
B09,88,2026-03-29,15,21,0.7142857142857143
B09,89,2026-03-30,15,21,0.7142857142857143
B09,90,2026-03-31,15,21,0.7142857142857143
B09,91,2026-04-01,15,21,0.7142857142857143
B09,92,2026-04-02,15,21,0.7142857142857143
B09,93,2026-04-03,15,21,0.7142857142857143
B09,94,2026-04-04,15,21,0.7142857142857143
B09,95,2026-04-05,15,21,0.7142857142857143
B09,96,2026-04-06,15,21,0.7142857142857143
B09,97,2026-04-07,15,21,0.7142857142857143
B09,98,2026-04-08,15,21,0.7142857142857143
B09,99,2026-04-09,15,21,0.7142857142857143
B09,100,2026-04-10,15,21,0.7142857142857143
B09,101,2026-04-11,1,21,0.047619047619047616
B09,102,2026-04-12,1,21,0.047619047619047616
B09,103,2026-04-13,1,21,0.047619047619047616
B09,104,2026-04-14,1,21,0.047619047619047616
B09,105,2026-04-15,1,21,0.047619047619047616
B09,106,2026-04-16,1,21,0.047619047619047616
B09,107,2026-04-17,1,21,0.047619047619047616
B09,108,2026-04-18,1,21,0.047619047619047616
B09,109,2026-04-19,1,21,0.047619047619047616
B09,110,2026-04-20,1,21,0.047619047619047616
B09,111,2026-04-21,1,21,0.047619047619047616
B09,112,2026-04-22,1,21,0.047619047619047616
B09,113,2026-04-23,1,21,0.047619047619047616
B09,114,2026-04-24,1,21,0.047619047619047616
B09,115,2026-04-25,1,21,0.047619047619047616
B09,116,2026-04-26,1,21,0.047619047619047616
B09,117,2026-04-27,1,21,0.047619047619047616
B09,118,2026-04-28,1,21,0.047619047619047616
B09,119,2026-04-29,1,21,0.047619047619047616
B09,120,2026-04-30,1,21,0.047619047619047616
B09,121,2026-05-01,1,21,0.047619047619047616
B09,122,2026-05-02,1,21,0.047619047619047616
B09,123,2026-05-03,1,21,0.047619047619047616
B09,124,2026-05-04,1,21,0.047619047619047616
B09,125,2026-05-05,1,21,0.047619047619047616
B09,126,2026-05-06,1,21,0.047619047619047616
B09,127,2026-05-07,1,21,0.047619047619047616
B09,128,2026-05-08,1,21,0.047619047619047616
B09,129,2026-05-09,1,21,0.047619047619047616
B09,130,2026-05-10,1,21,0.047619047619047616
B09,131,2026-05-11,1,21,0.047619047619047616
B09,132,2026-05-12,1,21,0.047619047619047616
B09,133,2026-05-13,0,21,0.0
B09,134,2026-05-14,0,21,0.0
B09,135,2026-05-15,0,21,0.0
B09,136,2026-05-16,0,21,0.0
B09,137,2026-05-17,0,21,0.0
B09,138,2026-05-18,0,21,0.0
B09,139,2026-05-19,0,21,0.0
B09,140,2026-05-20,0,21,0.0
B09,141,2026-05-21,0,21,0.0
B09,142,2026-05-22,0,21,0.0
B09,143,2026-05-23,0,21,0.0
B09,144,2026-05-24,0,21,0.0
B09,145,2026-05-25,0,21,0.0
B09,146,2026-05-26,0,21,0.0
B09,147,2026-05-27,0,21,0.0
B09,148,2026-05-28,0,21,0.0
B09,149,2026-05-29,0,21,0.0
B09,150,2026-05-30,0,21,0.0
B09,151,2026-05-31,0,21,0.0
B09,152,2026-06-01,0,21,0.0
B09,153,2026-06-02,0,21,0.0
B09,154,2026-06-03,0,21,0.0
B09,155,2026-06-04,0,21,0.0
B09,156,2026-06-05,0,21,0.0
B09,157,2026-06-06,0,21,0.0
B09,158,2026-06-07,0,21,0.0
B09,159,2026-06-08,0,21,0.0
B09,160,2026-06-09,0,21,0.0
B09,161,2026-06-10,0,21,0.0
B09,162,2026-06-11,0,21,0.0
B09,163,2026-06-12,0,21,0.0
B09,164,2026-06-13,0,21,0.0
B09,165,2026-06-14,0,21,0.0
B10,5,2026-01-05,0,21,0.0
B10,6,2026-01-06,0,21,0.0
B10,7,2026-01-07,0,21,0.0
B10,8,2026-01-08,0,21,0.0
B10,9,2026-01-09,0,21,0.0
B10,10,2026-01-10,0,21,0.0
B10,11,2026-01-11,0,21,0.0
B10,12,2026-01-12,0,21,0.0
B10,13,2026-01-13,0,21,0.0
B10,14,2026-01-14,0,21,0.0
B10,15,2026-01-15,0,21,0.0
B10,16,2026-01-16,0,21,0.0
B10,17,2026-01-17,0,21,0.0
B10,18,2026-01-18,0,21,0.0
B10,19,2026-01-19,0,21,0.0
B10,20,2026-01-20,0,21,0.0
B10,21,2026-01-21,0,21,0.0
B10,22,2026-01-22,0,21,0.0
B10,23,2026-01-23,0,21,0.0
B10,24,2026-01-24,0,21,0.0
B10,25,2026-01-25,0,21,0.0
B10,26,2026-01-26,0,21,0.0
B10,27,2026-01-27,0,21,0.0
B10,28,2026-01-28,0,21,0.0
B10,29,2026-01-29,0,21,0.0
B10,30,2026-01-30,0,21,0.0
B10,31,2026-01-31,0,21,0.0
B10,32,2026-02-01,0,21,0.0
B10,33,2026-02-02,0,21,0.0
B10,34,2026-02-03,13,21,0.6190476190476191
B10,35,2026-02-04,13,21,0.6190476190476191
B10,36,2026-02-05,13,21,0.6190476190476191
B10,37,2026-02-06,13,21,0.6190476190476191
B10,38,2026-02-07,13,21,0.6190476190476191
B10,39,2026-02-08,13,21,0.6190476190476191
B10,40,2026-02-09,13,21,0.6190476190476191
B10,41,2026-02-10,13,21,0.6190476190476191
B10,42,2026-02-11,13,21,0.6190476190476191
B10,43,2026-02-12,0,21,0.0
B10,44,2026-02-13,0,21,0.0
B10,45,2026-02-14,0,21,0.0
B10,46,2026-02-15,0,21,0.0
B10,47,2026-02-16,0,21,0.0
B10,48,2026-02-17,0,21,0.0
B10,49,2026-02-18,0,21,0.0
B10,50,2026-02-19,0,21,0.0
B10,51,2026-02-20,0,21,0.0
B10,52,2026-02-21,0,21,0.0
B10,53,2026-02-22,0,21,0.0
B10,54,2026-02-23,0,21,0.0
B10,55,2026-02-24,1,21,0.047619047619047616
B10,56,2026-02-25,9,21,0.42857142857142855
B10,57,2026-02-26,7,21,0.3333333333333333
B10,58,2026-02-27,10,21,0.47619047619047616
B10,59,2026-02-28,10,21,0.47619047619047616
B10,60,2026-03-01,10,21,0.47619047619047616
B10,61,2026-03-02,10,21,0.47619047619047616
B10,62,2026-03-03,10,21,0.47619047619047616
B10,63,2026-03-04,0,21,0.0
B10,64,2026-03-05,0,21,0.0
B10,65,2026-03-06,0,21,0.0
B10,66,2026-03-07,0,21,0.0
B10,67,2026-03-08,0,21,0.0
B10,68,2026-03-09,0,21,0.0
B10,69,2026-03-10,0,21,0.0
B10,70,2026-03-11,0,21,0.0
B10,71,2026-03-12,0,21,0.0
B10,72,2026-03-13,0,21,0.0
B10,73,2026-03-14,0,21,0.0
B10,74,2026-03-15,0,21,0.0
B10,75,2026-03-16,0,21,0.0
B10,76,2026-03-17,0,21,0.0
B10,77,2026-03-18,0,21,0.0
B10,78,2026-03-19,0,21,0.0
B10,79,2026-03-20,1,21,0.047619047619047616
B10,80,2026-03-21,1,21,0.047619047619047616
B10,81,2026-03-22,1,21,0.047619047619047616
B10,82,2026-03-23,21,21,1.0
B10,83,2026-03-24,21,21,1.0
B10,84,2026-03-25,21,21,1.0
B10,85,2026-03-26,21,21,1.0
B10,86,2026-03-27,21,21,1.0
B10,87,2026-03-28,21,21,1.0
B10,88,2026-03-29,21,21,1.0
B10,89,2026-03-30,12,21,0.5714285714285714
B10,90,2026-03-31,12,21,0.5714285714285714
B10,91,2026-04-01,12,21,0.5714285714285714
B10,92,2026-04-02,12,21,0.5714285714285714
B10,93,2026-04-03,8,21,0.38095238095238093
B10,94,2026-04-04,8,21,0.38095238095238093
B10,95,2026-04-05,8,21,0.38095238095238093
B10,96,2026-04-06,8,21,0.38095238095238093
B10,97,2026-04-07,8,21,0.38095238095238093
B10,98,2026-04-08,8,21,0.38095238095238093
B10,99,2026-04-09,1,21,0.047619047619047616
B10,100,2026-04-10,1,21,0.047619047619047616
B10,101,2026-04-11,1,21,0.047619047619047616
B10,102,2026-04-12,1,21,0.047619047619047616
B10,103,2026-04-13,1,21,0.047619047619047616
B10,104,2026-04-14,1,21,0.047619047619047616
B10,105,2026-04-15,1,21,0.047619047619047616
B10,106,2026-04-16,1,21,0.047619047619047616
B10,107,2026-04-17,1,21,0.047619047619047616
B10,108,2026-04-18,1,21,0.047619047619047616
B10,109,2026-04-19,1,21,0.047619047619047616
B10,110,2026-04-20,1,21,0.047619047619047616
B10,111,2026-04-21,1,21,0.047619047619047616
B10,112,2026-04-22,1,21,0.047619047619047616
B10,113,2026-04-23,1,21,0.047619047619047616
B10,114,2026-04-24,1,21,0.047619047619047616
B10,115,2026-04-25,1,21,0.047619047619047616
B10,116,2026-04-26,1,21,0.047619047619047616
B10,117,2026-04-27,1,21,0.047619047619047616
B10,118,2026-04-28,1,21,0.047619047619047616
B10,119,2026-04-29,1,21,0.047619047619047616
B10,120,2026-04-30,1,21,0.047619047619047616
B10,121,2026-05-01,1,21,0.047619047619047616
B10,122,2026-05-02,1,21,0.047619047619047616
B10,123,2026-05-03,1,21,0.047619047619047616
B10,124,2026-05-04,1,21,0.047619047619047616
B10,125,2026-05-05,1,21,0.047619047619047616
B10,126,2026-05-06,1,21,0.047619047619047616
B10,127,2026-05-07,1,21,0.047619047619047616
B10,128,2026-05-08,1,21,0.047619047619047616
B10,129,2026-05-09,1,21,0.047619047619047616
B10,130,2026-05-10,1,21,0.047619047619047616
B10,131,2026-05-11,1,21,0.047619047619047616
B10,132,2026-05-12,1,21,0.047619047619047616
B10,133,2026-05-13,0,21,0.0
B10,134,2026-05-14,0,21,0.0
B10,135,2026-05-15,0,21,0.0
B10,136,2026-05-16,0,21,0.0
B10,137,2026-05-17,0,21,0.0
B10,138,2026-05-18,0,21,0.0
B10,139,2026-05-19,0,21,0.0
B10,140,2026-05-20,0,21,0.0
B10,141,2026-05-21,0,21,0.0
B10,142,2026-05-22,1,21,0.047619047619047616
B10,143,2026-05-23,1,21,0.047619047619047616
B10,144,2026-05-24,1,21,0.047619047619047616
B10,145,2026-05-25,1,21,0.047619047619047616
B10,146,2026-05-26,1,21,0.047619047619047616
B10,147,2026-05-27,1,21,0.047619047619047616
B10,148,2026-05-28,1,21,0.047619047619047616
B10,149,2026-05-29,2,21,0.09523809523809523
B10,150,2026-05-30,2,21,0.09523809523809523
B10,151,2026-05-31,2,21,0.09523809523809523
B10,152,2026-06-01,2,21,0.09523809523809523
B10,153,2026-06-02,2,21,0.09523809523809523
B10,154,2026-06-03,2,21,0.09523809523809523
B10,155,2026-06-04,2,21,0.09523809523809523
B10,156,2026-06-05,2,21,0.09523809523809523
B10,157,2026-06-06,2,21,0.09523809523809523
B10,158,2026-06-07,2,21,0.09523809523809523
B10,159,2026-06-08,2,21,0.09523809523809523
B10,160,2026-06-09,2,21,0.09523809523809523
B10,161,2026-06-10,1,21,0.047619047619047616
B10,162,2026-06-11,0,21,0.0
B10,163,2026-06-12,0,21,0.0
B10,164,2026-06-13,0,21,0.0
B10,165,2026-06-14,0,21,0.0
B11,5,2026-01-05,0,21,0.0
B11,6,2026-01-06,0,21,0.0
B11,7,2026-01-07,0,21,0.0
B11,8,2026-01-08,0,21,0.0
B11,9,2026-01-09,0,21,0.0
B11,10,2026-01-10,0,21,0.0
B11,11,2026-01-11,0,21,0.0
B11,12,2026-01-12,0,21,0.0
B11,13,2026-01-13,0,21,0.0
B11,14,2026-01-14,0,21,0.0
B11,15,2026-01-15,0,21,0.0
B11,16,2026-01-16,0,21,0.0
B11,17,2026-01-17,0,21,0.0
B11,18,2026-01-18,0,21,0.0
B11,19,2026-01-19,0,21,0.0
B11,20,2026-01-20,0,21,0.0
B11,21,2026-01-21,0,21,0.0
B11,22,2026-01-22,0,21,0.0
B11,23,2026-01-23,0,21,0.0
B11,24,2026-01-24,0,21,0.0
B11,25,2026-01-25,0,21,0.0
B11,26,2026-01-26,0,21,0.0
B11,27,2026-01-27,0,21,0.0
B11,28,2026-01-28,0,21,0.0
B11,29,2026-01-29,0,21,0.0
B11,30,2026-01-30,0,21,0.0
B11,31,2026-01-31,0,21,0.0
B11,32,2026-02-01,0,21,0.0
B11,33,2026-02-02,0,21,0.0
B11,34,2026-02-03,0,21,0.0
B11,35,2026-02-04,0,21,0.0
B11,36,2026-02-05,0,21,0.0
B11,37,2026-02-06,0,21,0.0
B11,38,2026-02-07,0,21,0.0
B11,39,2026-02-08,0,21,0.0
B11,40,2026-02-09,0,21,0.0
B11,41,2026-02-10,0,21,0.0
B11,42,2026-02-11,0,21,0.0
B11,43,2026-02-12,0,21,0.0
B11,44,2026-02-13,0,21,0.0
B11,45,2026-02-14,0,21,0.0
B11,46,2026-02-15,0,21,0.0
B11,47,2026-02-16,0,21,0.0
B11,48,2026-02-17,0,21,0.0
B11,49,2026-02-18,0,21,0.0
B11,50,2026-02-19,0,21,0.0
B11,51,2026-02-20,0,21,0.0
B11,52,2026-02-21,0,21,0.0
B11,53,2026-02-22,0,21,0.0
B11,54,2026-02-23,0,21,0.0
B11,55,2026-02-24,0,21,0.0
B11,56,2026-02-25,0,21,0.0
B11,57,2026-02-26,0,21,0.0
B11,58,2026-02-27,0,21,0.0
B11,59,2026-02-28,0,21,0.0
B11,60,2026-03-01,0,21,0.0
B11,61,2026-03-02,0,21,0.0
B11,62,2026-03-03,0,21,0.0
B11,63,2026-03-04,0,21,0.0
B11,64,2026-03-05,0,21,0.0
B11,65,2026-03-06,0,21,0.0
B11,66,2026-03-07,0,21,0.0
B11,67,2026-03-08,0,21,0.0
B11,68,2026-03-09,0,21,0.0
B11,69,2026-03-10,0,21,0.0
B11,70,2026-03-11,0,21,0.0
B11,71,2026-03-12,0,21,0.0
B11,72,2026-03-13,0,21,0.0
B11,73,2026-03-14,0,21,0.0
B11,74,2026-03-15,0,21,0.0
B11,75,2026-03-16,0,21,0.0
B11,76,2026-03-17,0,21,0.0
B11,77,2026-03-18,0,21,0.0
B11,78,2026-03-19,0,21,0.0
B11,79,2026-03-20,0,21,0.0
B11,80,2026-03-21,0,21,0.0
B11,81,2026-03-22,0,21,0.0
B11,82,2026-03-23,0,21,0.0
B11,83,2026-03-24,0,21,0.0
B11,84,2026-03-25,0,21,0.0
B11,85,2026-03-26,0,21,0.0
B11,86,2026-03-27,0,21,0.0
B11,87,2026-03-28,0,21,0.0
B11,88,2026-03-29,0,21,0.0
B11,89,2026-03-30,0,21,0.0
B11,90,2026-03-31,0,21,0.0
B11,91,2026-04-01,0,21,0.0
B11,92,2026-04-02,0,21,0.0
B11,93,2026-04-03,0,21,0.0
B11,94,2026-04-04,0,21,0.0
B11,95,2026-04-05,0,21,0.0
B11,96,2026-04-06,0,21,0.0
B11,97,2026-04-07,0,21,0.0
B11,98,2026-04-08,0,21,0.0
B11,99,2026-04-09,0,21,0.0
B11,100,2026-04-10,0,21,0.0
B11,101,2026-04-11,0,21,0.0
B11,102,2026-04-12,0,21,0.0
B11,103,2026-04-13,0,21,0.0
B11,104,2026-04-14,0,21,0.0
B11,105,2026-04-15,0,21,0.0
B11,106,2026-04-16,0,21,0.0
B11,107,2026-04-17,0,21,0.0
B11,108,2026-04-18,0,21,0.0
B11,109,2026-04-19,0,21,0.0
B11,110,2026-04-20,0,21,0.0
B11,111,2026-04-21,0,21,0.0
B11,112,2026-04-22,0,21,0.0
B11,113,2026-04-23,0,21,0.0
B11,114,2026-04-24,0,21,0.0
B11,115,2026-04-25,0,21,0.0
B11,116,2026-04-26,0,21,0.0
B11,117,2026-04-27,0,21,0.0
B11,118,2026-04-28,0,21,0.0
B11,119,2026-04-29,0,21,0.0
B11,120,2026-04-30,0,21,0.0
B11,121,2026-05-01,0,21,0.0
B11,122,2026-05-02,0,21,0.0
B11,123,2026-05-03,0,21,0.0
B11,124,2026-05-04,0,21,0.0
B11,125,2026-05-05,0,21,0.0
B11,126,2026-05-06,0,21,0.0
B11,127,2026-05-07,0,21,0.0
B11,128,2026-05-08,0,21,0.0
B11,129,2026-05-09,0,21,0.0
B11,130,2026-05-10,0,21,0.0
B11,131,2026-05-11,0,21,0.0
B11,132,2026-05-12,0,21,0.0
B11,133,2026-05-13,0,21,0.0
B11,134,2026-05-14,0,21,0.0
B11,135,2026-05-15,0,21,0.0
B11,136,2026-05-16,0,21,0.0
B11,137,2026-05-17,0,21,0.0
B11,138,2026-05-18,0,21,0.0
B11,139,2026-05-19,0,21,0.0
B11,140,2026-05-20,0,21,0.0
B11,141,2026-05-21,0,21,0.0
B11,142,2026-05-22,0,21,0.0
B11,143,2026-05-23,0,21,0.0
B11,144,2026-05-24,0,21,0.0
B11,145,2026-05-25,0,21,0.0
B11,146,2026-05-26,0,21,0.0
B11,147,2026-05-27,0,21,0.0
B11,148,2026-05-28,0,21,0.0
B11,149,2026-05-29,0,21,0.0
B11,150,2026-05-30,0,21,0.0
B11,151,2026-05-31,0,21,0.0
B11,152,2026-06-01,0,21,0.0
B11,153,2026-06-02,0,21,0.0
B11,154,2026-06-03,0,21,0.0
B11,155,2026-06-04,0,21,0.0
B11,156,2026-06-05,0,21,0.0
B11,157,2026-06-06,0,21,0.0
B11,158,2026-06-07,0,21,0.0
B11,159,2026-06-08,0,21,0.0
B11,160,2026-06-09,0,21,0.0
B11,161,2026-06-10,0,21,0.0
B11,162,2026-06-11,0,21,0.0
B11,163,2026-06-12,0,21,0.0
B11,164,2026-06-13,0,21,0.0
B11,165,2026-06-14,0,21,0.0
B12,5,2026-01-05,0,21,0.0
B12,6,2026-01-06,0,21,0.0
B12,7,2026-01-07,0,21,0.0
B12,8,2026-01-08,0,21,0.0
B12,9,2026-01-09,0,21,0.0
B12,10,2026-01-10,0,21,0.0
B12,11,2026-01-11,0,21,0.0
B12,12,2026-01-12,0,21,0.0
B12,13,2026-01-13,0,21,0.0
B12,14,2026-01-14,0,21,0.0
B12,15,2026-01-15,0,21,0.0
B12,16,2026-01-16,0,21,0.0
B12,17,2026-01-17,0,21,0.0
B12,18,2026-01-18,0,21,0.0
B12,19,2026-01-19,0,21,0.0
B12,20,2026-01-20,0,21,0.0
B12,21,2026-01-21,0,21,0.0
B12,22,2026-01-22,0,21,0.0
B12,23,2026-01-23,0,21,0.0
B12,24,2026-01-24,0,21,0.0
B12,25,2026-01-25,0,21,0.0
B12,26,2026-01-26,0,21,0.0
B12,27,2026-01-27,0,21,0.0
B12,28,2026-01-28,0,21,0.0
B12,29,2026-01-29,0,21,0.0
B12,30,2026-01-30,0,21,0.0
B12,31,2026-01-31,0,21,0.0
B12,32,2026-02-01,0,21,0.0
B12,33,2026-02-02,0,21,0.0
B12,34,2026-02-03,0,21,0.0
B12,35,2026-02-04,0,21,0.0
B12,36,2026-02-05,0,21,0.0
B12,37,2026-02-06,0,21,0.0
B12,38,2026-02-07,0,21,0.0
B12,39,2026-02-08,0,21,0.0
B12,40,2026-02-09,0,21,0.0
B12,41,2026-02-10,0,21,0.0
B12,42,2026-02-11,0,21,0.0
B12,43,2026-02-12,0,21,0.0
B12,44,2026-02-13,0,21,0.0
B12,45,2026-02-14,0,21,0.0
B12,46,2026-02-15,0,21,0.0
B12,47,2026-02-16,0,21,0.0
B12,48,2026-02-17,0,21,0.0
B12,49,2026-02-18,0,21,0.0
B12,50,2026-02-19,0,21,0.0
B12,51,2026-02-20,0,21,0.0
B12,52,2026-02-21,0,21,0.0
B12,53,2026-02-22,0,21,0.0
B12,54,2026-02-23,0,21,0.0
B12,55,2026-02-24,0,21,0.0
B12,56,2026-02-25,0,21,0.0
B12,57,2026-02-26,0,21,0.0
B12,58,2026-02-27,0,21,0.0
B12,59,2026-02-28,0,21,0.0
B12,60,2026-03-01,0,21,0.0
B12,61,2026-03-02,0,21,0.0
B12,62,2026-03-03,0,21,0.0
B12,63,2026-03-04,0,21,0.0
B12,64,2026-03-05,0,21,0.0
B12,65,2026-03-06,0,21,0.0
B12,66,2026-03-07,0,21,0.0
B12,67,2026-03-08,0,21,0.0
B12,68,2026-03-09,0,21,0.0
B12,69,2026-03-10,0,21,0.0
B12,70,2026-03-11,0,21,0.0
B12,71,2026-03-12,0,21,0.0
B12,72,2026-03-13,0,21,0.0
B12,73,2026-03-14,0,21,0.0
B12,74,2026-03-15,0,21,0.0
B12,75,2026-03-16,0,21,0.0
B12,76,2026-03-17,0,21,0.0
B12,77,2026-03-18,0,21,0.0
B12,78,2026-03-19,0,21,0.0
B12,79,2026-03-20,0,21,0.0
B12,80,2026-03-21,0,21,0.0
B12,81,2026-03-22,0,21,0.0
B12,82,2026-03-23,0,21,0.0
B12,83,2026-03-24,0,21,0.0
B12,84,2026-03-25,0,21,0.0
B12,85,2026-03-26,0,21,0.0
B12,86,2026-03-27,0,21,0.0
B12,87,2026-03-28,0,21,0.0
B12,88,2026-03-29,0,21,0.0
B12,89,2026-03-30,0,21,0.0
B12,90,2026-03-31,0,21,0.0
B12,91,2026-04-01,0,21,0.0
B12,92,2026-04-02,0,21,0.0
B12,93,2026-04-03,0,21,0.0
B12,94,2026-04-04,0,21,0.0
B12,95,2026-04-05,0,21,0.0
B12,96,2026-04-06,0,21,0.0
B12,97,2026-04-07,0,21,0.0
B12,98,2026-04-08,0,21,0.0
B12,99,2026-04-09,0,21,0.0
B12,100,2026-04-10,0,21,0.0
B12,101,2026-04-11,0,21,0.0
B12,102,2026-04-12,0,21,0.0
B12,103,2026-04-13,0,21,0.0
B12,104,2026-04-14,0,21,0.0
B12,105,2026-04-15,0,21,0.0
B12,106,2026-04-16,0,21,0.0
B12,107,2026-04-17,0,21,0.0
B12,108,2026-04-18,0,21,0.0
B12,109,2026-04-19,0,21,0.0
B12,110,2026-04-20,0,21,0.0
B12,111,2026-04-21,0,21,0.0
B12,112,2026-04-22,0,21,0.0
B12,113,2026-04-23,0,21,0.0
B12,114,2026-04-24,0,21,0.0
B12,115,2026-04-25,0,21,0.0
B12,116,2026-04-26,0,21,0.0
B12,117,2026-04-27,0,21,0.0
B12,118,2026-04-28,0,21,0.0
B12,119,2026-04-29,0,21,0.0
B12,120,2026-04-30,0,21,0.0
B12,121,2026-05-01,0,21,0.0
B12,122,2026-05-02,0,21,0.0
B12,123,2026-05-03,0,21,0.0
B12,124,2026-05-04,0,21,0.0
B12,125,2026-05-05,0,21,0.0
B12,126,2026-05-06,0,21,0.0
B12,127,2026-05-07,0,21,0.0
B12,128,2026-05-08,0,21,0.0
B12,129,2026-05-09,0,21,0.0
B12,130,2026-05-10,0,21,0.0
B12,131,2026-05-11,0,21,0.0
B12,132,2026-05-12,0,21,0.0
B12,133,2026-05-13,0,21,0.0
B12,134,2026-05-14,0,21,0.0
B12,135,2026-05-15,0,21,0.0
B12,136,2026-05-16,0,21,0.0
B12,137,2026-05-17,0,21,0.0
B12,138,2026-05-18,0,21,0.0
B12,139,2026-05-19,0,21,0.0
B12,140,2026-05-20,0,21,0.0
B12,141,2026-05-21,0,21,0.0
B12,142,2026-05-22,0,21,0.0
B12,143,2026-05-23,0,21,0.0
B12,144,2026-05-24,0,21,0.0
B12,145,2026-05-25,0,21,0.0
B12,146,2026-05-26,0,21,0.0
B12,147,2026-05-27,0,21,0.0
B12,148,2026-05-28,0,21,0.0
B12,149,2026-05-29,0,21,0.0
B12,150,2026-05-30,0,21,0.0
B12,151,2026-05-31,0,21,0.0
B12,152,2026-06-01,0,21,0.0
B12,153,2026-06-02,0,21,0.0
B12,154,2026-06-03,0,21,0.0
B12,155,2026-06-04,0,21,0.0
B12,156,2026-06-05,0,21,0.0
B12,157,2026-06-06,0,21,0.0
B12,158,2026-06-07,0,21,0.0
B12,159,2026-06-08,0,21,0.0
B12,160,2026-06-09,0,21,0.0
B12,161,2026-06-10,0,21,0.0
B12,162,2026-06-11,0,21,0.0
B12,163,2026-06-12,0,21,0.0
B12,164,2026-06-13,0,21,0.0
B12,165,2026-06-14,0,21,0.0
B13,5,2026-01-05,0,21,0.0
B13,6,2026-01-06,0,21,0.0
B13,7,2026-01-07,0,21,0.0
B13,8,2026-01-08,0,21,0.0
B13,9,2026-01-09,0,21,0.0
B13,10,2026-01-10,0,21,0.0
B13,11,2026-01-11,0,21,0.0
B13,12,2026-01-12,0,21,0.0
B13,13,2026-01-13,0,21,0.0
B13,14,2026-01-14,0,21,0.0
B13,15,2026-01-15,0,21,0.0
B13,16,2026-01-16,0,21,0.0
B13,17,2026-01-17,0,21,0.0
B13,18,2026-01-18,0,21,0.0
B13,19,2026-01-19,0,21,0.0
B13,20,2026-01-20,0,21,0.0
B13,21,2026-01-21,0,21,0.0
B13,22,2026-01-22,0,21,0.0
B13,23,2026-01-23,0,21,0.0
B13,24,2026-01-24,0,21,0.0
B13,25,2026-01-25,0,21,0.0
B13,26,2026-01-26,0,21,0.0
B13,27,2026-01-27,0,21,0.0
B13,28,2026-01-28,0,21,0.0
B13,29,2026-01-29,0,21,0.0
B13,30,2026-01-30,0,21,0.0
B13,31,2026-01-31,0,21,0.0
B13,32,2026-02-01,0,21,0.0
B13,33,2026-02-02,0,21,0.0
B13,34,2026-02-03,0,21,0.0
B13,35,2026-02-04,0,21,0.0
B13,36,2026-02-05,0,21,0.0
B13,37,2026-02-06,0,21,0.0
B13,38,2026-02-07,0,21,0.0
B13,39,2026-02-08,0,21,0.0
B13,40,2026-02-09,0,21,0.0
B13,41,2026-02-10,0,21,0.0
B13,42,2026-02-11,0,21,0.0
B13,43,2026-02-12,0,21,0.0
B13,44,2026-02-13,0,21,0.0
B13,45,2026-02-14,0,21,0.0
B13,46,2026-02-15,0,21,0.0
B13,47,2026-02-16,0,21,0.0
B13,48,2026-02-17,0,21,0.0
B13,49,2026-02-18,0,21,0.0
B13,50,2026-02-19,0,21,0.0
B13,51,2026-02-20,0,21,0.0
B13,52,2026-02-21,0,21,0.0
B13,53,2026-02-22,0,21,0.0
B13,54,2026-02-23,0,21,0.0
B13,55,2026-02-24,0,21,0.0
B13,56,2026-02-25,0,21,0.0
B13,57,2026-02-26,0,21,0.0
B13,58,2026-02-27,0,21,0.0
B13,59,2026-02-28,0,21,0.0
B13,60,2026-03-01,0,21,0.0
B13,61,2026-03-02,0,21,0.0
B13,62,2026-03-03,0,21,0.0
B13,63,2026-03-04,0,21,0.0
B13,64,2026-03-05,0,21,0.0
B13,65,2026-03-06,0,21,0.0
B13,66,2026-03-07,0,21,0.0
B13,67,2026-03-08,0,21,0.0
B13,68,2026-03-09,0,21,0.0
B13,69,2026-03-10,0,21,0.0
B13,70,2026-03-11,0,21,0.0
B13,71,2026-03-12,0,21,0.0
B13,72,2026-03-13,0,21,0.0
B13,73,2026-03-14,0,21,0.0
B13,74,2026-03-15,0,21,0.0
B13,75,2026-03-16,0,21,0.0
B13,76,2026-03-17,0,21,0.0
B13,77,2026-03-18,0,21,0.0
B13,78,2026-03-19,0,21,0.0
B13,79,2026-03-20,0,21,0.0
B13,80,2026-03-21,0,21,0.0
B13,81,2026-03-22,0,21,0.0
B13,82,2026-03-23,0,21,0.0
B13,83,2026-03-24,0,21,0.0
B13,84,2026-03-25,0,21,0.0
B13,85,2026-03-26,0,21,0.0
B13,86,2026-03-27,0,21,0.0
B13,87,2026-03-28,0,21,0.0
B13,88,2026-03-29,0,21,0.0
B13,89,2026-03-30,0,21,0.0
B13,90,2026-03-31,0,21,0.0
B13,91,2026-04-01,0,21,0.0
B13,92,2026-04-02,0,21,0.0
B13,93,2026-04-03,0,21,0.0
B13,94,2026-04-04,0,21,0.0
B13,95,2026-04-05,0,21,0.0
B13,96,2026-04-06,0,21,0.0
B13,97,2026-04-07,0,21,0.0
B13,98,2026-04-08,0,21,0.0
B13,99,2026-04-09,0,21,0.0
B13,100,2026-04-10,0,21,0.0
B13,101,2026-04-11,0,21,0.0
B13,102,2026-04-12,0,21,0.0
B13,103,2026-04-13,0,21,0.0
B13,104,2026-04-14,0,21,0.0
B13,105,2026-04-15,0,21,0.0
B13,106,2026-04-16,0,21,0.0
B13,107,2026-04-17,0,21,0.0
B13,108,2026-04-18,0,21,0.0
B13,109,2026-04-19,0,21,0.0
B13,110,2026-04-20,0,21,0.0
B13,111,2026-04-21,0,21,0.0
B13,112,2026-04-22,0,21,0.0
B13,113,2026-04-23,0,21,0.0
B13,114,2026-04-24,0,21,0.0
B13,115,2026-04-25,0,21,0.0
B13,116,2026-04-26,0,21,0.0
B13,117,2026-04-27,0,21,0.0
B13,118,2026-04-28,0,21,0.0
B13,119,2026-04-29,0,21,0.0
B13,120,2026-04-30,0,21,0.0
B13,121,2026-05-01,0,21,0.0
B13,122,2026-05-02,0,21,0.0
B13,123,2026-05-03,0,21,0.0
B13,124,2026-05-04,0,21,0.0
B13,125,2026-05-05,0,21,0.0
B13,126,2026-05-06,0,21,0.0
B13,127,2026-05-07,0,21,0.0
B13,128,2026-05-08,0,21,0.0
B13,129,2026-05-09,0,21,0.0
B13,130,2026-05-10,0,21,0.0
B13,131,2026-05-11,0,21,0.0
B13,132,2026-05-12,0,21,0.0
B13,133,2026-05-13,0,21,0.0
B13,134,2026-05-14,0,21,0.0
B13,135,2026-05-15,0,21,0.0
B13,136,2026-05-16,0,21,0.0
B13,137,2026-05-17,0,21,0.0
B13,138,2026-05-18,0,21,0.0
B13,139,2026-05-19,0,21,0.0
B13,140,2026-05-20,0,21,0.0
B13,141,2026-05-21,0,21,0.0
B13,142,2026-05-22,0,21,0.0
B13,143,2026-05-23,0,21,0.0
B13,144,2026-05-24,0,21,0.0
B13,145,2026-05-25,0,21,0.0
B13,146,2026-05-26,0,21,0.0
B13,147,2026-05-27,0,21,0.0
B13,148,2026-05-28,0,21,0.0
B13,149,2026-05-29,0,21,0.0
B13,150,2026-05-30,0,21,0.0
B13,151,2026-05-31,0,21,0.0
B13,152,2026-06-01,0,21,0.0
B13,153,2026-06-02,0,21,0.0
B13,154,2026-06-03,0,21,0.0
B13,155,2026-06-04,0,21,0.0
B13,156,2026-06-05,0,21,0.0
B13,157,2026-06-06,0,21,0.0
B13,158,2026-06-07,0,21,0.0
B13,159,2026-06-08,0,21,0.0
B13,160,2026-06-09,0,21,0.0
B13,161,2026-06-10,0,21,0.0
B13,162,2026-06-11,0,21,0.0
B13,163,2026-06-12,0,21,0.0
B13,164,2026-06-13,0,21,0.0
B13,165,2026-06-14,0,21,0.0
B14,5,2026-01-05,0,21,0.0
B14,6,2026-01-06,0,21,0.0
B14,7,2026-01-07,0,21,0.0
B14,8,2026-01-08,0,21,0.0
B14,9,2026-01-09,0,21,0.0
B14,10,2026-01-10,0,21,0.0
B14,11,2026-01-11,0,21,0.0
B14,12,2026-01-12,0,21,0.0
B14,13,2026-01-13,0,21,0.0
B14,14,2026-01-14,0,21,0.0
B14,15,2026-01-15,0,21,0.0
B14,16,2026-01-16,0,21,0.0
B14,17,2026-01-17,0,21,0.0
B14,18,2026-01-18,0,21,0.0
B14,19,2026-01-19,0,21,0.0
B14,20,2026-01-20,0,21,0.0
B14,21,2026-01-21,0,21,0.0
B14,22,2026-01-22,0,21,0.0
B14,23,2026-01-23,0,21,0.0
B14,24,2026-01-24,0,21,0.0
B14,25,2026-01-25,0,21,0.0
B14,26,2026-01-26,0,21,0.0
B14,27,2026-01-27,0,21,0.0
B14,28,2026-01-28,0,21,0.0
B14,29,2026-01-29,0,21,0.0
B14,30,2026-01-30,0,21,0.0
B14,31,2026-01-31,0,21,0.0
B14,32,2026-02-01,0,21,0.0
B14,33,2026-02-02,0,21,0.0
B14,34,2026-02-03,0,21,0.0
B14,35,2026-02-04,0,21,0.0
B14,36,2026-02-05,0,21,0.0
B14,37,2026-02-06,0,21,0.0
B14,38,2026-02-07,0,21,0.0
B14,39,2026-02-08,0,21,0.0
B14,40,2026-02-09,0,21,0.0
B14,41,2026-02-10,0,21,0.0
B14,42,2026-02-11,0,21,0.0
B14,43,2026-02-12,0,21,0.0
B14,44,2026-02-13,0,21,0.0
B14,45,2026-02-14,0,21,0.0
B14,46,2026-02-15,0,21,0.0
B14,47,2026-02-16,0,21,0.0
B14,48,2026-02-17,0,21,0.0
B14,49,2026-02-18,0,21,0.0
B14,50,2026-02-19,0,21,0.0
B14,51,2026-02-20,0,21,0.0
B14,52,2026-02-21,0,21,0.0
B14,53,2026-02-22,0,21,0.0
B14,54,2026-02-23,0,21,0.0
B14,55,2026-02-24,0,21,0.0
B14,56,2026-02-25,0,21,0.0
B14,57,2026-02-26,0,21,0.0
B14,58,2026-02-27,0,21,0.0
B14,59,2026-02-28,0,21,0.0
B14,60,2026-03-01,0,21,0.0
B14,61,2026-03-02,0,21,0.0
B14,62,2026-03-03,0,21,0.0
B14,63,2026-03-04,0,21,0.0
B14,64,2026-03-05,0,21,0.0
B14,65,2026-03-06,0,21,0.0
B14,66,2026-03-07,0,21,0.0
B14,67,2026-03-08,0,21,0.0
B14,68,2026-03-09,0,21,0.0
B14,69,2026-03-10,0,21,0.0
B14,70,2026-03-11,0,21,0.0
B14,71,2026-03-12,0,21,0.0
B14,72,2026-03-13,0,21,0.0
B14,73,2026-03-14,0,21,0.0
B14,74,2026-03-15,0,21,0.0
B14,75,2026-03-16,0,21,0.0
B14,76,2026-03-17,0,21,0.0
B14,77,2026-03-18,0,21,0.0
B14,78,2026-03-19,0,21,0.0
B14,79,2026-03-20,0,21,0.0
B14,80,2026-03-21,0,21,0.0
B14,81,2026-03-22,0,21,0.0
B14,82,2026-03-23,0,21,0.0
B14,83,2026-03-24,0,21,0.0
B14,84,2026-03-25,0,21,0.0
B14,85,2026-03-26,0,21,0.0
B14,86,2026-03-27,0,21,0.0
B14,87,2026-03-28,0,21,0.0
B14,88,2026-03-29,0,21,0.0
B14,89,2026-03-30,0,21,0.0
B14,90,2026-03-31,0,21,0.0
B14,91,2026-04-01,0,21,0.0
B14,92,2026-04-02,0,21,0.0
B14,93,2026-04-03,0,21,0.0
B14,94,2026-04-04,0,21,0.0
B14,95,2026-04-05,0,21,0.0
B14,96,2026-04-06,0,21,0.0
B14,97,2026-04-07,0,21,0.0
B14,98,2026-04-08,0,21,0.0
B14,99,2026-04-09,0,21,0.0
B14,100,2026-04-10,0,21,0.0
B14,101,2026-04-11,0,21,0.0
B14,102,2026-04-12,0,21,0.0
B14,103,2026-04-13,0,21,0.0
B14,104,2026-04-14,0,21,0.0
B14,105,2026-04-15,0,21,0.0
B14,106,2026-04-16,0,21,0.0
B14,107,2026-04-17,0,21,0.0
B14,108,2026-04-18,0,21,0.0
B14,109,2026-04-19,0,21,0.0
B14,110,2026-04-20,0,21,0.0
B14,111,2026-04-21,0,21,0.0
B14,112,2026-04-22,0,21,0.0
B14,113,2026-04-23,0,21,0.0
B14,114,2026-04-24,0,21,0.0
B14,115,2026-04-25,0,21,0.0
B14,116,2026-04-26,0,21,0.0
B14,117,2026-04-27,0,21,0.0
B14,118,2026-04-28,0,21,0.0
B14,119,2026-04-29,0,21,0.0
B14,120,2026-04-30,0,21,0.0
B14,121,2026-05-01,0,21,0.0
B14,122,2026-05-02,0,21,0.0
B14,123,2026-05-03,0,21,0.0
B14,124,2026-05-04,0,21,0.0
B14,125,2026-05-05,0,21,0.0
B14,126,2026-05-06,0,21,0.0
B14,127,2026-05-07,0,21,0.0
B14,128,2026-05-08,0,21,0.0
B14,129,2026-05-09,0,21,0.0
B14,130,2026-05-10,0,21,0.0
B14,131,2026-05-11,0,21,0.0
B14,132,2026-05-12,0,21,0.0
B14,133,2026-05-13,0,21,0.0
B14,134,2026-05-14,0,21,0.0
B14,135,2026-05-15,0,21,0.0
B14,136,2026-05-16,0,21,0.0
B14,137,2026-05-17,0,21,0.0
B14,138,2026-05-18,0,21,0.0
B14,139,2026-05-19,0,21,0.0
B14,140,2026-05-20,0,21,0.0
B14,141,2026-05-21,0,21,0.0
B14,142,2026-05-22,0,21,0.0
B14,143,2026-05-23,0,21,0.0
B14,144,2026-05-24,0,21,0.0
B14,145,2026-05-25,0,21,0.0
B14,146,2026-05-26,0,21,0.0
B14,147,2026-05-27,0,21,0.0
B14,148,2026-05-28,0,21,0.0
B14,149,2026-05-29,0,21,0.0
B14,150,2026-05-30,0,21,0.0
B14,151,2026-05-31,0,21,0.0
B14,152,2026-06-01,0,21,0.0
B14,153,2026-06-02,0,21,0.0
B14,154,2026-06-03,0,21,0.0
B14,155,2026-06-04,0,21,0.0
B14,156,2026-06-05,0,21,0.0
B14,157,2026-06-06,0,21,0.0
B14,158,2026-06-07,0,21,0.0
B14,159,2026-06-08,0,21,0.0
B14,160,2026-06-09,0,21,0.0
B14,161,2026-06-10,0,21,0.0
B14,162,2026-06-11,0,21,0.0
B14,163,2026-06-12,0,21,0.0
B14,164,2026-06-13,0,21,0.0
B14,165,2026-06-14,0,21,0.0
B15,5,2026-01-05,0,21,0.0
B15,6,2026-01-06,0,21,0.0
B15,7,2026-01-07,0,21,0.0
B15,8,2026-01-08,0,21,0.0
B15,9,2026-01-09,0,21,0.0
B15,10,2026-01-10,0,21,0.0
B15,11,2026-01-11,0,21,0.0
B15,12,2026-01-12,0,21,0.0
B15,13,2026-01-13,0,21,0.0
B15,14,2026-01-14,0,21,0.0
B15,15,2026-01-15,0,21,0.0
B15,16,2026-01-16,0,21,0.0
B15,17,2026-01-17,0,21,0.0
B15,18,2026-01-18,0,21,0.0
B15,19,2026-01-19,0,21,0.0
B15,20,2026-01-20,0,21,0.0
B15,21,2026-01-21,0,21,0.0
B15,22,2026-01-22,0,21,0.0
B15,23,2026-01-23,0,21,0.0
B15,24,2026-01-24,0,21,0.0
B15,25,2026-01-25,0,21,0.0
B15,26,2026-01-26,0,21,0.0
B15,27,2026-01-27,0,21,0.0
B15,28,2026-01-28,0,21,0.0
B15,29,2026-01-29,0,21,0.0
B15,30,2026-01-30,0,21,0.0
B15,31,2026-01-31,0,21,0.0
B15,32,2026-02-01,0,21,0.0
B15,33,2026-02-02,0,21,0.0
B15,34,2026-02-03,0,21,0.0
B15,35,2026-02-04,0,21,0.0
B15,36,2026-02-05,0,21,0.0
B15,37,2026-02-06,0,21,0.0
B15,38,2026-02-07,0,21,0.0
B15,39,2026-02-08,0,21,0.0
B15,40,2026-02-09,0,21,0.0
B15,41,2026-02-10,0,21,0.0
B15,42,2026-02-11,0,21,0.0
B15,43,2026-02-12,0,21,0.0
B15,44,2026-02-13,0,21,0.0
B15,45,2026-02-14,0,21,0.0
B15,46,2026-02-15,0,21,0.0
B15,47,2026-02-16,0,21,0.0
B15,48,2026-02-17,0,21,0.0
B15,49,2026-02-18,0,21,0.0
B15,50,2026-02-19,0,21,0.0
B15,51,2026-02-20,0,21,0.0
B15,52,2026-02-21,0,21,0.0
B15,53,2026-02-22,0,21,0.0
B15,54,2026-02-23,0,21,0.0
B15,55,2026-02-24,0,21,0.0
B15,56,2026-02-25,0,21,0.0
B15,57,2026-02-26,0,21,0.0
B15,58,2026-02-27,0,21,0.0
B15,59,2026-02-28,0,21,0.0
B15,60,2026-03-01,0,21,0.0
B15,61,2026-03-02,0,21,0.0
B15,62,2026-03-03,0,21,0.0
B15,63,2026-03-04,0,21,0.0
B15,64,2026-03-05,0,21,0.0
B15,65,2026-03-06,0,21,0.0
B15,66,2026-03-07,0,21,0.0
B15,67,2026-03-08,0,21,0.0
B15,68,2026-03-09,0,21,0.0
B15,69,2026-03-10,0,21,0.0
B15,70,2026-03-11,0,21,0.0
B15,71,2026-03-12,0,21,0.0
B15,72,2026-03-13,0,21,0.0
B15,73,2026-03-14,0,21,0.0
B15,74,2026-03-15,0,21,0.0
B15,75,2026-03-16,0,21,0.0
B15,76,2026-03-17,0,21,0.0
B15,77,2026-03-18,0,21,0.0
B15,78,2026-03-19,0,21,0.0
B15,79,2026-03-20,0,21,0.0
B15,80,2026-03-21,0,21,0.0
B15,81,2026-03-22,0,21,0.0
B15,82,2026-03-23,0,21,0.0
B15,83,2026-03-24,0,21,0.0
B15,84,2026-03-25,0,21,0.0
B15,85,2026-03-26,0,21,0.0
B15,86,2026-03-27,0,21,0.0
B15,87,2026-03-28,0,21,0.0
B15,88,2026-03-29,0,21,0.0
B15,89,2026-03-30,0,21,0.0
B15,90,2026-03-31,0,21,0.0
B15,91,2026-04-01,0,21,0.0
B15,92,2026-04-02,0,21,0.0
B15,93,2026-04-03,0,21,0.0
B15,94,2026-04-04,0,21,0.0
B15,95,2026-04-05,0,21,0.0
B15,96,2026-04-06,0,21,0.0
B15,97,2026-04-07,0,21,0.0
B15,98,2026-04-08,0,21,0.0
B15,99,2026-04-09,0,21,0.0
B15,100,2026-04-10,0,21,0.0
B15,101,2026-04-11,0,21,0.0
B15,102,2026-04-12,0,21,0.0
B15,103,2026-04-13,0,21,0.0
B15,104,2026-04-14,0,21,0.0
B15,105,2026-04-15,0,21,0.0
B15,106,2026-04-16,0,21,0.0
B15,107,2026-04-17,0,21,0.0
B15,108,2026-04-18,0,21,0.0
B15,109,2026-04-19,0,21,0.0
B15,110,2026-04-20,0,21,0.0
B15,111,2026-04-21,0,21,0.0
B15,112,2026-04-22,0,21,0.0
B15,113,2026-04-23,0,21,0.0
B15,114,2026-04-24,0,21,0.0
B15,115,2026-04-25,0,21,0.0
B15,116,2026-04-26,0,21,0.0
B15,117,2026-04-27,0,21,0.0
B15,118,2026-04-28,0,21,0.0
B15,119,2026-04-29,0,21,0.0
B15,120,2026-04-30,0,21,0.0
B15,121,2026-05-01,0,21,0.0
B15,122,2026-05-02,0,21,0.0
B15,123,2026-05-03,0,21,0.0
B15,124,2026-05-04,0,21,0.0
B15,125,2026-05-05,0,21,0.0
B15,126,2026-05-06,0,21,0.0
B15,127,2026-05-07,0,21,0.0
B15,128,2026-05-08,0,21,0.0
B15,129,2026-05-09,0,21,0.0
B15,130,2026-05-10,0,21,0.0
B15,131,2026-05-11,0,21,0.0
B15,132,2026-05-12,0,21,0.0
B15,133,2026-05-13,0,21,0.0
B15,134,2026-05-14,0,21,0.0
B15,135,2026-05-15,0,21,0.0
B15,136,2026-05-16,0,21,0.0
B15,137,2026-05-17,0,21,0.0
B15,138,2026-05-18,0,21,0.0
B15,139,2026-05-19,0,21,0.0
B15,140,2026-05-20,0,21,0.0
B15,141,2026-05-21,0,21,0.0
B15,142,2026-05-22,0,21,0.0
B15,143,2026-05-23,0,21,0.0
B15,144,2026-05-24,0,21,0.0
B15,145,2026-05-25,0,21,0.0
B15,146,2026-05-26,0,21,0.0
B15,147,2026-05-27,0,21,0.0
B15,148,2026-05-28,0,21,0.0
B15,149,2026-05-29,0,21,0.0
B15,150,2026-05-30,0,21,0.0
B15,151,2026-05-31,0,21,0.0
B15,152,2026-06-01,0,21,0.0
B15,153,2026-06-02,0,21,0.0
B15,154,2026-06-03,0,21,0.0
B15,155,2026-06-04,0,21,0.0
B15,156,2026-06-05,0,21,0.0
B15,157,2026-06-06,0,21,0.0
B15,158,2026-06-07,0,21,0.0
B15,159,2026-06-08,0,21,0.0
B15,160,2026-06-09,0,21,0.0
B15,161,2026-06-10,0,21,0.0
B15,162,2026-06-11,0,21,0.0
B15,163,2026-06-12,0,21,0.0
B15,164,2026-06-13,0,21,0.0
B15,165,2026-06-14,0,21,0.0
B16,5,2026-01-05,0,21,0.0
B16,6,2026-01-06,0,21,0.0
B16,7,2026-01-07,0,21,0.0
B16,8,2026-01-08,0,21,0.0
B16,9,2026-01-09,0,21,0.0
B16,10,2026-01-10,0,21,0.0
B16,11,2026-01-11,0,21,0.0
B16,12,2026-01-12,0,21,0.0
B16,13,2026-01-13,0,21,0.0
B16,14,2026-01-14,0,21,0.0
B16,15,2026-01-15,0,21,0.0
B16,16,2026-01-16,0,21,0.0
B16,17,2026-01-17,0,21,0.0
B16,18,2026-01-18,0,21,0.0
B16,19,2026-01-19,0,21,0.0
B16,20,2026-01-20,0,21,0.0
B16,21,2026-01-21,0,21,0.0
B16,22,2026-01-22,0,21,0.0
B16,23,2026-01-23,0,21,0.0
B16,24,2026-01-24,0,21,0.0
B16,25,2026-01-25,0,21,0.0
B16,26,2026-01-26,0,21,0.0
B16,27,2026-01-27,0,21,0.0
B16,28,2026-01-28,0,21,0.0
B16,29,2026-01-29,0,21,0.0
B16,30,2026-01-30,0,21,0.0
B16,31,2026-01-31,0,21,0.0
B16,32,2026-02-01,0,21,0.0
B16,33,2026-02-02,0,21,0.0
B16,34,2026-02-03,0,21,0.0
B16,35,2026-02-04,0,21,0.0
B16,36,2026-02-05,0,21,0.0
B16,37,2026-02-06,0,21,0.0
B16,38,2026-02-07,0,21,0.0
B16,39,2026-02-08,0,21,0.0
B16,40,2026-02-09,0,21,0.0
B16,41,2026-02-10,0,21,0.0
B16,42,2026-02-11,0,21,0.0
B16,43,2026-02-12,0,21,0.0
B16,44,2026-02-13,0,21,0.0
B16,45,2026-02-14,0,21,0.0
B16,46,2026-02-15,0,21,0.0
B16,47,2026-02-16,0,21,0.0
B16,48,2026-02-17,0,21,0.0
B16,49,2026-02-18,0,21,0.0
B16,50,2026-02-19,0,21,0.0
B16,51,2026-02-20,0,21,0.0
B16,52,2026-02-21,0,21,0.0
B16,53,2026-02-22,0,21,0.0
B16,54,2026-02-23,0,21,0.0
B16,55,2026-02-24,0,21,0.0
B16,56,2026-02-25,0,21,0.0
B16,57,2026-02-26,0,21,0.0
B16,58,2026-02-27,0,21,0.0
B16,59,2026-02-28,0,21,0.0
B16,60,2026-03-01,0,21,0.0
B16,61,2026-03-02,0,21,0.0
B16,62,2026-03-03,0,21,0.0
B16,63,2026-03-04,0,21,0.0
B16,64,2026-03-05,0,21,0.0
B16,65,2026-03-06,0,21,0.0
B16,66,2026-03-07,0,21,0.0
B16,67,2026-03-08,0,21,0.0
B16,68,2026-03-09,0,21,0.0
B16,69,2026-03-10,0,21,0.0
B16,70,2026-03-11,0,21,0.0
B16,71,2026-03-12,0,21,0.0
B16,72,2026-03-13,0,21,0.0
B16,73,2026-03-14,0,21,0.0
B16,74,2026-03-15,0,21,0.0
B16,75,2026-03-16,0,21,0.0
B16,76,2026-03-17,0,21,0.0
B16,77,2026-03-18,0,21,0.0
B16,78,2026-03-19,0,21,0.0
B16,79,2026-03-20,0,21,0.0
B16,80,2026-03-21,0,21,0.0
B16,81,2026-03-22,0,21,0.0
B16,82,2026-03-23,0,21,0.0
B16,83,2026-03-24,0,21,0.0
B16,84,2026-03-25,0,21,0.0
B16,85,2026-03-26,0,21,0.0
B16,86,2026-03-27,0,21,0.0
B16,87,2026-03-28,0,21,0.0
B16,88,2026-03-29,0,21,0.0
B16,89,2026-03-30,0,21,0.0
B16,90,2026-03-31,0,21,0.0
B16,91,2026-04-01,0,21,0.0
B16,92,2026-04-02,0,21,0.0
B16,93,2026-04-03,0,21,0.0
B16,94,2026-04-04,0,21,0.0
B16,95,2026-04-05,0,21,0.0
B16,96,2026-04-06,0,21,0.0
B16,97,2026-04-07,0,21,0.0
B16,98,2026-04-08,0,21,0.0
B16,99,2026-04-09,0,21,0.0
B16,100,2026-04-10,0,21,0.0
B16,101,2026-04-11,0,21,0.0
B16,102,2026-04-12,0,21,0.0
B16,103,2026-04-13,0,21,0.0
B16,104,2026-04-14,0,21,0.0
B16,105,2026-04-15,0,21,0.0
B16,106,2026-04-16,0,21,0.0
B16,107,2026-04-17,0,21,0.0
B16,108,2026-04-18,0,21,0.0
B16,109,2026-04-19,0,21,0.0
B16,110,2026-04-20,0,21,0.0
B16,111,2026-04-21,0,21,0.0
B16,112,2026-04-22,0,21,0.0
B16,113,2026-04-23,0,21,0.0
B16,114,2026-04-24,0,21,0.0
B16,115,2026-04-25,0,21,0.0
B16,116,2026-04-26,0,21,0.0
B16,117,2026-04-27,0,21,0.0
B16,118,2026-04-28,0,21,0.0
B16,119,2026-04-29,0,21,0.0
B16,120,2026-04-30,0,21,0.0
B16,121,2026-05-01,0,21,0.0
B16,122,2026-05-02,0,21,0.0
B16,123,2026-05-03,0,21,0.0
B16,124,2026-05-04,0,21,0.0
B16,125,2026-05-05,0,21,0.0
B16,126,2026-05-06,0,21,0.0
B16,127,2026-05-07,0,21,0.0
B16,128,2026-05-08,0,21,0.0
B16,129,2026-05-09,0,21,0.0
B16,130,2026-05-10,0,21,0.0
B16,131,2026-05-11,0,21,0.0
B16,132,2026-05-12,0,21,0.0
B16,133,2026-05-13,0,21,0.0
B16,134,2026-05-14,0,21,0.0
B16,135,2026-05-15,0,21,0.0
B16,136,2026-05-16,0,21,0.0
B16,137,2026-05-17,0,21,0.0
B16,138,2026-05-18,0,21,0.0
B16,139,2026-05-19,0,21,0.0
B16,140,2026-05-20,0,21,0.0
B16,141,2026-05-21,0,21,0.0
B16,142,2026-05-22,0,21,0.0
B16,143,2026-05-23,0,21,0.0
B16,144,2026-05-24,0,21,0.0
B16,145,2026-05-25,0,21,0.0
B16,146,2026-05-26,0,21,0.0
B16,147,2026-05-27,0,21,0.0
B16,148,2026-05-28,0,21,0.0
B16,149,2026-05-29,0,21,0.0
B16,150,2026-05-30,0,21,0.0
B16,151,2026-05-31,0,21,0.0
B16,152,2026-06-01,0,21,0.0
B16,153,2026-06-02,0,21,0.0
B16,154,2026-06-03,0,21,0.0
B16,155,2026-06-04,0,21,0.0
B16,156,2026-06-05,0,21,0.0
B16,157,2026-06-06,0,21,0.0
B16,158,2026-06-07,0,21,0.0
B16,159,2026-06-08,0,21,0.0
B16,160,2026-06-09,0,21,0.0
B16,161,2026-06-10,0,21,0.0
B16,162,2026-06-11,0,21,0.0
B16,163,2026-06-12,0,21,0.0
B16,164,2026-06-13,0,21,0.0
B16,165,2026-06-14,0,21,0.0
B17,5,2026-01-05,0,21,0.0
B17,6,2026-01-06,0,21,0.0
B17,7,2026-01-07,0,21,0.0
B17,8,2026-01-08,0,21,0.0
B17,9,2026-01-09,0,21,0.0
B17,10,2026-01-10,0,21,0.0
B17,11,2026-01-11,0,21,0.0
B17,12,2026-01-12,0,21,0.0
B17,13,2026-01-13,0,21,0.0
B17,14,2026-01-14,0,21,0.0
B17,15,2026-01-15,0,21,0.0
B17,16,2026-01-16,0,21,0.0
B17,17,2026-01-17,0,21,0.0
B17,18,2026-01-18,0,21,0.0
B17,19,2026-01-19,0,21,0.0
B17,20,2026-01-20,0,21,0.0
B17,21,2026-01-21,0,21,0.0
B17,22,2026-01-22,0,21,0.0
B17,23,2026-01-23,0,21,0.0
B17,24,2026-01-24,0,21,0.0
B17,25,2026-01-25,0,21,0.0
B17,26,2026-01-26,0,21,0.0
B17,27,2026-01-27,0,21,0.0
B17,28,2026-01-28,0,21,0.0
B17,29,2026-01-29,0,21,0.0
B17,30,2026-01-30,0,21,0.0
B17,31,2026-01-31,0,21,0.0
B17,32,2026-02-01,0,21,0.0
B17,33,2026-02-02,0,21,0.0
B17,34,2026-02-03,0,21,0.0
B17,35,2026-02-04,0,21,0.0
B17,36,2026-02-05,0,21,0.0
B17,37,2026-02-06,0,21,0.0
B17,38,2026-02-07,0,21,0.0
B17,39,2026-02-08,0,21,0.0
B17,40,2026-02-09,0,21,0.0
B17,41,2026-02-10,0,21,0.0
B17,42,2026-02-11,0,21,0.0
B17,43,2026-02-12,0,21,0.0
B17,44,2026-02-13,0,21,0.0
B17,45,2026-02-14,0,21,0.0
B17,46,2026-02-15,0,21,0.0
B17,47,2026-02-16,0,21,0.0
B17,48,2026-02-17,0,21,0.0
B17,49,2026-02-18,0,21,0.0
B17,50,2026-02-19,0,21,0.0
B17,51,2026-02-20,0,21,0.0
B17,52,2026-02-21,0,21,0.0
B17,53,2026-02-22,0,21,0.0
B17,54,2026-02-23,0,21,0.0
B17,55,2026-02-24,0,21,0.0
B17,56,2026-02-25,0,21,0.0
B17,57,2026-02-26,0,21,0.0
B17,58,2026-02-27,0,21,0.0
B17,59,2026-02-28,0,21,0.0
B17,60,2026-03-01,0,21,0.0
B17,61,2026-03-02,0,21,0.0
B17,62,2026-03-03,0,21,0.0
B17,63,2026-03-04,0,21,0.0
B17,64,2026-03-05,0,21,0.0
B17,65,2026-03-06,0,21,0.0
B17,66,2026-03-07,0,21,0.0
B17,67,2026-03-08,0,21,0.0
B17,68,2026-03-09,0,21,0.0
B17,69,2026-03-10,0,21,0.0
B17,70,2026-03-11,0,21,0.0
B17,71,2026-03-12,0,21,0.0
B17,72,2026-03-13,0,21,0.0
B17,73,2026-03-14,0,21,0.0
B17,74,2026-03-15,0,21,0.0
B17,75,2026-03-16,0,21,0.0
B17,76,2026-03-17,0,21,0.0
B17,77,2026-03-18,0,21,0.0
B17,78,2026-03-19,0,21,0.0
B17,79,2026-03-20,0,21,0.0
B17,80,2026-03-21,0,21,0.0
B17,81,2026-03-22,0,21,0.0
B17,82,2026-03-23,0,21,0.0
B17,83,2026-03-24,0,21,0.0
B17,84,2026-03-25,0,21,0.0
B17,85,2026-03-26,0,21,0.0
B17,86,2026-03-27,0,21,0.0
B17,87,2026-03-28,0,21,0.0
B17,88,2026-03-29,0,21,0.0
B17,89,2026-03-30,0,21,0.0
B17,90,2026-03-31,0,21,0.0
B17,91,2026-04-01,0,21,0.0
B17,92,2026-04-02,0,21,0.0
B17,93,2026-04-03,0,21,0.0
B17,94,2026-04-04,0,21,0.0
B17,95,2026-04-05,0,21,0.0
B17,96,2026-04-06,0,21,0.0
B17,97,2026-04-07,0,21,0.0
B17,98,2026-04-08,0,21,0.0
B17,99,2026-04-09,0,21,0.0
B17,100,2026-04-10,0,21,0.0
B17,101,2026-04-11,0,21,0.0
B17,102,2026-04-12,0,21,0.0
B17,103,2026-04-13,0,21,0.0
B17,104,2026-04-14,0,21,0.0
B17,105,2026-04-15,0,21,0.0
B17,106,2026-04-16,0,21,0.0
B17,107,2026-04-17,0,21,0.0
B17,108,2026-04-18,0,21,0.0
B17,109,2026-04-19,0,21,0.0
B17,110,2026-04-20,0,21,0.0
B17,111,2026-04-21,0,21,0.0
B17,112,2026-04-22,0,21,0.0
B17,113,2026-04-23,0,21,0.0
B17,114,2026-04-24,0,21,0.0
B17,115,2026-04-25,0,21,0.0
B17,116,2026-04-26,0,21,0.0
B17,117,2026-04-27,0,21,0.0
B17,118,2026-04-28,0,21,0.0
B17,119,2026-04-29,0,21,0.0
B17,120,2026-04-30,0,21,0.0
B17,121,2026-05-01,0,21,0.0
B17,122,2026-05-02,0,21,0.0
B17,123,2026-05-03,0,21,0.0
B17,124,2026-05-04,0,21,0.0
B17,125,2026-05-05,0,21,0.0
B17,126,2026-05-06,0,21,0.0
B17,127,2026-05-07,0,21,0.0
B17,128,2026-05-08,0,21,0.0
B17,129,2026-05-09,0,21,0.0
B17,130,2026-05-10,0,21,0.0
B17,131,2026-05-11,0,21,0.0
B17,132,2026-05-12,0,21,0.0
B17,133,2026-05-13,0,21,0.0
B17,134,2026-05-14,0,21,0.0
B17,135,2026-05-15,0,21,0.0
B17,136,2026-05-16,0,21,0.0
B17,137,2026-05-17,0,21,0.0
B17,138,2026-05-18,0,21,0.0
B17,139,2026-05-19,0,21,0.0
B17,140,2026-05-20,0,21,0.0
B17,141,2026-05-21,0,21,0.0
B17,142,2026-05-22,0,21,0.0
B17,143,2026-05-23,0,21,0.0
B17,144,2026-05-24,0,21,0.0
B17,145,2026-05-25,0,21,0.0
B17,146,2026-05-26,0,21,0.0
B17,147,2026-05-27,0,21,0.0
B17,148,2026-05-28,0,21,0.0
B17,149,2026-05-29,0,21,0.0
B17,150,2026-05-30,0,21,0.0
B17,151,2026-05-31,0,21,0.0
B17,152,2026-06-01,0,21,0.0
B17,153,2026-06-02,0,21,0.0
B17,154,2026-06-03,0,21,0.0
B17,155,2026-06-04,0,21,0.0
B17,156,2026-06-05,0,21,0.0
B17,157,2026-06-06,0,21,0.0
B17,158,2026-06-07,0,21,0.0
B17,159,2026-06-08,0,21,0.0
B17,160,2026-06-09,0,21,0.0
B17,161,2026-06-10,0,21,0.0
B17,162,2026-06-11,0,21,0.0
B17,163,2026-06-12,0,21,0.0
B17,164,2026-06-13,0,21,0.0
B17,165,2026-06-14,0,21,0.0
C01,5,2026-01-05,0,21,0.0
C01,6,2026-01-06,0,21,0.0
C01,7,2026-01-07,0,21,0.0
C01,8,2026-01-08,21,21,1.0
C01,9,2026-01-09,21,21,1.0
C01,10,2026-01-10,21,21,1.0
C01,11,2026-01-11,21,21,1.0
C01,12,2026-01-12,21,21,1.0
C01,13,2026-01-13,21,21,1.0
C01,14,2026-01-14,21,21,1.0
C01,15,2026-01-15,21,21,1.0
C01,16,2026-01-16,21,21,1.0
C01,17,2026-01-17,21,21,1.0
C01,18,2026-01-18,21,21,1.0
C01,19,2026-01-19,21,21,1.0
C01,20,2026-01-20,21,21,1.0
C01,21,2026-01-21,21,21,1.0
C01,22,2026-01-22,21,21,1.0
C01,23,2026-01-23,21,21,1.0
C01,24,2026-01-24,21,21,1.0
C01,25,2026-01-25,21,21,1.0
C01,26,2026-01-26,21,21,1.0
C01,27,2026-01-27,21,21,1.0
C01,28,2026-01-28,21,21,1.0
C01,29,2026-01-29,21,21,1.0
C01,30,2026-01-30,18,21,0.8571428571428571
C01,31,2026-01-31,6,21,0.2857142857142857
C01,32,2026-02-01,6,21,0.2857142857142857
C01,33,2026-02-02,0,21,0.0
C01,34,2026-02-03,0,21,0.0
C01,35,2026-02-04,0,21,0.0
C01,36,2026-02-05,0,21,0.0
C01,37,2026-02-06,2,21,0.09523809523809523
C01,38,2026-02-07,2,21,0.09523809523809523
C01,39,2026-02-08,2,21,0.09523809523809523
C01,40,2026-02-09,13,21,0.6190476190476191
C01,41,2026-02-10,13,21,0.6190476190476191
C01,42,2026-02-11,18,21,0.8571428571428571
C01,43,2026-02-12,18,21,0.8571428571428571
C01,44,2026-02-13,18,21,0.8571428571428571
C01,45,2026-02-14,18,21,0.8571428571428571
C01,46,2026-02-15,18,21,0.8571428571428571
C01,47,2026-02-16,18,21,0.8571428571428571
C01,48,2026-02-17,18,21,0.8571428571428571
C01,49,2026-02-18,18,21,0.8571428571428571
C01,50,2026-02-19,18,21,0.8571428571428571
C01,51,2026-02-20,18,21,0.8571428571428571
C01,52,2026-02-21,18,21,0.8571428571428571
C01,53,2026-02-22,18,21,0.8571428571428571
C01,54,2026-02-23,18,21,0.8571428571428571
C01,55,2026-02-24,0,21,0.0
C01,56,2026-02-25,0,21,0.0
C01,57,2026-02-26,0,21,0.0
C01,58,2026-02-27,1,21,0.047619047619047616
C01,59,2026-02-28,14,21,0.6666666666666666
C01,60,2026-03-01,14,21,0.6666666666666666
C01,61,2026-03-02,14,21,0.6666666666666666
C01,62,2026-03-03,14,21,0.6666666666666666
C01,63,2026-03-04,14,21,0.6666666666666666
C01,64,2026-03-05,14,21,0.6666666666666666
C01,65,2026-03-06,14,21,0.6666666666666666
C01,66,2026-03-07,14,21,0.6666666666666666
C01,67,2026-03-08,14,21,0.6666666666666666
C01,68,2026-03-09,14,21,0.6666666666666666
C01,69,2026-03-10,14,21,0.6666666666666666
C01,70,2026-03-11,14,21,0.6666666666666666
C01,71,2026-03-12,14,21,0.6666666666666666
C01,72,2026-03-13,14,21,0.6666666666666666
C01,73,2026-03-14,14,21,0.6666666666666666
C01,74,2026-03-15,14,21,0.6666666666666666
C01,75,2026-03-16,14,21,0.6666666666666666
C01,76,2026-03-17,14,21,0.6666666666666666
C01,77,2026-03-18,27,21,1.2857142857142858
C01,78,2026-03-19,25,21,1.1904761904761905
C01,79,2026-03-20,26,21,1.2380952380952381
C01,80,2026-03-21,26,21,1.2380952380952381
C01,81,2026-03-22,26,21,1.2380952380952381
C01,82,2026-03-23,28,21,1.3333333333333333
C01,83,2026-03-24,25,21,1.1904761904761905
C01,84,2026-03-25,26,21,1.2380952380952381
C01,85,2026-03-26,30,21,1.4285714285714286
C01,86,2026-03-27,30,21,1.4285714285714286
C01,87,2026-03-28,30,21,1.4285714285714286
C01,88,2026-03-29,30,21,1.4285714285714286
C01,89,2026-03-30,30,21,1.4285714285714286
C01,90,2026-03-31,31,21,1.4761904761904763
C01,91,2026-04-01,31,21,1.4761904761904763
C01,92,2026-04-02,31,21,1.4761904761904763
C01,93,2026-04-03,30,21,1.4285714285714286
C01,94,2026-04-04,24,21,1.1428571428571428
C01,95,2026-04-05,24,21,1.1428571428571428
C01,96,2026-04-06,24,21,1.1428571428571428
C01,97,2026-04-07,18,21,0.8571428571428571
C01,98,2026-04-08,15,21,0.7142857142857143
C01,99,2026-04-09,15,21,0.7142857142857143
C01,100,2026-04-10,17,21,0.8095238095238095
C01,101,2026-04-11,18,21,0.8571428571428571
C01,102,2026-04-12,18,21,0.8571428571428571
C01,103,2026-04-13,7,21,0.3333333333333333
C01,104,2026-04-14,17,21,0.8095238095238095
C01,105,2026-04-15,14,21,0.6666666666666666
C01,106,2026-04-16,18,21,0.8571428571428571
C01,107,2026-04-17,18,21,0.8571428571428571
C01,108,2026-04-18,18,21,0.8571428571428571
C01,109,2026-04-19,18,21,0.8571428571428571
C01,110,2026-04-20,18,21,0.8571428571428571
C01,111,2026-04-21,17,21,0.8095238095238095
C01,112,2026-04-22,17,21,0.8095238095238095
C01,113,2026-04-23,3,21,0.14285714285714285
C01,114,2026-04-24,9,21,0.42857142857142855
C01,115,2026-04-25,3,21,0.14285714285714285
C01,116,2026-04-26,3,21,0.14285714285714285
C01,117,2026-04-27,3,21,0.14285714285714285
C01,118,2026-04-28,7,21,0.3333333333333333
C01,119,2026-04-29,6,21,0.2857142857142857
C01,120,2026-04-30,3,21,0.14285714285714285
C01,121,2026-05-01,3,21,0.14285714285714285
C01,122,2026-05-02,2,21,0.09523809523809523
C01,123,2026-05-03,2,21,0.09523809523809523
C01,124,2026-05-04,3,21,0.14285714285714285
C01,125,2026-05-05,22,21,1.0476190476190477
C01,126,2026-05-06,8,21,0.38095238095238093
C01,127,2026-05-07,8,21,0.38095238095238093
C01,128,2026-05-08,8,21,0.38095238095238093
C01,129,2026-05-09,12,21,0.5714285714285714
C01,130,2026-05-10,12,21,0.5714285714285714
C01,131,2026-05-11,8,21,0.38095238095238093
C01,132,2026-05-12,8,21,0.38095238095238093
C01,133,2026-05-13,6,21,0.2857142857142857
C01,134,2026-05-14,6,21,0.2857142857142857
C01,135,2026-05-15,6,21,0.2857142857142857
C01,136,2026-05-16,6,21,0.2857142857142857
C01,137,2026-05-17,6,21,0.2857142857142857
C01,138,2026-05-18,6,21,0.2857142857142857
C01,139,2026-05-19,6,21,0.2857142857142857
C01,140,2026-05-20,6,21,0.2857142857142857
C01,141,2026-05-21,6,21,0.2857142857142857
C01,142,2026-05-22,6,21,0.2857142857142857
C01,143,2026-05-23,6,21,0.2857142857142857
C01,144,2026-05-24,6,21,0.2857142857142857
C01,145,2026-05-25,6,21,0.2857142857142857
C01,146,2026-05-26,6,21,0.2857142857142857
C01,147,2026-05-27,0,21,0.0
C01,148,2026-05-28,0,21,0.0
C01,149,2026-05-29,0,21,0.0
C01,150,2026-05-30,0,21,0.0
C01,151,2026-05-31,0,21,0.0
C01,152,2026-06-01,14,21,0.6666666666666666
C01,153,2026-06-02,19,21,0.9047619047619048
C01,154,2026-06-03,19,21,0.9047619047619048
C01,155,2026-06-04,20,21,0.9523809523809523
C01,156,2026-06-05,19,21,0.9047619047619048
C01,157,2026-06-06,19,21,0.9047619047619048
C01,158,2026-06-07,19,21,0.9047619047619048
C01,159,2026-06-08,19,21,0.9047619047619048
C01,160,2026-06-09,19,21,0.9047619047619048
C01,161,2026-06-10,19,21,0.9047619047619048
C01,162,2026-06-11,0,21,0.0
C01,163,2026-06-12,0,21,0.0
C01,164,2026-06-13,0,21,0.0
C01,165,2026-06-14,0,21,0.0
C02,5,2026-01-05,0,21,0.0
C02,6,2026-01-06,0,21,0.0
C02,7,2026-01-07,0,21,0.0
C02,8,2026-01-08,0,21,0.0
C02,9,2026-01-09,0,21,0.0
C02,10,2026-01-10,0,21,0.0
C02,11,2026-01-11,0,21,0.0
C02,12,2026-01-12,0,21,0.0
C02,13,2026-01-13,0,21,0.0
C02,14,2026-01-14,0,21,0.0
C02,15,2026-01-15,0,21,0.0
C02,16,2026-01-16,0,21,0.0
C02,17,2026-01-17,0,21,0.0
C02,18,2026-01-18,0,21,0.0
C02,19,2026-01-19,0,21,0.0
C02,20,2026-01-20,0,21,0.0
C02,21,2026-01-21,0,21,0.0
C02,22,2026-01-22,0,21,0.0
C02,23,2026-01-23,4,21,0.19047619047619047
C02,24,2026-01-24,14,21,0.6666666666666666
C02,25,2026-01-25,14,21,0.6666666666666666
C02,26,2026-01-26,18,21,0.8571428571428571
C02,27,2026-01-27,18,21,0.8571428571428571
C02,28,2026-01-28,20,21,0.9523809523809523
C02,29,2026-01-29,20,21,0.9523809523809523
C02,30,2026-01-30,20,21,0.9523809523809523
C02,31,2026-01-31,19,21,0.9047619047619048
C02,32,2026-02-01,19,21,0.9047619047619048
C02,33,2026-02-02,19,21,0.9047619047619048
C02,34,2026-02-03,19,21,0.9047619047619048
C02,35,2026-02-04,19,21,0.9047619047619048
C02,36,2026-02-05,19,21,0.9047619047619048
C02,37,2026-02-06,19,21,0.9047619047619048
C02,38,2026-02-07,10,21,0.47619047619047616
C02,39,2026-02-08,10,21,0.47619047619047616
C02,40,2026-02-09,10,21,0.47619047619047616
C02,41,2026-02-10,10,21,0.47619047619047616
C02,42,2026-02-11,10,21,0.47619047619047616
C02,43,2026-02-12,10,21,0.47619047619047616
C02,44,2026-02-13,10,21,0.47619047619047616
C02,45,2026-02-14,10,21,0.47619047619047616
C02,46,2026-02-15,10,21,0.47619047619047616
C02,47,2026-02-16,10,21,0.47619047619047616
C02,48,2026-02-17,10,21,0.47619047619047616
C02,49,2026-02-18,10,21,0.47619047619047616
C02,50,2026-02-19,10,21,0.47619047619047616
C02,51,2026-02-20,10,21,0.47619047619047616
C02,52,2026-02-21,10,21,0.47619047619047616
C02,53,2026-02-22,10,21,0.47619047619047616
C02,54,2026-02-23,10,21,0.47619047619047616
C02,55,2026-02-24,0,21,0.0
C02,56,2026-02-25,0,21,0.0
C02,57,2026-02-26,3,21,0.14285714285714285
C02,58,2026-02-27,16,21,0.7619047619047619
C02,59,2026-02-28,16,21,0.7619047619047619
C02,60,2026-03-01,16,21,0.7619047619047619
C02,61,2026-03-02,16,21,0.7619047619047619
C02,62,2026-03-03,16,21,0.7619047619047619
C02,63,2026-03-04,16,21,0.7619047619047619
C02,64,2026-03-05,16,21,0.7619047619047619
C02,65,2026-03-06,16,21,0.7619047619047619
C02,66,2026-03-07,16,21,0.7619047619047619
C02,67,2026-03-08,16,21,0.7619047619047619
C02,68,2026-03-09,16,21,0.7619047619047619
C02,69,2026-03-10,16,21,0.7619047619047619
C02,70,2026-03-11,16,21,0.7619047619047619
C02,71,2026-03-12,16,21,0.7619047619047619
C02,72,2026-03-13,16,21,0.7619047619047619
C02,73,2026-03-14,16,21,0.7619047619047619
C02,74,2026-03-15,16,21,0.7619047619047619
C02,75,2026-03-16,16,21,0.7619047619047619
C02,76,2026-03-17,8,21,0.38095238095238093
C02,77,2026-03-18,6,21,0.2857142857142857
C02,78,2026-03-19,6,21,0.2857142857142857
C02,79,2026-03-20,6,21,0.2857142857142857
C02,80,2026-03-21,6,21,0.2857142857142857
C02,81,2026-03-22,6,21,0.2857142857142857
C02,82,2026-03-23,6,21,0.2857142857142857
C02,83,2026-03-24,9,21,0.42857142857142855
C02,84,2026-03-25,9,21,0.42857142857142855
C02,85,2026-03-26,9,21,0.42857142857142855
C02,86,2026-03-27,9,21,0.42857142857142855
C02,87,2026-03-28,9,21,0.42857142857142855
C02,88,2026-03-29,9,21,0.42857142857142855
C02,89,2026-03-30,9,21,0.42857142857142855
C02,90,2026-03-31,9,21,0.42857142857142855
C02,91,2026-04-01,9,21,0.42857142857142855
C02,92,2026-04-02,9,21,0.42857142857142855
C02,93,2026-04-03,9,21,0.42857142857142855
C02,94,2026-04-04,9,21,0.42857142857142855
C02,95,2026-04-05,9,21,0.42857142857142855
C02,96,2026-04-06,9,21,0.42857142857142855
C02,97,2026-04-07,9,21,0.42857142857142855
C02,98,2026-04-08,9,21,0.42857142857142855
C02,99,2026-04-09,0,21,0.0
C02,100,2026-04-10,0,21,0.0
C02,101,2026-04-11,0,21,0.0
C02,102,2026-04-12,0,21,0.0
C02,103,2026-04-13,0,21,0.0
C02,104,2026-04-14,0,21,0.0
C02,105,2026-04-15,0,21,0.0
C02,106,2026-04-16,0,21,0.0
C02,107,2026-04-17,0,21,0.0
C02,108,2026-04-18,0,21,0.0
C02,109,2026-04-19,0,21,0.0
C02,110,2026-04-20,0,21,0.0
C02,111,2026-04-21,0,21,0.0
C02,112,2026-04-22,0,21,0.0
C02,113,2026-04-23,0,21,0.0
C02,114,2026-04-24,0,21,0.0
C02,115,2026-04-25,0,21,0.0
C02,116,2026-04-26,0,21,0.0
C02,117,2026-04-27,0,21,0.0
C02,118,2026-04-28,18,21,0.8571428571428571
C02,119,2026-04-29,0,21,0.0
C02,120,2026-04-30,0,21,0.0
C02,121,2026-05-01,8,21,0.38095238095238093
C02,122,2026-05-02,9,21,0.42857142857142855
C02,123,2026-05-03,7,21,0.3333333333333333
C02,124,2026-05-04,4,21,0.19047619047619047
C02,125,2026-05-05,9,21,0.42857142857142855
C02,126,2026-05-06,3,21,0.14285714285714285
C02,127,2026-05-07,12,21,0.5714285714285714
C02,128,2026-05-08,0,21,0.0
C02,129,2026-05-09,9,21,0.42857142857142855
C02,130,2026-05-10,9,21,0.42857142857142855
C02,131,2026-05-11,8,21,0.38095238095238093
C02,132,2026-05-12,1,21,0.047619047619047616
C02,133,2026-05-13,8,21,0.38095238095238093
C02,134,2026-05-14,3,21,0.14285714285714285
C02,135,2026-05-15,3,21,0.14285714285714285
C02,136,2026-05-16,3,21,0.14285714285714285
C02,137,2026-05-17,3,21,0.14285714285714285
C02,138,2026-05-18,3,21,0.14285714285714285
C02,139,2026-05-19,3,21,0.14285714285714285
C02,140,2026-05-20,3,21,0.14285714285714285
C02,141,2026-05-21,3,21,0.14285714285714285
C02,142,2026-05-22,3,21,0.14285714285714285
C02,143,2026-05-23,3,21,0.14285714285714285
C02,144,2026-05-24,3,21,0.14285714285714285
C02,145,2026-05-25,1,21,0.047619047619047616
C02,146,2026-05-26,1,21,0.047619047619047616
C02,147,2026-05-27,0,21,0.0
C02,148,2026-05-28,0,21,0.0
C02,149,2026-05-29,0,21,0.0
C02,150,2026-05-30,0,21,0.0
C02,151,2026-05-31,0,21,0.0
C02,152,2026-06-01,0,21,0.0
C02,153,2026-06-02,0,21,0.0
C02,154,2026-06-03,0,21,0.0
C02,155,2026-06-04,0,21,0.0
C02,156,2026-06-05,0,21,0.0
C02,157,2026-06-06,0,21,0.0
C02,158,2026-06-07,0,21,0.0
C02,159,2026-06-08,0,21,0.0
C02,160,2026-06-09,0,21,0.0
C02,161,2026-06-10,0,21,0.0
C02,162,2026-06-11,0,21,0.0
C02,163,2026-06-12,0,21,0.0
C02,164,2026-06-13,0,21,0.0
C02,165,2026-06-14,0,21,0.0
C03,5,2026-01-05,0,21,0.0
C03,6,2026-01-06,0,21,0.0
C03,7,2026-01-07,0,21,0.0
C03,8,2026-01-08,0,21,0.0
C03,9,2026-01-09,0,21,0.0
C03,10,2026-01-10,0,21,0.0
C03,11,2026-01-11,0,21,0.0
C03,12,2026-01-12,0,21,0.0
C03,13,2026-01-13,0,21,0.0
C03,14,2026-01-14,0,21,0.0
C03,15,2026-01-15,0,21,0.0
C03,16,2026-01-16,0,21,0.0
C03,17,2026-01-17,0,21,0.0
C03,18,2026-01-18,0,21,0.0
C03,19,2026-01-19,0,21,0.0
C03,20,2026-01-20,0,21,0.0
C03,21,2026-01-21,0,21,0.0
C03,22,2026-01-22,0,21,0.0
C03,23,2026-01-23,0,21,0.0
C03,24,2026-01-24,0,21,0.0
C03,25,2026-01-25,0,21,0.0
C03,26,2026-01-26,0,21,0.0
C03,27,2026-01-27,0,21,0.0
C03,28,2026-01-28,0,21,0.0
C03,29,2026-01-29,0,21,0.0
C03,30,2026-01-30,0,21,0.0
C03,31,2026-01-31,0,21,0.0
C03,32,2026-02-01,0,21,0.0
C03,33,2026-02-02,0,21,0.0
C03,34,2026-02-03,0,21,0.0
C03,35,2026-02-04,0,21,0.0
C03,36,2026-02-05,0,21,0.0
C03,37,2026-02-06,0,21,0.0
C03,38,2026-02-07,0,21,0.0
C03,39,2026-02-08,0,21,0.0
C03,40,2026-02-09,0,21,0.0
C03,41,2026-02-10,0,21,0.0
C03,42,2026-02-11,0,21,0.0
C03,43,2026-02-12,10,21,0.47619047619047616
C03,44,2026-02-13,15,21,0.7142857142857143
C03,45,2026-02-14,15,21,0.7142857142857143
C03,46,2026-02-15,15,21,0.7142857142857143
C03,47,2026-02-16,15,21,0.7142857142857143
C03,48,2026-02-17,15,21,0.7142857142857143
C03,49,2026-02-18,15,21,0.7142857142857143
C03,50,2026-02-19,16,21,0.7619047619047619
C03,51,2026-02-20,16,21,0.7619047619047619
C03,52,2026-02-21,16,21,0.7619047619047619
C03,53,2026-02-22,16,21,0.7619047619047619
C03,54,2026-02-23,24,21,1.1428571428571428
C03,55,2026-02-24,32,21,1.5238095238095237
C03,56,2026-02-25,29,21,1.380952380952381
C03,57,2026-02-26,14,21,0.6666666666666666
C03,58,2026-02-27,10,21,0.47619047619047616
C03,59,2026-02-28,10,21,0.47619047619047616
C03,60,2026-03-01,10,21,0.47619047619047616
C03,61,2026-03-02,10,21,0.47619047619047616
C03,62,2026-03-03,10,21,0.47619047619047616
C03,63,2026-03-04,10,21,0.47619047619047616
C03,64,2026-03-05,10,21,0.47619047619047616
C03,65,2026-03-06,10,21,0.47619047619047616
C03,66,2026-03-07,10,21,0.47619047619047616
C03,67,2026-03-08,10,21,0.47619047619047616
C03,68,2026-03-09,10,21,0.47619047619047616
C03,69,2026-03-10,10,21,0.47619047619047616
C03,70,2026-03-11,18,21,0.8571428571428571
C03,71,2026-03-12,31,21,1.4761904761904763
C03,72,2026-03-13,31,21,1.4761904761904763
C03,73,2026-03-14,31,21,1.4761904761904763
C03,74,2026-03-15,31,21,1.4761904761904763
C03,75,2026-03-16,31,21,1.4761904761904763
C03,76,2026-03-17,26,21,1.2380952380952381
C03,77,2026-03-18,26,21,1.2380952380952381
C03,78,2026-03-19,26,21,1.2380952380952381
C03,79,2026-03-20,26,21,1.2380952380952381
C03,80,2026-03-21,26,21,1.2380952380952381
C03,81,2026-03-22,26,21,1.2380952380952381
C03,82,2026-03-23,26,21,1.2380952380952381
C03,83,2026-03-24,17,21,0.8095238095238095
C03,84,2026-03-25,12,21,0.5714285714285714
C03,85,2026-03-26,10,21,0.47619047619047616
C03,86,2026-03-27,10,21,0.47619047619047616
C03,87,2026-03-28,10,21,0.47619047619047616
C03,88,2026-03-29,10,21,0.47619047619047616
C03,89,2026-03-30,0,21,0.0
C03,90,2026-03-31,0,21,0.0
C03,91,2026-04-01,19,21,0.9047619047619048
C03,92,2026-04-02,19,21,0.9047619047619048
C03,93,2026-04-03,23,21,1.0952380952380953
C03,94,2026-04-04,23,21,1.0952380952380953
C03,95,2026-04-05,23,21,1.0952380952380953
C03,96,2026-04-06,4,21,0.19047619047619047
C03,97,2026-04-07,4,21,0.19047619047619047
C03,98,2026-04-08,10,21,0.47619047619047616
C03,99,2026-04-09,13,21,0.6190476190476191
C03,100,2026-04-10,15,21,0.7142857142857143
C03,101,2026-04-11,15,21,0.7142857142857143
C03,102,2026-04-12,15,21,0.7142857142857143
C03,103,2026-04-13,9,21,0.42857142857142855
C03,104,2026-04-14,15,21,0.7142857142857143
C03,105,2026-04-15,12,21,0.5714285714285714
C03,106,2026-04-16,12,21,0.5714285714285714
C03,107,2026-04-17,11,21,0.5238095238095238
C03,108,2026-04-18,11,21,0.5238095238095238
C03,109,2026-04-19,11,21,0.5238095238095238
C03,110,2026-04-20,11,21,0.5238095238095238
C03,111,2026-04-21,3,21,0.14285714285714285
C03,112,2026-04-22,1,21,0.047619047619047616
C03,113,2026-04-23,1,21,0.047619047619047616
C03,114,2026-04-24,1,21,0.047619047619047616
C03,115,2026-04-25,1,21,0.047619047619047616
C03,116,2026-04-26,1,21,0.047619047619047616
C03,117,2026-04-27,1,21,0.047619047619047616
C03,118,2026-04-28,2,21,0.09523809523809523
C03,119,2026-04-29,2,21,0.09523809523809523
C03,120,2026-04-30,2,21,0.09523809523809523
C03,121,2026-05-01,2,21,0.09523809523809523
C03,122,2026-05-02,2,21,0.09523809523809523
C03,123,2026-05-03,2,21,0.09523809523809523
C03,124,2026-05-04,2,21,0.09523809523809523
C03,125,2026-05-05,1,21,0.047619047619047616
C03,126,2026-05-06,19,21,0.9047619047619048
C03,127,2026-05-07,12,21,0.5714285714285714
C03,128,2026-05-08,2,21,0.09523809523809523
C03,129,2026-05-09,1,21,0.047619047619047616
C03,130,2026-05-10,1,21,0.047619047619047616
C03,131,2026-05-11,1,21,0.047619047619047616
C03,132,2026-05-12,1,21,0.047619047619047616
C03,133,2026-05-13,1,21,0.047619047619047616
C03,134,2026-05-14,0,21,0.0
C03,135,2026-05-15,0,21,0.0
C03,136,2026-05-16,4,21,0.19047619047619047
C03,137,2026-05-17,4,21,0.19047619047619047
C03,138,2026-05-18,4,21,0.19047619047619047
C03,139,2026-05-19,16,21,0.7619047619047619
C03,140,2026-05-20,16,21,0.7619047619047619
C03,141,2026-05-21,16,21,0.7619047619047619
C03,142,2026-05-22,16,21,0.7619047619047619
C03,143,2026-05-23,16,21,0.7619047619047619
C03,144,2026-05-24,16,21,0.7619047619047619
C03,145,2026-05-25,9,21,0.42857142857142855
C03,146,2026-05-26,9,21,0.42857142857142855
C03,147,2026-05-27,0,21,0.0
C03,148,2026-05-28,0,21,0.0
C03,149,2026-05-29,0,21,0.0
C03,150,2026-05-30,1,21,0.047619047619047616
C03,151,2026-05-31,1,21,0.047619047619047616
C03,152,2026-06-01,11,21,0.5238095238095238
C03,153,2026-06-02,13,21,0.6190476190476191
C03,154,2026-06-03,13,21,0.6190476190476191
C03,155,2026-06-04,13,21,0.6190476190476191
C03,156,2026-06-05,13,21,0.6190476190476191
C03,157,2026-06-06,13,21,0.6190476190476191
C03,158,2026-06-07,13,21,0.6190476190476191
C03,159,2026-06-08,13,21,0.6190476190476191
C03,160,2026-06-09,13,21,0.6190476190476191
C03,161,2026-06-10,13,21,0.6190476190476191
C03,162,2026-06-11,13,21,0.6190476190476191
C03,163,2026-06-12,0,21,0.0
C03,164,2026-06-13,0,21,0.0
C03,165,2026-06-14,0,21,0.0
C04,5,2026-01-05,0,21,0.0
C04,6,2026-01-06,0,21,0.0
C04,7,2026-01-07,0,21,0.0
C04,8,2026-01-08,0,21,0.0
C04,9,2026-01-09,0,21,0.0
C04,10,2026-01-10,0,21,0.0
C04,11,2026-01-11,0,21,0.0
C04,12,2026-01-12,5,21,0.23809523809523808
C04,13,2026-01-13,21,21,1.0
C04,14,2026-01-14,21,21,1.0
C04,15,2026-01-15,21,21,1.0
C04,16,2026-01-16,21,21,1.0
C04,17,2026-01-17,21,21,1.0
C04,18,2026-01-18,21,21,1.0
C04,19,2026-01-19,21,21,1.0
C04,20,2026-01-20,21,21,1.0
C04,21,2026-01-21,21,21,1.0
C04,22,2026-01-22,21,21,1.0
C04,23,2026-01-23,21,21,1.0
C04,24,2026-01-24,21,21,1.0
C04,25,2026-01-25,21,21,1.0
C04,26,2026-01-26,21,21,1.0
C04,27,2026-01-27,21,21,1.0
C04,28,2026-01-28,21,21,1.0
C04,29,2026-01-29,21,21,1.0
C04,30,2026-01-30,21,21,1.0
C04,31,2026-01-31,21,21,1.0
C04,32,2026-02-01,21,21,1.0
C04,33,2026-02-02,21,21,1.0
C04,34,2026-02-03,18,21,0.8571428571428571
C04,35,2026-02-04,26,21,1.2380952380952381
C04,36,2026-02-05,21,21,1.0
C04,37,2026-02-06,21,21,1.0
C04,38,2026-02-07,13,21,0.6190476190476191
C04,39,2026-02-08,13,21,0.6190476190476191
C04,40,2026-02-09,13,21,0.6190476190476191
C04,41,2026-02-10,19,21,0.9047619047619048
C04,42,2026-02-11,19,21,0.9047619047619048
C04,43,2026-02-12,15,21,0.7142857142857143
C04,44,2026-02-13,15,21,0.7142857142857143
C04,45,2026-02-14,15,21,0.7142857142857143
C04,46,2026-02-15,15,21,0.7142857142857143
C04,47,2026-02-16,15,21,0.7142857142857143
C04,48,2026-02-17,15,21,0.7142857142857143
C04,49,2026-02-18,15,21,0.7142857142857143
C04,50,2026-02-19,3,21,0.14285714285714285
C04,51,2026-02-20,15,21,0.7142857142857143
C04,52,2026-02-21,3,21,0.14285714285714285
C04,53,2026-02-22,3,21,0.14285714285714285
C04,54,2026-02-23,3,21,0.14285714285714285
C04,55,2026-02-24,6,21,0.2857142857142857
C04,56,2026-02-25,15,21,0.7142857142857143
C04,57,2026-02-26,15,21,0.7142857142857143
C04,58,2026-02-27,15,21,0.7142857142857143
C04,59,2026-02-28,15,21,0.7142857142857143
C04,60,2026-03-01,15,21,0.7142857142857143
C04,61,2026-03-02,15,21,0.7142857142857143
C04,62,2026-03-03,24,21,1.1428571428571428
C04,63,2026-03-04,22,21,1.0476190476190477
C04,64,2026-03-05,17,21,0.8095238095238095
C04,65,2026-03-06,17,21,0.8095238095238095
C04,66,2026-03-07,17,21,0.8095238095238095
C04,67,2026-03-08,17,21,0.8095238095238095
C04,68,2026-03-09,17,21,0.8095238095238095
C04,69,2026-03-10,12,21,0.5714285714285714
C04,70,2026-03-11,12,21,0.5714285714285714
C04,71,2026-03-12,12,21,0.5714285714285714
C04,72,2026-03-13,12,21,0.5714285714285714
C04,73,2026-03-14,12,21,0.5714285714285714
C04,74,2026-03-15,12,21,0.5714285714285714
C04,75,2026-03-16,12,21,0.5714285714285714
C04,76,2026-03-17,12,21,0.5714285714285714
C04,77,2026-03-18,12,21,0.5714285714285714
C04,78,2026-03-19,12,21,0.5714285714285714
C04,79,2026-03-20,12,21,0.5714285714285714
C04,80,2026-03-21,12,21,0.5714285714285714
C04,81,2026-03-22,12,21,0.5714285714285714
C04,82,2026-03-23,17,21,0.8095238095238095
C04,83,2026-03-24,12,21,0.5714285714285714
C04,84,2026-03-25,12,21,0.5714285714285714
C04,85,2026-03-26,12,21,0.5714285714285714
C04,86,2026-03-27,12,21,0.5714285714285714
C04,87,2026-03-28,6,21,0.2857142857142857
C04,88,2026-03-29,6,21,0.2857142857142857
C04,89,2026-03-30,15,21,0.7142857142857143
C04,90,2026-03-31,20,21,0.9523809523809523
C04,91,2026-04-01,14,21,0.6666666666666666
C04,92,2026-04-02,15,21,0.7142857142857143
C04,93,2026-04-03,19,21,0.9047619047619048
C04,94,2026-04-04,19,21,0.9047619047619048
C04,95,2026-04-05,19,21,0.9047619047619048
C04,96,2026-04-06,19,21,0.9047619047619048
C04,97,2026-04-07,19,21,0.9047619047619048
C04,98,2026-04-08,19,21,0.9047619047619048
C04,99,2026-04-09,7,21,0.3333333333333333
C04,100,2026-04-10,12,21,0.5714285714285714
C04,101,2026-04-11,15,21,0.7142857142857143
C04,102,2026-04-12,15,21,0.7142857142857143
C04,103,2026-04-13,15,21,0.7142857142857143
C04,104,2026-04-14,14,21,0.6666666666666666
C04,105,2026-04-15,14,21,0.6666666666666666
C04,106,2026-04-16,14,21,0.6666666666666666
C04,107,2026-04-17,14,21,0.6666666666666666
C04,108,2026-04-18,14,21,0.6666666666666666
C04,109,2026-04-19,14,21,0.6666666666666666
C04,110,2026-04-20,14,21,0.6666666666666666
C04,111,2026-04-21,12,21,0.5714285714285714
C04,112,2026-04-22,12,21,0.5714285714285714
C04,113,2026-04-23,12,21,0.5714285714285714
C04,114,2026-04-24,12,21,0.5714285714285714
C04,115,2026-04-25,9,21,0.42857142857142855
C04,116,2026-04-26,9,21,0.42857142857142855
C04,117,2026-04-27,9,21,0.42857142857142855
C04,118,2026-04-28,9,21,0.42857142857142855
C04,119,2026-04-29,9,21,0.42857142857142855
C04,120,2026-04-30,9,21,0.42857142857142855
C04,121,2026-05-01,9,21,0.42857142857142855
C04,122,2026-05-02,9,21,0.42857142857142855
C04,123,2026-05-03,9,21,0.42857142857142855
C04,124,2026-05-04,9,21,0.42857142857142855
C04,125,2026-05-05,11,21,0.5238095238095238
C04,126,2026-05-06,27,21,1.2857142857142858
C04,127,2026-05-07,31,21,1.4761904761904763
C04,128,2026-05-08,27,21,1.2857142857142858
C04,129,2026-05-09,27,21,1.2857142857142858
C04,130,2026-05-10,27,21,1.2857142857142858
C04,131,2026-05-11,27,21,1.2857142857142858
C04,132,2026-05-12,27,21,1.2857142857142858
C04,133,2026-05-13,25,21,1.1904761904761905
C04,134,2026-05-14,25,21,1.1904761904761905
C04,135,2026-05-15,25,21,1.1904761904761905
C04,136,2026-05-16,25,21,1.1904761904761905
C04,137,2026-05-17,25,21,1.1904761904761905
C04,138,2026-05-18,25,21,1.1904761904761905
C04,139,2026-05-19,25,21,1.1904761904761905
C04,140,2026-05-20,25,21,1.1904761904761905
C04,141,2026-05-21,25,21,1.1904761904761905
C04,142,2026-05-22,24,21,1.1428571428571428
C04,143,2026-05-23,24,21,1.1428571428571428
C04,144,2026-05-24,24,21,1.1428571428571428
C04,145,2026-05-25,22,21,1.0476190476190477
C04,146,2026-05-26,29,21,1.380952380952381
C04,147,2026-05-27,20,21,0.9523809523809523
C04,148,2026-05-28,20,21,0.9523809523809523
C04,149,2026-05-29,20,21,0.9523809523809523
C04,150,2026-05-30,20,21,0.9523809523809523
C04,151,2026-05-31,20,21,0.9523809523809523
C04,152,2026-06-01,20,21,0.9523809523809523
C04,153,2026-06-02,20,21,0.9523809523809523
C04,154,2026-06-03,20,21,0.9523809523809523
C04,155,2026-06-04,20,21,0.9523809523809523
C04,156,2026-06-05,20,21,0.9523809523809523
C04,157,2026-06-06,20,21,0.9523809523809523
C04,158,2026-06-07,20,21,0.9523809523809523
C04,159,2026-06-08,20,21,0.9523809523809523
C04,160,2026-06-09,20,21,0.9523809523809523
C04,161,2026-06-10,20,21,0.9523809523809523
C04,162,2026-06-11,20,21,0.9523809523809523
C04,163,2026-06-12,0,21,0.0
C04,164,2026-06-13,0,21,0.0
C04,165,2026-06-14,0,21,0.0
C05,5,2026-01-05,0,21,0.0
C05,6,2026-01-06,0,21,0.0
C05,7,2026-01-07,0,21,0.0
C05,8,2026-01-08,0,21,0.0
C05,9,2026-01-09,0,21,0.0
C05,10,2026-01-10,0,21,0.0
C05,11,2026-01-11,0,21,0.0
C05,12,2026-01-12,0,21,0.0
C05,13,2026-01-13,0,21,0.0
C05,14,2026-01-14,0,21,0.0
C05,15,2026-01-15,1,21,0.047619047619047616
C05,16,2026-01-16,1,21,0.047619047619047616
C05,17,2026-01-17,1,21,0.047619047619047616
C05,18,2026-01-18,1,21,0.047619047619047616
C05,19,2026-01-19,1,21,0.047619047619047616
C05,20,2026-01-20,1,21,0.047619047619047616
C05,21,2026-01-21,1,21,0.047619047619047616
C05,22,2026-01-22,1,21,0.047619047619047616
C05,23,2026-01-23,8,21,0.38095238095238093
C05,24,2026-01-24,7,21,0.3333333333333333
C05,25,2026-01-25,7,21,0.3333333333333333
C05,26,2026-01-26,10,21,0.47619047619047616
C05,27,2026-01-27,11,21,0.5238095238095238
C05,28,2026-01-28,15,21,0.7142857142857143
C05,29,2026-01-29,17,21,0.8095238095238095
C05,30,2026-01-30,7,21,0.3333333333333333
C05,31,2026-01-31,7,21,0.3333333333333333
C05,32,2026-02-01,7,21,0.3333333333333333
C05,33,2026-02-02,7,21,0.3333333333333333
C05,34,2026-02-03,8,21,0.38095238095238093
C05,35,2026-02-04,8,21,0.38095238095238093
C05,36,2026-02-05,8,21,0.38095238095238093
C05,37,2026-02-06,8,21,0.38095238095238093
C05,38,2026-02-07,8,21,0.38095238095238093
C05,39,2026-02-08,8,21,0.38095238095238093
C05,40,2026-02-09,7,21,0.3333333333333333
C05,41,2026-02-10,7,21,0.3333333333333333
C05,42,2026-02-11,7,21,0.3333333333333333
C05,43,2026-02-12,7,21,0.3333333333333333
C05,44,2026-02-13,7,21,0.3333333333333333
C05,45,2026-02-14,7,21,0.3333333333333333
C05,46,2026-02-15,7,21,0.3333333333333333
C05,47,2026-02-16,7,21,0.3333333333333333
C05,48,2026-02-17,7,21,0.3333333333333333
C05,49,2026-02-18,7,21,0.3333333333333333
C05,50,2026-02-19,7,21,0.3333333333333333
C05,51,2026-02-20,0,21,0.0
C05,52,2026-02-21,0,21,0.0
C05,53,2026-02-22,0,21,0.0
C05,54,2026-02-23,0,21,0.0
C05,55,2026-02-24,0,21,0.0
C05,56,2026-02-25,0,21,0.0
C05,57,2026-02-26,11,21,0.5238095238095238
C05,58,2026-02-27,20,21,0.9523809523809523
C05,59,2026-02-28,20,21,0.9523809523809523
C05,60,2026-03-01,20,21,0.9523809523809523
C05,61,2026-03-02,20,21,0.9523809523809523
C05,62,2026-03-03,20,21,0.9523809523809523
C05,63,2026-03-04,20,21,0.9523809523809523
C05,64,2026-03-05,20,21,0.9523809523809523
C05,65,2026-03-06,20,21,0.9523809523809523
C05,66,2026-03-07,20,21,0.9523809523809523
C05,67,2026-03-08,20,21,0.9523809523809523
C05,68,2026-03-09,20,21,0.9523809523809523
C05,69,2026-03-10,20,21,0.9523809523809523
C05,70,2026-03-11,20,21,0.9523809523809523
C05,71,2026-03-12,20,21,0.9523809523809523
C05,72,2026-03-13,20,21,0.9523809523809523
C05,73,2026-03-14,20,21,0.9523809523809523
C05,74,2026-03-15,20,21,0.9523809523809523
C05,75,2026-03-16,18,21,0.8571428571428571
C05,76,2026-03-17,18,21,0.8571428571428571
C05,77,2026-03-18,18,21,0.8571428571428571
C05,78,2026-03-19,18,21,0.8571428571428571
C05,79,2026-03-20,18,21,0.8571428571428571
C05,80,2026-03-21,18,21,0.8571428571428571
C05,81,2026-03-22,18,21,0.8571428571428571
C05,82,2026-03-23,18,21,0.8571428571428571
C05,83,2026-03-24,18,21,0.8571428571428571
C05,84,2026-03-25,18,21,0.8571428571428571
C05,85,2026-03-26,18,21,0.8571428571428571
C05,86,2026-03-27,18,21,0.8571428571428571
C05,87,2026-03-28,18,21,0.8571428571428571
C05,88,2026-03-29,18,21,0.8571428571428571
C05,89,2026-03-30,18,21,0.8571428571428571
C05,90,2026-03-31,18,21,0.8571428571428571
C05,91,2026-04-01,18,21,0.8571428571428571
C05,92,2026-04-02,18,21,0.8571428571428571
C05,93,2026-04-03,18,21,0.8571428571428571
C05,94,2026-04-04,18,21,0.8571428571428571
C05,95,2026-04-05,18,21,0.8571428571428571
C05,96,2026-04-06,18,21,0.8571428571428571
C05,97,2026-04-07,18,21,0.8571428571428571
C05,98,2026-04-08,18,21,0.8571428571428571
C05,99,2026-04-09,18,21,0.8571428571428571
C05,100,2026-04-10,18,21,0.8571428571428571
C05,101,2026-04-11,18,21,0.8571428571428571
C05,102,2026-04-12,18,21,0.8571428571428571
C05,103,2026-04-13,18,21,0.8571428571428571
C05,104,2026-04-14,18,21,0.8571428571428571
C05,105,2026-04-15,18,21,0.8571428571428571
C05,106,2026-04-16,18,21,0.8571428571428571
C05,107,2026-04-17,18,21,0.8571428571428571
C05,108,2026-04-18,18,21,0.8571428571428571
C05,109,2026-04-19,18,21,0.8571428571428571
C05,110,2026-04-20,18,21,0.8571428571428571
C05,111,2026-04-21,18,21,0.8571428571428571
C05,112,2026-04-22,18,21,0.8571428571428571
C05,113,2026-04-23,18,21,0.8571428571428571
C05,114,2026-04-24,18,21,0.8571428571428571
C05,115,2026-04-25,18,21,0.8571428571428571
C05,116,2026-04-26,18,21,0.8571428571428571
C05,117,2026-04-27,14,21,0.6666666666666666
C05,118,2026-04-28,14,21,0.6666666666666666
C05,119,2026-04-29,14,21,0.6666666666666666
C05,120,2026-04-30,14,21,0.6666666666666666
C05,121,2026-05-01,14,21,0.6666666666666666
C05,122,2026-05-02,14,21,0.6666666666666666
C05,123,2026-05-03,14,21,0.6666666666666666
C05,124,2026-05-04,14,21,0.6666666666666666
C05,125,2026-05-05,14,21,0.6666666666666666
C05,126,2026-05-06,14,21,0.6666666666666666
C05,127,2026-05-07,14,21,0.6666666666666666
C05,128,2026-05-08,14,21,0.6666666666666666
C05,129,2026-05-09,14,21,0.6666666666666666
C05,130,2026-05-10,14,21,0.6666666666666666
C05,131,2026-05-11,14,21,0.6666666666666666
C05,132,2026-05-12,14,21,0.6666666666666666
C05,133,2026-05-13,14,21,0.6666666666666666
C05,134,2026-05-14,7,21,0.3333333333333333
C05,135,2026-05-15,7,21,0.3333333333333333
C05,136,2026-05-16,7,21,0.3333333333333333
C05,137,2026-05-17,7,21,0.3333333333333333
C05,138,2026-05-18,7,21,0.3333333333333333
C05,139,2026-05-19,0,21,0.0
C05,140,2026-05-20,6,21,0.2857142857142857
C05,141,2026-05-21,9,21,0.42857142857142855
C05,142,2026-05-22,9,21,0.42857142857142855
C05,143,2026-05-23,9,21,0.42857142857142855
C05,144,2026-05-24,9,21,0.42857142857142855
C05,145,2026-05-25,9,21,0.42857142857142855
C05,146,2026-05-26,9,21,0.42857142857142855
C05,147,2026-05-27,9,21,0.42857142857142855
C05,148,2026-05-28,1,21,0.047619047619047616
C05,149,2026-05-29,1,21,0.047619047619047616
C05,150,2026-05-30,1,21,0.047619047619047616
C05,151,2026-05-31,1,21,0.047619047619047616
C05,152,2026-06-01,1,21,0.047619047619047616
C05,153,2026-06-02,15,21,0.7142857142857143
C05,154,2026-06-03,24,21,1.1428571428571428
C05,155,2026-06-04,6,21,0.2857142857142857
C05,156,2026-06-05,9,21,0.42857142857142855
C05,157,2026-06-06,16,21,0.7619047619047619
C05,158,2026-06-07,16,21,0.7619047619047619
C05,159,2026-06-08,16,21,0.7619047619047619
C05,160,2026-06-09,15,21,0.7142857142857143
C05,161,2026-06-10,15,21,0.7142857142857143
C05,162,2026-06-11,15,21,0.7142857142857143
C05,163,2026-06-12,0,21,0.0
C05,164,2026-06-13,0,21,0.0
C05,165,2026-06-14,0,21,0.0
C06,5,2026-01-05,0,21,0.0
C06,6,2026-01-06,0,21,0.0
C06,7,2026-01-07,0,21,0.0
C06,8,2026-01-08,0,21,0.0
C06,9,2026-01-09,0,21,0.0
C06,10,2026-01-10,0,21,0.0
C06,11,2026-01-11,0,21,0.0
C06,12,2026-01-12,0,21,0.0
C06,13,2026-01-13,0,21,0.0
C06,14,2026-01-14,5,21,0.23809523809523808
C06,15,2026-01-15,5,21,0.23809523809523808
C06,16,2026-01-16,5,21,0.23809523809523808
C06,17,2026-01-17,5,21,0.23809523809523808
C06,18,2026-01-18,5,21,0.23809523809523808
C06,19,2026-01-19,5,21,0.23809523809523808
C06,20,2026-01-20,11,21,0.5238095238095238
C06,21,2026-01-21,10,21,0.47619047619047616
C06,22,2026-01-22,10,21,0.47619047619047616
C06,23,2026-01-23,10,21,0.47619047619047616
C06,24,2026-01-24,0,21,0.0
C06,25,2026-01-25,0,21,0.0
C06,26,2026-01-26,0,21,0.0
C06,27,2026-01-27,2,21,0.09523809523809523
C06,28,2026-01-28,22,21,1.0476190476190477
C06,29,2026-01-29,22,21,1.0476190476190477
C06,30,2026-01-30,22,21,1.0476190476190477
C06,31,2026-01-31,22,21,1.0476190476190477
C06,32,2026-02-01,22,21,1.0476190476190477
C06,33,2026-02-02,22,21,1.0476190476190477
C06,34,2026-02-03,22,21,1.0476190476190477
C06,35,2026-02-04,22,21,1.0476190476190477
C06,36,2026-02-05,22,21,1.0476190476190477
C06,37,2026-02-06,22,21,1.0476190476190477
C06,38,2026-02-07,22,21,1.0476190476190477
C06,39,2026-02-08,22,21,1.0476190476190477
C06,40,2026-02-09,22,21,1.0476190476190477
C06,41,2026-02-10,22,21,1.0476190476190477
C06,42,2026-02-11,22,21,1.0476190476190477
C06,43,2026-02-12,22,21,1.0476190476190477
C06,44,2026-02-13,22,21,1.0476190476190477
C06,45,2026-02-14,22,21,1.0476190476190477
C06,46,2026-02-15,22,21,1.0476190476190477
C06,47,2026-02-16,22,21,1.0476190476190477
C06,48,2026-02-17,22,21,1.0476190476190477
C06,49,2026-02-18,22,21,1.0476190476190477
C06,50,2026-02-19,22,21,1.0476190476190477
C06,51,2026-02-20,23,21,1.0952380952380953
C06,52,2026-02-21,23,21,1.0952380952380953
C06,53,2026-02-22,23,21,1.0952380952380953
C06,54,2026-02-23,22,21,1.0476190476190477
C06,55,2026-02-24,34,21,1.619047619047619
C06,56,2026-02-25,44,21,2.0952380952380953
C06,57,2026-02-26,44,21,2.0952380952380953
C06,58,2026-02-27,44,21,2.0952380952380953
C06,59,2026-02-28,44,21,2.0952380952380953
C06,60,2026-03-01,44,21,2.0952380952380953
C06,61,2026-03-02,44,21,2.0952380952380953
C06,62,2026-03-03,44,21,2.0952380952380953
C06,63,2026-03-04,37,21,1.7619047619047619
C06,64,2026-03-05,37,21,1.7619047619047619
C06,65,2026-03-06,37,21,1.7619047619047619
C06,66,2026-03-07,37,21,1.7619047619047619
C06,67,2026-03-08,37,21,1.7619047619047619
C06,68,2026-03-09,37,21,1.7619047619047619
C06,69,2026-03-10,32,21,1.5238095238095237
C06,70,2026-03-11,32,21,1.5238095238095237
C06,71,2026-03-12,32,21,1.5238095238095237
C06,72,2026-03-13,32,21,1.5238095238095237
C06,73,2026-03-14,32,21,1.5238095238095237
C06,74,2026-03-15,32,21,1.5238095238095237
C06,75,2026-03-16,25,21,1.1904761904761905
C06,76,2026-03-17,25,21,1.1904761904761905
C06,77,2026-03-18,25,21,1.1904761904761905
C06,78,2026-03-19,25,21,1.1904761904761905
C06,79,2026-03-20,25,21,1.1904761904761905
C06,80,2026-03-21,25,21,1.1904761904761905
C06,81,2026-03-22,25,21,1.1904761904761905
C06,82,2026-03-23,25,21,1.1904761904761905
C06,83,2026-03-24,25,21,1.1904761904761905
C06,84,2026-03-25,25,21,1.1904761904761905
C06,85,2026-03-26,25,21,1.1904761904761905
C06,86,2026-03-27,25,21,1.1904761904761905
C06,87,2026-03-28,25,21,1.1904761904761905
C06,88,2026-03-29,25,21,1.1904761904761905
C06,89,2026-03-30,25,21,1.1904761904761905
C06,90,2026-03-31,25,21,1.1904761904761905
C06,91,2026-04-01,18,21,0.8571428571428571
C06,92,2026-04-02,18,21,0.8571428571428571
C06,93,2026-04-03,18,21,0.8571428571428571
C06,94,2026-04-04,10,21,0.47619047619047616
C06,95,2026-04-05,10,21,0.47619047619047616
C06,96,2026-04-06,14,21,0.6666666666666666
C06,97,2026-04-07,11,21,0.5238095238095238
C06,98,2026-04-08,11,21,0.5238095238095238
C06,99,2026-04-09,10,21,0.47619047619047616
C06,100,2026-04-10,10,21,0.47619047619047616
C06,101,2026-04-11,10,21,0.47619047619047616
C06,102,2026-04-12,10,21,0.47619047619047616
C06,103,2026-04-13,10,21,0.47619047619047616
C06,104,2026-04-14,10,21,0.47619047619047616
C06,105,2026-04-15,10,21,0.47619047619047616
C06,106,2026-04-16,10,21,0.47619047619047616
C06,107,2026-04-17,10,21,0.47619047619047616
C06,108,2026-04-18,12,21,0.5714285714285714
C06,109,2026-04-19,12,21,0.5714285714285714
C06,110,2026-04-20,13,21,0.6190476190476191
C06,111,2026-04-21,13,21,0.6190476190476191
C06,112,2026-04-22,10,21,0.47619047619047616
C06,113,2026-04-23,8,21,0.38095238095238093
C06,114,2026-04-24,8,21,0.38095238095238093
C06,115,2026-04-25,8,21,0.38095238095238093
C06,116,2026-04-26,8,21,0.38095238095238093
C06,117,2026-04-27,4,21,0.19047619047619047
C06,118,2026-04-28,21,21,1.0
C06,119,2026-04-29,24,21,1.1428571428571428
C06,120,2026-04-30,20,21,0.9523809523809523
C06,121,2026-05-01,20,21,0.9523809523809523
C06,122,2026-05-02,20,21,0.9523809523809523
C06,123,2026-05-03,20,21,0.9523809523809523
C06,124,2026-05-04,20,21,0.9523809523809523
C06,125,2026-05-05,18,21,0.8571428571428571
C06,126,2026-05-06,18,21,0.8571428571428571
C06,127,2026-05-07,18,21,0.8571428571428571
C06,128,2026-05-08,18,21,0.8571428571428571
C06,129,2026-05-09,18,21,0.8571428571428571
C06,130,2026-05-10,18,21,0.8571428571428571
C06,131,2026-05-11,18,21,0.8571428571428571
C06,132,2026-05-12,18,21,0.8571428571428571
C06,133,2026-05-13,17,21,0.8095238095238095
C06,134,2026-05-14,12,21,0.5714285714285714
C06,135,2026-05-15,5,21,0.23809523809523808
C06,136,2026-05-16,13,21,0.6190476190476191
C06,137,2026-05-17,13,21,0.6190476190476191
C06,138,2026-05-18,24,21,1.1428571428571428
C06,139,2026-05-19,4,21,0.19047619047619047
C06,140,2026-05-20,4,21,0.19047619047619047
C06,141,2026-05-21,6,21,0.2857142857142857
C06,142,2026-05-22,9,21,0.42857142857142855
C06,143,2026-05-23,25,21,1.1904761904761905
C06,144,2026-05-24,25,21,1.1904761904761905
C06,145,2026-05-25,25,21,1.1904761904761905
C06,146,2026-05-26,23,21,1.0952380952380953
C06,147,2026-05-27,23,21,1.0952380952380953
C06,148,2026-05-28,20,21,0.9523809523809523
C06,149,2026-05-29,20,21,0.9523809523809523
C06,150,2026-05-30,20,21,0.9523809523809523
C06,151,2026-05-31,20,21,0.9523809523809523
C06,152,2026-06-01,17,21,0.8095238095238095
C06,153,2026-06-02,14,21,0.6666666666666666
C06,154,2026-06-03,14,21,0.6666666666666666
C06,155,2026-06-04,14,21,0.6666666666666666
C06,156,2026-06-05,14,21,0.6666666666666666
C06,157,2026-06-06,14,21,0.6666666666666666
C06,158,2026-06-07,14,21,0.6666666666666666
C06,159,2026-06-08,14,21,0.6666666666666666
C06,160,2026-06-09,7,21,0.3333333333333333
C06,161,2026-06-10,7,21,0.3333333333333333
C06,162,2026-06-11,0,21,0.0
C06,163,2026-06-12,0,21,0.0
C06,164,2026-06-13,0,21,0.0
C06,165,2026-06-14,0,21,0.0
C07,5,2026-01-05,0,21,0.0
C07,6,2026-01-06,0,21,0.0
C07,7,2026-01-07,0,21,0.0
C07,8,2026-01-08,0,21,0.0
C07,9,2026-01-09,0,21,0.0
C07,10,2026-01-10,0,21,0.0
C07,11,2026-01-11,0,21,0.0
C07,12,2026-01-12,0,21,0.0
C07,13,2026-01-13,0,21,0.0
C07,14,2026-01-14,0,21,0.0
C07,15,2026-01-15,0,21,0.0
C07,16,2026-01-16,0,21,0.0
C07,17,2026-01-17,0,21,0.0
C07,18,2026-01-18,0,21,0.0
C07,19,2026-01-19,0,21,0.0
C07,20,2026-01-20,0,21,0.0
C07,21,2026-01-21,0,21,0.0
C07,22,2026-01-22,0,21,0.0
C07,23,2026-01-23,0,21,0.0
C07,24,2026-01-24,0,21,0.0
C07,25,2026-01-25,0,21,0.0
C07,26,2026-01-26,0,21,0.0
C07,27,2026-01-27,0,21,0.0
C07,28,2026-01-28,0,21,0.0
C07,29,2026-01-29,0,21,0.0
C07,30,2026-01-30,0,21,0.0
C07,31,2026-01-31,0,21,0.0
C07,32,2026-02-01,0,21,0.0
C07,33,2026-02-02,0,21,0.0
C07,34,2026-02-03,0,21,0.0
C07,35,2026-02-04,0,21,0.0
C07,36,2026-02-05,0,21,0.0
C07,37,2026-02-06,0,21,0.0
C07,38,2026-02-07,0,21,0.0
C07,39,2026-02-08,0,21,0.0
C07,40,2026-02-09,0,21,0.0
C07,41,2026-02-10,0,21,0.0
C07,42,2026-02-11,0,21,0.0
C07,43,2026-02-12,0,21,0.0
C07,44,2026-02-13,0,21,0.0
C07,45,2026-02-14,0,21,0.0
C07,46,2026-02-15,0,21,0.0
C07,47,2026-02-16,0,21,0.0
C07,48,2026-02-17,0,21,0.0
C07,49,2026-02-18,0,21,0.0
C07,50,2026-02-19,0,21,0.0
C07,51,2026-02-20,0,21,0.0
C07,52,2026-02-21,0,21,0.0
C07,53,2026-02-22,0,21,0.0
C07,54,2026-02-23,0,21,0.0
C07,55,2026-02-24,0,21,0.0
C07,56,2026-02-25,5,21,0.23809523809523808
C07,57,2026-02-26,6,21,0.2857142857142857
C07,58,2026-02-27,0,21,0.0
C07,59,2026-02-28,0,21,0.0
C07,60,2026-03-01,0,21,0.0
C07,61,2026-03-02,0,21,0.0
C07,62,2026-03-03,0,21,0.0
C07,63,2026-03-04,0,21,0.0
C07,64,2026-03-05,0,21,0.0
C07,65,2026-03-06,0,21,0.0
C07,66,2026-03-07,0,21,0.0
C07,67,2026-03-08,0,21,0.0
C07,68,2026-03-09,0,21,0.0
C07,69,2026-03-10,0,21,0.0
C07,70,2026-03-11,0,21,0.0
C07,71,2026-03-12,0,21,0.0
C07,72,2026-03-13,0,21,0.0
C07,73,2026-03-14,0,21,0.0
C07,74,2026-03-15,0,21,0.0
C07,75,2026-03-16,0,21,0.0
C07,76,2026-03-17,0,21,0.0
C07,77,2026-03-18,0,21,0.0
C07,78,2026-03-19,0,21,0.0
C07,79,2026-03-20,0,21,0.0
C07,80,2026-03-21,0,21,0.0
C07,81,2026-03-22,0,21,0.0
C07,82,2026-03-23,0,21,0.0
C07,83,2026-03-24,0,21,0.0
C07,84,2026-03-25,0,21,0.0
C07,85,2026-03-26,0,21,0.0
C07,86,2026-03-27,0,21,0.0
C07,87,2026-03-28,0,21,0.0
C07,88,2026-03-29,0,21,0.0
C07,89,2026-03-30,0,21,0.0
C07,90,2026-03-31,5,21,0.23809523809523808
C07,91,2026-04-01,5,21,0.23809523809523808
C07,92,2026-04-02,5,21,0.23809523809523808
C07,93,2026-04-03,5,21,0.23809523809523808
C07,94,2026-04-04,0,21,0.0
C07,95,2026-04-05,0,21,0.0
C07,96,2026-04-06,0,21,0.0
C07,97,2026-04-07,0,21,0.0
C07,98,2026-04-08,0,21,0.0
C07,99,2026-04-09,0,21,0.0
C07,100,2026-04-10,0,21,0.0
C07,101,2026-04-11,0,21,0.0
C07,102,2026-04-12,0,21,0.0
C07,103,2026-04-13,0,21,0.0
C07,104,2026-04-14,7,21,0.3333333333333333
C07,105,2026-04-15,13,21,0.6190476190476191
C07,106,2026-04-16,13,21,0.6190476190476191
C07,107,2026-04-17,12,21,0.5714285714285714
C07,108,2026-04-18,12,21,0.5714285714285714
C07,109,2026-04-19,12,21,0.5714285714285714
C07,110,2026-04-20,12,21,0.5714285714285714
C07,111,2026-04-21,19,21,0.9047619047619048
C07,112,2026-04-22,30,21,1.4285714285714286
C07,113,2026-04-23,29,21,1.380952380952381
C07,114,2026-04-24,17,21,0.8095238095238095
C07,115,2026-04-25,17,21,0.8095238095238095
C07,116,2026-04-26,17,21,0.8095238095238095
C07,117,2026-04-27,17,21,0.8095238095238095
C07,118,2026-04-28,21,21,1.0
C07,119,2026-04-29,22,21,1.0476190476190477
C07,120,2026-04-30,22,21,1.0476190476190477
C07,121,2026-05-01,22,21,1.0476190476190477
C07,122,2026-05-02,21,21,1.0
C07,123,2026-05-03,21,21,1.0
C07,124,2026-05-04,24,21,1.1428571428571428
C07,125,2026-05-05,24,21,1.1428571428571428
C07,126,2026-05-06,24,21,1.1428571428571428
C07,127,2026-05-07,24,21,1.1428571428571428
C07,128,2026-05-08,24,21,1.1428571428571428
C07,129,2026-05-09,7,21,0.3333333333333333
C07,130,2026-05-10,7,21,0.3333333333333333
C07,131,2026-05-11,7,21,0.3333333333333333
C07,132,2026-05-12,7,21,0.3333333333333333
C07,133,2026-05-13,7,21,0.3333333333333333
C07,134,2026-05-14,7,21,0.3333333333333333
C07,135,2026-05-15,27,21,1.2857142857142858
C07,136,2026-05-16,27,21,1.2857142857142858
C07,137,2026-05-17,27,21,1.2857142857142858
C07,138,2026-05-18,17,21,0.8095238095238095
C07,139,2026-05-19,17,21,0.8095238095238095
C07,140,2026-05-20,17,21,0.8095238095238095
C07,141,2026-05-21,17,21,0.8095238095238095
C07,142,2026-05-22,17,21,0.8095238095238095
C07,143,2026-05-23,17,21,0.8095238095238095
C07,144,2026-05-24,17,21,0.8095238095238095
C07,145,2026-05-25,17,21,0.8095238095238095
C07,146,2026-05-26,17,21,0.8095238095238095
C07,147,2026-05-27,17,21,0.8095238095238095
C07,148,2026-05-28,11,21,0.5238095238095238
C07,149,2026-05-29,11,21,0.5238095238095238
C07,150,2026-05-30,5,21,0.23809523809523808
C07,151,2026-05-31,5,21,0.23809523809523808
C07,152,2026-06-01,5,21,0.23809523809523808
C07,153,2026-06-02,5,21,0.23809523809523808
C07,154,2026-06-03,5,21,0.23809523809523808
C07,155,2026-06-04,5,21,0.23809523809523808
C07,156,2026-06-05,5,21,0.23809523809523808
C07,157,2026-06-06,5,21,0.23809523809523808
C07,158,2026-06-07,5,21,0.23809523809523808
C07,159,2026-06-08,5,21,0.23809523809523808
C07,160,2026-06-09,5,21,0.23809523809523808
C07,161,2026-06-10,5,21,0.23809523809523808
C07,162,2026-06-11,5,21,0.23809523809523808
C07,163,2026-06-12,4,21,0.19047619047619047
C07,164,2026-06-13,0,21,0.0
C07,165,2026-06-14,0,21,0.0
C08,5,2026-01-05,0,21,0.0
C08,6,2026-01-06,0,21,0.0
C08,7,2026-01-07,0,21,0.0
C08,8,2026-01-08,0,21,0.0
C08,9,2026-01-09,0,21,0.0
C08,10,2026-01-10,0,21,0.0
C08,11,2026-01-11,0,21,0.0
C08,12,2026-01-12,0,21,0.0
C08,13,2026-01-13,0,21,0.0
C08,14,2026-01-14,0,21,0.0
C08,15,2026-01-15,0,21,0.0
C08,16,2026-01-16,0,21,0.0
C08,17,2026-01-17,0,21,0.0
C08,18,2026-01-18,0,21,0.0
C08,19,2026-01-19,0,21,0.0
C08,20,2026-01-20,0,21,0.0
C08,21,2026-01-21,0,21,0.0
C08,22,2026-01-22,0,21,0.0
C08,23,2026-01-23,0,21,0.0
C08,24,2026-01-24,0,21,0.0
C08,25,2026-01-25,0,21,0.0
C08,26,2026-01-26,0,21,0.0
C08,27,2026-01-27,0,21,0.0
C08,28,2026-01-28,0,21,0.0
C08,29,2026-01-29,0,21,0.0
C08,30,2026-01-30,0,21,0.0
C08,31,2026-01-31,0,21,0.0
C08,32,2026-02-01,0,21,0.0
C08,33,2026-02-02,0,21,0.0
C08,34,2026-02-03,0,21,0.0
C08,35,2026-02-04,0,21,0.0
C08,36,2026-02-05,0,21,0.0
C08,37,2026-02-06,0,21,0.0
C08,38,2026-02-07,0,21,0.0
C08,39,2026-02-08,0,21,0.0
C08,40,2026-02-09,21,21,1.0
C08,41,2026-02-10,40,21,1.9047619047619047
C08,42,2026-02-11,39,21,1.8571428571428572
C08,43,2026-02-12,28,21,1.3333333333333333
C08,44,2026-02-13,15,21,0.7142857142857143
C08,45,2026-02-14,15,21,0.7142857142857143
C08,46,2026-02-15,15,21,0.7142857142857143
C08,47,2026-02-16,15,21,0.7142857142857143
C08,48,2026-02-17,15,21,0.7142857142857143
C08,49,2026-02-18,15,21,0.7142857142857143
C08,50,2026-02-19,15,21,0.7142857142857143
C08,51,2026-02-20,15,21,0.7142857142857143
C08,52,2026-02-21,15,21,0.7142857142857143
C08,53,2026-02-22,15,21,0.7142857142857143
C08,54,2026-02-23,9,21,0.42857142857142855
C08,55,2026-02-24,9,21,0.42857142857142855
C08,56,2026-02-25,9,21,0.42857142857142855
C08,57,2026-02-26,8,21,0.38095238095238093
C08,58,2026-02-27,8,21,0.38095238095238093
C08,59,2026-02-28,8,21,0.38095238095238093
C08,60,2026-03-01,8,21,0.38095238095238093
C08,61,2026-03-02,8,21,0.38095238095238093
C08,62,2026-03-03,8,21,0.38095238095238093
C08,63,2026-03-04,8,21,0.38095238095238093
C08,64,2026-03-05,2,21,0.09523809523809523
C08,65,2026-03-06,2,21,0.09523809523809523
C08,66,2026-03-07,2,21,0.09523809523809523
C08,67,2026-03-08,2,21,0.09523809523809523
C08,68,2026-03-09,1,21,0.047619047619047616
C08,69,2026-03-10,1,21,0.047619047619047616
C08,70,2026-03-11,1,21,0.047619047619047616
C08,71,2026-03-12,0,21,0.0
C08,72,2026-03-13,0,21,0.0
C08,73,2026-03-14,0,21,0.0
C08,74,2026-03-15,0,21,0.0
C08,75,2026-03-16,0,21,0.0
C08,76,2026-03-17,0,21,0.0
C08,77,2026-03-18,0,21,0.0
C08,78,2026-03-19,0,21,0.0
C08,79,2026-03-20,0,21,0.0
C08,80,2026-03-21,0,21,0.0
C08,81,2026-03-22,0,21,0.0
C08,82,2026-03-23,0,21,0.0
C08,83,2026-03-24,0,21,0.0
C08,84,2026-03-25,0,21,0.0
C08,85,2026-03-26,0,21,0.0
C08,86,2026-03-27,0,21,0.0
C08,87,2026-03-28,9,21,0.42857142857142855
C08,88,2026-03-29,9,21,0.42857142857142855
C08,89,2026-03-30,15,21,0.7142857142857143
C08,90,2026-03-31,15,21,0.7142857142857143
C08,91,2026-04-01,15,21,0.7142857142857143
C08,92,2026-04-02,14,21,0.6666666666666666
C08,93,2026-04-03,12,21,0.5714285714285714
C08,94,2026-04-04,12,21,0.5714285714285714
C08,95,2026-04-05,12,21,0.5714285714285714
C08,96,2026-04-06,12,21,0.5714285714285714
C08,97,2026-04-07,12,21,0.5714285714285714
C08,98,2026-04-08,12,21,0.5714285714285714
C08,99,2026-04-09,12,21,0.5714285714285714
C08,100,2026-04-10,12,21,0.5714285714285714
C08,101,2026-04-11,12,21,0.5714285714285714
C08,102,2026-04-12,12,21,0.5714285714285714
C08,103,2026-04-13,12,21,0.5714285714285714
C08,104,2026-04-14,12,21,0.5714285714285714
C08,105,2026-04-15,12,21,0.5714285714285714
C08,106,2026-04-16,12,21,0.5714285714285714
C08,107,2026-04-17,12,21,0.5714285714285714
C08,108,2026-04-18,12,21,0.5714285714285714
C08,109,2026-04-19,12,21,0.5714285714285714
C08,110,2026-04-20,12,21,0.5714285714285714
C08,111,2026-04-21,12,21,0.5714285714285714
C08,112,2026-04-22,12,21,0.5714285714285714
C08,113,2026-04-23,12,21,0.5714285714285714
C08,114,2026-04-24,12,21,0.5714285714285714
C08,115,2026-04-25,12,21,0.5714285714285714
C08,116,2026-04-26,12,21,0.5714285714285714
C08,117,2026-04-27,12,21,0.5714285714285714
C08,118,2026-04-28,12,21,0.5714285714285714
C08,119,2026-04-29,10,21,0.47619047619047616
C08,120,2026-04-30,10,21,0.47619047619047616
C08,121,2026-05-01,10,21,0.47619047619047616
C08,122,2026-05-02,10,21,0.47619047619047616
C08,123,2026-05-03,10,21,0.47619047619047616
C08,124,2026-05-04,10,21,0.47619047619047616
C08,125,2026-05-05,10,21,0.47619047619047616
C08,126,2026-05-06,10,21,0.47619047619047616
C08,127,2026-05-07,10,21,0.47619047619047616
C08,128,2026-05-08,8,21,0.38095238095238093
C08,129,2026-05-09,8,21,0.38095238095238093
C08,130,2026-05-10,8,21,0.38095238095238093
C08,131,2026-05-11,8,21,0.38095238095238093
C08,132,2026-05-12,4,21,0.19047619047619047
C08,133,2026-05-13,2,21,0.09523809523809523
C08,134,2026-05-14,0,21,0.0
C08,135,2026-05-15,4,21,0.19047619047619047
C08,136,2026-05-16,4,21,0.19047619047619047
C08,137,2026-05-17,4,21,0.19047619047619047
C08,138,2026-05-18,4,21,0.19047619047619047
C08,139,2026-05-19,4,21,0.19047619047619047
C08,140,2026-05-20,4,21,0.19047619047619047
C08,141,2026-05-21,4,21,0.19047619047619047
C08,142,2026-05-22,1,21,0.047619047619047616
C08,143,2026-05-23,1,21,0.047619047619047616
C08,144,2026-05-24,1,21,0.047619047619047616
C08,145,2026-05-25,1,21,0.047619047619047616
C08,146,2026-05-26,1,21,0.047619047619047616
C08,147,2026-05-27,1,21,0.047619047619047616
C08,148,2026-05-28,1,21,0.047619047619047616
C08,149,2026-05-29,1,21,0.047619047619047616
C08,150,2026-05-30,0,21,0.0
C08,151,2026-05-31,0,21,0.0
C08,152,2026-06-01,3,21,0.14285714285714285
C08,153,2026-06-02,3,21,0.14285714285714285
C08,154,2026-06-03,0,21,0.0
C08,155,2026-06-04,0,21,0.0
C08,156,2026-06-05,0,21,0.0
C08,157,2026-06-06,0,21,0.0
C08,158,2026-06-07,0,21,0.0
C08,159,2026-06-08,0,21,0.0
C08,160,2026-06-09,0,21,0.0
C08,161,2026-06-10,0,21,0.0
C08,162,2026-06-11,0,21,0.0
C08,163,2026-06-12,0,21,0.0
C08,164,2026-06-13,0,21,0.0
C08,165,2026-06-14,0,21,0.0
C09,5,2026-01-05,0,21,0.0
C09,6,2026-01-06,0,21,0.0
C09,7,2026-01-07,0,21,0.0
C09,8,2026-01-08,0,21,0.0
C09,9,2026-01-09,0,21,0.0
C09,10,2026-01-10,0,21,0.0
C09,11,2026-01-11,0,21,0.0
C09,12,2026-01-12,0,21,0.0
C09,13,2026-01-13,0,21,0.0
C09,14,2026-01-14,0,21,0.0
C09,15,2026-01-15,0,21,0.0
C09,16,2026-01-16,0,21,0.0
C09,17,2026-01-17,0,21,0.0
C09,18,2026-01-18,0,21,0.0
C09,19,2026-01-19,0,21,0.0
C09,20,2026-01-20,0,21,0.0
C09,21,2026-01-21,0,21,0.0
C09,22,2026-01-22,0,21,0.0
C09,23,2026-01-23,0,21,0.0
C09,24,2026-01-24,0,21,0.0
C09,25,2026-01-25,0,21,0.0
C09,26,2026-01-26,0,21,0.0
C09,27,2026-01-27,0,21,0.0
C09,28,2026-01-28,0,21,0.0
C09,29,2026-01-29,0,21,0.0
C09,30,2026-01-30,0,21,0.0
C09,31,2026-01-31,0,21,0.0
C09,32,2026-02-01,0,21,0.0
C09,33,2026-02-02,0,21,0.0
C09,34,2026-02-03,0,21,0.0
C09,35,2026-02-04,0,21,0.0
C09,36,2026-02-05,0,21,0.0
C09,37,2026-02-06,0,21,0.0
C09,38,2026-02-07,0,21,0.0
C09,39,2026-02-08,0,21,0.0
C09,40,2026-02-09,0,21,0.0
C09,41,2026-02-10,0,21,0.0
C09,42,2026-02-11,0,21,0.0
C09,43,2026-02-12,0,21,0.0
C09,44,2026-02-13,0,21,0.0
C09,45,2026-02-14,0,21,0.0
C09,46,2026-02-15,0,21,0.0
C09,47,2026-02-16,0,21,0.0
C09,48,2026-02-17,0,21,0.0
C09,49,2026-02-18,0,21,0.0
C09,50,2026-02-19,0,21,0.0
C09,51,2026-02-20,0,21,0.0
C09,52,2026-02-21,0,21,0.0
C09,53,2026-02-22,0,21,0.0
C09,54,2026-02-23,0,21,0.0
C09,55,2026-02-24,0,21,0.0
C09,56,2026-02-25,0,21,0.0
C09,57,2026-02-26,0,21,0.0
C09,58,2026-02-27,0,21,0.0
C09,59,2026-02-28,0,21,0.0
C09,60,2026-03-01,0,21,0.0
C09,61,2026-03-02,0,21,0.0
C09,62,2026-03-03,0,21,0.0
C09,63,2026-03-04,0,21,0.0
C09,64,2026-03-05,0,21,0.0
C09,65,2026-03-06,0,21,0.0
C09,66,2026-03-07,0,21,0.0
C09,67,2026-03-08,0,21,0.0
C09,68,2026-03-09,0,21,0.0
C09,69,2026-03-10,0,21,0.0
C09,70,2026-03-11,0,21,0.0
C09,71,2026-03-12,0,21,0.0
C09,72,2026-03-13,0,21,0.0
C09,73,2026-03-14,0,21,0.0
C09,74,2026-03-15,0,21,0.0
C09,75,2026-03-16,0,21,0.0
C09,76,2026-03-17,0,21,0.0
C09,77,2026-03-18,0,21,0.0
C09,78,2026-03-19,0,21,0.0
C09,79,2026-03-20,0,21,0.0
C09,80,2026-03-21,0,21,0.0
C09,81,2026-03-22,0,21,0.0
C09,82,2026-03-23,0,21,0.0
C09,83,2026-03-24,0,21,0.0
C09,84,2026-03-25,0,21,0.0
C09,85,2026-03-26,0,21,0.0
C09,86,2026-03-27,0,21,0.0
C09,87,2026-03-28,0,21,0.0
C09,88,2026-03-29,0,21,0.0
C09,89,2026-03-30,0,21,0.0
C09,90,2026-03-31,0,21,0.0
C09,91,2026-04-01,0,21,0.0
C09,92,2026-04-02,0,21,0.0
C09,93,2026-04-03,0,21,0.0
C09,94,2026-04-04,0,21,0.0
C09,95,2026-04-05,0,21,0.0
C09,96,2026-04-06,0,21,0.0
C09,97,2026-04-07,0,21,0.0
C09,98,2026-04-08,0,21,0.0
C09,99,2026-04-09,0,21,0.0
C09,100,2026-04-10,0,21,0.0
C09,101,2026-04-11,0,21,0.0
C09,102,2026-04-12,0,21,0.0
C09,103,2026-04-13,0,21,0.0
C09,104,2026-04-14,0,21,0.0
C09,105,2026-04-15,0,21,0.0
C09,106,2026-04-16,0,21,0.0
C09,107,2026-04-17,0,21,0.0
C09,108,2026-04-18,0,21,0.0
C09,109,2026-04-19,0,21,0.0
C09,110,2026-04-20,0,21,0.0
C09,111,2026-04-21,0,21,0.0
C09,112,2026-04-22,0,21,0.0
C09,113,2026-04-23,0,21,0.0
C09,114,2026-04-24,0,21,0.0
C09,115,2026-04-25,0,21,0.0
C09,116,2026-04-26,0,21,0.0
C09,117,2026-04-27,0,21,0.0
C09,118,2026-04-28,0,21,0.0
C09,119,2026-04-29,0,21,0.0
C09,120,2026-04-30,0,21,0.0
C09,121,2026-05-01,0,21,0.0
C09,122,2026-05-02,0,21,0.0
C09,123,2026-05-03,0,21,0.0
C09,124,2026-05-04,0,21,0.0
C09,125,2026-05-05,0,21,0.0
C09,126,2026-05-06,0,21,0.0
C09,127,2026-05-07,0,21,0.0
C09,128,2026-05-08,0,21,0.0
C09,129,2026-05-09,0,21,0.0
C09,130,2026-05-10,0,21,0.0
C09,131,2026-05-11,0,21,0.0
C09,132,2026-05-12,0,21,0.0
C09,133,2026-05-13,0,21,0.0
C09,134,2026-05-14,0,21,0.0
C09,135,2026-05-15,0,21,0.0
C09,136,2026-05-16,0,21,0.0
C09,137,2026-05-17,0,21,0.0
C09,138,2026-05-18,0,21,0.0
C09,139,2026-05-19,0,21,0.0
C09,140,2026-05-20,0,21,0.0
C09,141,2026-05-21,0,21,0.0
C09,142,2026-05-22,0,21,0.0
C09,143,2026-05-23,0,21,0.0
C09,144,2026-05-24,0,21,0.0
C09,145,2026-05-25,0,21,0.0
C09,146,2026-05-26,0,21,0.0
C09,147,2026-05-27,0,21,0.0
C09,148,2026-05-28,0,21,0.0
C09,149,2026-05-29,0,21,0.0
C09,150,2026-05-30,0,21,0.0
C09,151,2026-05-31,0,21,0.0
C09,152,2026-06-01,0,21,0.0
C09,153,2026-06-02,0,21,0.0
C09,154,2026-06-03,0,21,0.0
C09,155,2026-06-04,0,21,0.0
C09,156,2026-06-05,0,21,0.0
C09,157,2026-06-06,0,21,0.0
C09,158,2026-06-07,0,21,0.0
C09,159,2026-06-08,0,21,0.0
C09,160,2026-06-09,0,21,0.0
C09,161,2026-06-10,0,21,0.0
C09,162,2026-06-11,0,21,0.0
C09,163,2026-06-12,0,21,0.0
C09,164,2026-06-13,0,21,0.0
C09,165,2026-06-14,0,21,0.0
C10,5,2026-01-05,0,21,0.0
C10,6,2026-01-06,0,21,0.0
C10,7,2026-01-07,0,21,0.0
C10,8,2026-01-08,0,21,0.0
C10,9,2026-01-09,0,21,0.0
C10,10,2026-01-10,0,21,0.0
C10,11,2026-01-11,0,21,0.0
C10,12,2026-01-12,0,21,0.0
C10,13,2026-01-13,0,21,0.0
C10,14,2026-01-14,0,21,0.0
C10,15,2026-01-15,0,21,0.0
C10,16,2026-01-16,0,21,0.0
C10,17,2026-01-17,0,21,0.0
C10,18,2026-01-18,0,21,0.0
C10,19,2026-01-19,0,21,0.0
C10,20,2026-01-20,0,21,0.0
C10,21,2026-01-21,0,21,0.0
C10,22,2026-01-22,0,21,0.0
C10,23,2026-01-23,0,21,0.0
C10,24,2026-01-24,0,21,0.0
C10,25,2026-01-25,0,21,0.0
C10,26,2026-01-26,0,21,0.0
C10,27,2026-01-27,0,21,0.0
C10,28,2026-01-28,0,21,0.0
C10,29,2026-01-29,0,21,0.0
C10,30,2026-01-30,0,21,0.0
C10,31,2026-01-31,0,21,0.0
C10,32,2026-02-01,0,21,0.0
C10,33,2026-02-02,0,21,0.0
C10,34,2026-02-03,0,21,0.0
C10,35,2026-02-04,0,21,0.0
C10,36,2026-02-05,0,21,0.0
C10,37,2026-02-06,0,21,0.0
C10,38,2026-02-07,0,21,0.0
C10,39,2026-02-08,0,21,0.0
C10,40,2026-02-09,0,21,0.0
C10,41,2026-02-10,0,21,0.0
C10,42,2026-02-11,0,21,0.0
C10,43,2026-02-12,0,21,0.0
C10,44,2026-02-13,0,21,0.0
C10,45,2026-02-14,0,21,0.0
C10,46,2026-02-15,0,21,0.0
C10,47,2026-02-16,0,21,0.0
C10,48,2026-02-17,0,21,0.0
C10,49,2026-02-18,0,21,0.0
C10,50,2026-02-19,0,21,0.0
C10,51,2026-02-20,0,21,0.0
C10,52,2026-02-21,0,21,0.0
C10,53,2026-02-22,0,21,0.0
C10,54,2026-02-23,0,21,0.0
C10,55,2026-02-24,0,21,0.0
C10,56,2026-02-25,0,21,0.0
C10,57,2026-02-26,0,21,0.0
C10,58,2026-02-27,0,21,0.0
C10,59,2026-02-28,0,21,0.0
C10,60,2026-03-01,0,21,0.0
C10,61,2026-03-02,0,21,0.0
C10,62,2026-03-03,0,21,0.0
C10,63,2026-03-04,0,21,0.0
C10,64,2026-03-05,0,21,0.0
C10,65,2026-03-06,0,21,0.0
C10,66,2026-03-07,0,21,0.0
C10,67,2026-03-08,0,21,0.0
C10,68,2026-03-09,0,21,0.0
C10,69,2026-03-10,0,21,0.0
C10,70,2026-03-11,0,21,0.0
C10,71,2026-03-12,0,21,0.0
C10,72,2026-03-13,0,21,0.0
C10,73,2026-03-14,0,21,0.0
C10,74,2026-03-15,0,21,0.0
C10,75,2026-03-16,0,21,0.0
C10,76,2026-03-17,0,21,0.0
C10,77,2026-03-18,0,21,0.0
C10,78,2026-03-19,0,21,0.0
C10,79,2026-03-20,0,21,0.0
C10,80,2026-03-21,0,21,0.0
C10,81,2026-03-22,0,21,0.0
C10,82,2026-03-23,0,21,0.0
C10,83,2026-03-24,0,21,0.0
C10,84,2026-03-25,0,21,0.0
C10,85,2026-03-26,0,21,0.0
C10,86,2026-03-27,0,21,0.0
C10,87,2026-03-28,0,21,0.0
C10,88,2026-03-29,0,21,0.0
C10,89,2026-03-30,0,21,0.0
C10,90,2026-03-31,0,21,0.0
C10,91,2026-04-01,0,21,0.0
C10,92,2026-04-02,0,21,0.0
C10,93,2026-04-03,0,21,0.0
C10,94,2026-04-04,0,21,0.0
C10,95,2026-04-05,0,21,0.0
C10,96,2026-04-06,0,21,0.0
C10,97,2026-04-07,0,21,0.0
C10,98,2026-04-08,0,21,0.0
C10,99,2026-04-09,0,21,0.0
C10,100,2026-04-10,0,21,0.0
C10,101,2026-04-11,0,21,0.0
C10,102,2026-04-12,0,21,0.0
C10,103,2026-04-13,0,21,0.0
C10,104,2026-04-14,0,21,0.0
C10,105,2026-04-15,0,21,0.0
C10,106,2026-04-16,0,21,0.0
C10,107,2026-04-17,0,21,0.0
C10,108,2026-04-18,0,21,0.0
C10,109,2026-04-19,0,21,0.0
C10,110,2026-04-20,0,21,0.0
C10,111,2026-04-21,0,21,0.0
C10,112,2026-04-22,0,21,0.0
C10,113,2026-04-23,0,21,0.0
C10,114,2026-04-24,0,21,0.0
C10,115,2026-04-25,0,21,0.0
C10,116,2026-04-26,0,21,0.0
C10,117,2026-04-27,0,21,0.0
C10,118,2026-04-28,0,21,0.0
C10,119,2026-04-29,0,21,0.0
C10,120,2026-04-30,0,21,0.0
C10,121,2026-05-01,0,21,0.0
C10,122,2026-05-02,0,21,0.0
C10,123,2026-05-03,0,21,0.0
C10,124,2026-05-04,0,21,0.0
C10,125,2026-05-05,0,21,0.0
C10,126,2026-05-06,0,21,0.0
C10,127,2026-05-07,0,21,0.0
C10,128,2026-05-08,0,21,0.0
C10,129,2026-05-09,0,21,0.0
C10,130,2026-05-10,0,21,0.0
C10,131,2026-05-11,0,21,0.0
C10,132,2026-05-12,0,21,0.0
C10,133,2026-05-13,0,21,0.0
C10,134,2026-05-14,0,21,0.0
C10,135,2026-05-15,0,21,0.0
C10,136,2026-05-16,0,21,0.0
C10,137,2026-05-17,0,21,0.0
C10,138,2026-05-18,0,21,0.0
C10,139,2026-05-19,0,21,0.0
C10,140,2026-05-20,0,21,0.0
C10,141,2026-05-21,0,21,0.0
C10,142,2026-05-22,0,21,0.0
C10,143,2026-05-23,0,21,0.0
C10,144,2026-05-24,0,21,0.0
C10,145,2026-05-25,0,21,0.0
C10,146,2026-05-26,0,21,0.0
C10,147,2026-05-27,0,21,0.0
C10,148,2026-05-28,0,21,0.0
C10,149,2026-05-29,0,21,0.0
C10,150,2026-05-30,0,21,0.0
C10,151,2026-05-31,0,21,0.0
C10,152,2026-06-01,0,21,0.0
C10,153,2026-06-02,0,21,0.0
C10,154,2026-06-03,0,21,0.0
C10,155,2026-06-04,0,21,0.0
C10,156,2026-06-05,0,21,0.0
C10,157,2026-06-06,0,21,0.0
C10,158,2026-06-07,0,21,0.0
C10,159,2026-06-08,0,21,0.0
C10,160,2026-06-09,0,21,0.0
C10,161,2026-06-10,0,21,0.0
C10,162,2026-06-11,0,21,0.0
C10,163,2026-06-12,0,21,0.0
C10,164,2026-06-13,0,21,0.0
C10,165,2026-06-14,0,21,0.0
D01,5,2026-01-05,0,21,0.0
D01,6,2026-01-06,0,21,0.0
D01,7,2026-01-07,0,21,0.0
D01,8,2026-01-08,0,21,0.0
D01,9,2026-01-09,0,21,0.0
D01,10,2026-01-10,0,21,0.0
D01,11,2026-01-11,0,21,0.0
D01,12,2026-01-12,0,21,0.0
D01,13,2026-01-13,0,21,0.0
D01,14,2026-01-14,0,21,0.0
D01,15,2026-01-15,0,21,0.0
D01,16,2026-01-16,0,21,0.0
D01,17,2026-01-17,0,21,0.0
D01,18,2026-01-18,0,21,0.0
D01,19,2026-01-19,0,21,0.0
D01,20,2026-01-20,0,21,0.0
D01,21,2026-01-21,0,21,0.0
D01,22,2026-01-22,0,21,0.0
D01,23,2026-01-23,0,21,0.0
D01,24,2026-01-24,0,21,0.0
D01,25,2026-01-25,0,21,0.0
D01,26,2026-01-26,0,21,0.0
D01,27,2026-01-27,0,21,0.0
D01,28,2026-01-28,1,21,0.047619047619047616
D01,29,2026-01-29,1,21,0.047619047619047616
D01,30,2026-01-30,1,21,0.047619047619047616
D01,31,2026-01-31,1,21,0.047619047619047616
D01,32,2026-02-01,1,21,0.047619047619047616
D01,33,2026-02-02,1,21,0.047619047619047616
D01,34,2026-02-03,1,21,0.047619047619047616
D01,35,2026-02-04,1,21,0.047619047619047616
D01,36,2026-02-05,1,21,0.047619047619047616
D01,37,2026-02-06,1,21,0.047619047619047616
D01,38,2026-02-07,1,21,0.047619047619047616
D01,39,2026-02-08,1,21,0.047619047619047616
D01,40,2026-02-09,1,21,0.047619047619047616
D01,41,2026-02-10,5,21,0.23809523809523808
D01,42,2026-02-11,33,21,1.5714285714285714
D01,43,2026-02-12,29,21,1.380952380952381
D01,44,2026-02-13,29,21,1.380952380952381
D01,45,2026-02-14,29,21,1.380952380952381
D01,46,2026-02-15,29,21,1.380952380952381
D01,47,2026-02-16,29,21,1.380952380952381
D01,48,2026-02-17,29,21,1.380952380952381
D01,49,2026-02-18,29,21,1.380952380952381
D01,50,2026-02-19,29,21,1.380952380952381
D01,51,2026-02-20,29,21,1.380952380952381
D01,52,2026-02-21,29,21,1.380952380952381
D01,53,2026-02-22,29,21,1.380952380952381
D01,54,2026-02-23,25,21,1.1904761904761905
D01,55,2026-02-24,25,21,1.1904761904761905
D01,56,2026-02-25,25,21,1.1904761904761905
D01,57,2026-02-26,11,21,0.5238095238095238
D01,58,2026-02-27,10,21,0.47619047619047616
D01,59,2026-02-28,15,21,0.7142857142857143
D01,60,2026-03-01,15,21,0.7142857142857143
D01,61,2026-03-02,12,21,0.5714285714285714
D01,62,2026-03-03,12,21,0.5714285714285714
D01,63,2026-03-04,12,21,0.5714285714285714
D01,64,2026-03-05,11,21,0.5238095238095238
D01,65,2026-03-06,11,21,0.5238095238095238
D01,66,2026-03-07,11,21,0.5238095238095238
D01,67,2026-03-08,11,21,0.5238095238095238
D01,68,2026-03-09,5,21,0.23809523809523808
D01,69,2026-03-10,5,21,0.23809523809523808
D01,70,2026-03-11,14,21,0.6666666666666666
D01,71,2026-03-12,11,21,0.5238095238095238
D01,72,2026-03-13,5,21,0.23809523809523808
D01,73,2026-03-14,5,21,0.23809523809523808
D01,74,2026-03-15,5,21,0.23809523809523808
D01,75,2026-03-16,5,21,0.23809523809523808
D01,76,2026-03-17,2,21,0.09523809523809523
D01,77,2026-03-18,2,21,0.09523809523809523
D01,78,2026-03-19,2,21,0.09523809523809523
D01,79,2026-03-20,2,21,0.09523809523809523
D01,80,2026-03-21,2,21,0.09523809523809523
D01,81,2026-03-22,2,21,0.09523809523809523
D01,82,2026-03-23,2,21,0.09523809523809523
D01,83,2026-03-24,15,21,0.7142857142857143
D01,84,2026-03-25,1,21,0.047619047619047616
D01,85,2026-03-26,5,21,0.23809523809523808
D01,86,2026-03-27,11,21,0.5238095238095238
D01,87,2026-03-28,11,21,0.5238095238095238
D01,88,2026-03-29,11,21,0.5238095238095238
D01,89,2026-03-30,11,21,0.5238095238095238
D01,90,2026-03-31,17,21,0.8095238095238095
D01,91,2026-04-01,17,21,0.8095238095238095
D01,92,2026-04-02,28,21,1.3333333333333333
D01,93,2026-04-03,8,21,0.38095238095238093
D01,94,2026-04-04,8,21,0.38095238095238093
D01,95,2026-04-05,8,21,0.38095238095238093
D01,96,2026-04-06,15,21,0.7142857142857143
D01,97,2026-04-07,20,21,0.9523809523809523
D01,98,2026-04-08,20,21,0.9523809523809523
D01,99,2026-04-09,20,21,0.9523809523809523
D01,100,2026-04-10,22,21,1.0476190476190477
D01,101,2026-04-11,22,21,1.0476190476190477
D01,102,2026-04-12,22,21,1.0476190476190477
D01,103,2026-04-13,14,21,0.6666666666666666
D01,104,2026-04-14,12,21,0.5714285714285714
D01,105,2026-04-15,16,21,0.7619047619047619
D01,106,2026-04-16,12,21,0.5714285714285714
D01,107,2026-04-17,17,21,0.8095238095238095
D01,108,2026-04-18,23,21,1.0952380952380953
D01,109,2026-04-19,23,21,1.0952380952380953
D01,110,2026-04-20,6,21,0.2857142857142857
D01,111,2026-04-21,11,21,0.5238095238095238
D01,112,2026-04-22,2,21,0.09523809523809523
D01,113,2026-04-23,0,21,0.0
D01,114,2026-04-24,0,21,0.0
D01,115,2026-04-25,0,21,0.0
D01,116,2026-04-26,0,21,0.0
D01,117,2026-04-27,0,21,0.0
D01,118,2026-04-28,0,21,0.0
D01,119,2026-04-29,0,21,0.0
D01,120,2026-04-30,0,21,0.0
D01,121,2026-05-01,1,21,0.047619047619047616
D01,122,2026-05-02,3,21,0.14285714285714285
D01,123,2026-05-03,3,21,0.14285714285714285
D01,124,2026-05-04,8,21,0.38095238095238093
D01,125,2026-05-05,12,21,0.5714285714285714
D01,126,2026-05-06,20,21,0.9523809523809523
D01,127,2026-05-07,17,21,0.8095238095238095
D01,128,2026-05-08,16,21,0.7619047619047619
D01,129,2026-05-09,29,21,1.380952380952381
D01,130,2026-05-10,29,21,1.380952380952381
D01,131,2026-05-11,23,21,1.0952380952380953
D01,132,2026-05-12,16,21,0.7619047619047619
D01,133,2026-05-13,16,21,0.7619047619047619
D01,134,2026-05-14,14,21,0.6666666666666666
D01,135,2026-05-15,36,21,1.7142857142857142
D01,136,2026-05-16,36,21,1.7142857142857142
D01,137,2026-05-17,36,21,1.7142857142857142
D01,138,2026-05-18,36,21,1.7142857142857142
D01,139,2026-05-19,14,21,0.6666666666666666
D01,140,2026-05-20,23,21,1.0952380952380953
D01,141,2026-05-21,14,21,0.6666666666666666
D01,142,2026-05-22,14,21,0.6666666666666666
D01,143,2026-05-23,33,21,1.5714285714285714
D01,144,2026-05-24,33,21,1.5714285714285714
D01,145,2026-05-25,33,21,1.5714285714285714
D01,146,2026-05-26,27,21,1.2857142857142858
D01,147,2026-05-27,13,21,0.6190476190476191
D01,148,2026-05-28,14,21,0.6666666666666666
D01,149,2026-05-29,14,21,0.6666666666666666
D01,150,2026-05-30,14,21,0.6666666666666666
D01,151,2026-05-31,14,21,0.6666666666666666
D01,152,2026-06-01,14,21,0.6666666666666666
D01,153,2026-06-02,14,21,0.6666666666666666
D01,154,2026-06-03,14,21,0.6666666666666666
D01,155,2026-06-04,14,21,0.6666666666666666
D01,156,2026-06-05,14,21,0.6666666666666666
D01,157,2026-06-06,4,21,0.19047619047619047
D01,158,2026-06-07,4,21,0.19047619047619047
D01,159,2026-06-08,13,21,0.6190476190476191
D01,160,2026-06-09,13,21,0.6190476190476191
D01,161,2026-06-10,13,21,0.6190476190476191
D01,162,2026-06-11,13,21,0.6190476190476191
D01,163,2026-06-12,0,21,0.0
D01,164,2026-06-13,0,21,0.0
D01,165,2026-06-14,0,21,0.0
D02,5,2026-01-05,0,21,0.0
D02,6,2026-01-06,0,21,0.0
D02,7,2026-01-07,0,21,0.0
D02,8,2026-01-08,0,21,0.0
D02,9,2026-01-09,0,21,0.0
D02,10,2026-01-10,0,21,0.0
D02,11,2026-01-11,0,21,0.0
D02,12,2026-01-12,0,21,0.0
D02,13,2026-01-13,0,21,0.0
D02,14,2026-01-14,0,21,0.0
D02,15,2026-01-15,0,21,0.0
D02,16,2026-01-16,0,21,0.0
D02,17,2026-01-17,0,21,0.0
D02,18,2026-01-18,0,21,0.0
D02,19,2026-01-19,0,21,0.0
D02,20,2026-01-20,0,21,0.0
D02,21,2026-01-21,12,21,0.5714285714285714
D02,22,2026-01-22,12,21,0.5714285714285714
D02,23,2026-01-23,12,21,0.5714285714285714
D02,24,2026-01-24,12,21,0.5714285714285714
D02,25,2026-01-25,12,21,0.5714285714285714
D02,26,2026-01-26,12,21,0.5714285714285714
D02,27,2026-01-27,12,21,0.5714285714285714
D02,28,2026-01-28,6,21,0.2857142857142857
D02,29,2026-01-29,14,21,0.6666666666666666
D02,30,2026-01-30,14,21,0.6666666666666666
D02,31,2026-01-31,14,21,0.6666666666666666
D02,32,2026-02-01,14,21,0.6666666666666666
D02,33,2026-02-02,14,21,0.6666666666666666
D02,34,2026-02-03,14,21,0.6666666666666666
D02,35,2026-02-04,14,21,0.6666666666666666
D02,36,2026-02-05,14,21,0.6666666666666666
D02,37,2026-02-06,14,21,0.6666666666666666
D02,38,2026-02-07,14,21,0.6666666666666666
D02,39,2026-02-08,14,21,0.6666666666666666
D02,40,2026-02-09,14,21,0.6666666666666666
D02,41,2026-02-10,14,21,0.6666666666666666
D02,42,2026-02-11,14,21,0.6666666666666666
D02,43,2026-02-12,14,21,0.6666666666666666
D02,44,2026-02-13,14,21,0.6666666666666666
D02,45,2026-02-14,14,21,0.6666666666666666
D02,46,2026-02-15,14,21,0.6666666666666666
D02,47,2026-02-16,14,21,0.6666666666666666
D02,48,2026-02-17,14,21,0.6666666666666666
D02,49,2026-02-18,14,21,0.6666666666666666
D02,50,2026-02-19,15,21,0.7142857142857143
D02,51,2026-02-20,14,21,0.6666666666666666
D02,52,2026-02-21,14,21,0.6666666666666666
D02,53,2026-02-22,14,21,0.6666666666666666
D02,54,2026-02-23,14,21,0.6666666666666666
D02,55,2026-02-24,14,21,0.6666666666666666
D02,56,2026-02-25,14,21,0.6666666666666666
D02,57,2026-02-26,14,21,0.6666666666666666
D02,58,2026-02-27,14,21,0.6666666666666666
D02,59,2026-02-28,14,21,0.6666666666666666
D02,60,2026-03-01,14,21,0.6666666666666666
D02,61,2026-03-02,19,21,0.9047619047619048
D02,62,2026-03-03,29,21,1.380952380952381
D02,63,2026-03-04,28,21,1.3333333333333333
D02,64,2026-03-05,10,21,0.47619047619047616
D02,65,2026-03-06,10,21,0.47619047619047616
D02,66,2026-03-07,10,21,0.47619047619047616
D02,67,2026-03-08,10,21,0.47619047619047616
D02,68,2026-03-09,9,21,0.42857142857142855
D02,69,2026-03-10,25,21,1.1904761904761905
D02,70,2026-03-11,25,21,1.1904761904761905
D02,71,2026-03-12,25,21,1.1904761904761905
D02,72,2026-03-13,10,21,0.47619047619047616
D02,73,2026-03-14,10,21,0.47619047619047616
D02,74,2026-03-15,10,21,0.47619047619047616
D02,75,2026-03-16,8,21,0.38095238095238093
D02,76,2026-03-17,8,21,0.38095238095238093
D02,77,2026-03-18,8,21,0.38095238095238093
D02,78,2026-03-19,8,21,0.38095238095238093
D02,79,2026-03-20,13,21,0.6190476190476191
D02,80,2026-03-21,13,21,0.6190476190476191
D02,81,2026-03-22,13,21,0.6190476190476191
D02,82,2026-03-23,6,21,0.2857142857142857
D02,83,2026-03-24,8,21,0.38095238095238093
D02,84,2026-03-25,15,21,0.7142857142857143
D02,85,2026-03-26,11,21,0.5238095238095238
D02,86,2026-03-27,11,21,0.5238095238095238
D02,87,2026-03-28,11,21,0.5238095238095238
D02,88,2026-03-29,11,21,0.5238095238095238
D02,89,2026-03-30,11,21,0.5238095238095238
D02,90,2026-03-31,11,21,0.5238095238095238
D02,91,2026-04-01,11,21,0.5238095238095238
D02,92,2026-04-02,11,21,0.5238095238095238
D02,93,2026-04-03,11,21,0.5238095238095238
D02,94,2026-04-04,6,21,0.2857142857142857
D02,95,2026-04-05,6,21,0.2857142857142857
D02,96,2026-04-06,11,21,0.5238095238095238
D02,97,2026-04-07,11,21,0.5238095238095238
D02,98,2026-04-08,11,21,0.5238095238095238
D02,99,2026-04-09,11,21,0.5238095238095238
D02,100,2026-04-10,11,21,0.5238095238095238
D02,101,2026-04-11,11,21,0.5238095238095238
D02,102,2026-04-12,11,21,0.5238095238095238
D02,103,2026-04-13,9,21,0.42857142857142855
D02,104,2026-04-14,13,21,0.6190476190476191
D02,105,2026-04-15,11,21,0.5238095238095238
D02,106,2026-04-16,11,21,0.5238095238095238
D02,107,2026-04-17,11,21,0.5238095238095238
D02,108,2026-04-18,11,21,0.5238095238095238
D02,109,2026-04-19,11,21,0.5238095238095238
D02,110,2026-04-20,11,21,0.5238095238095238
D02,111,2026-04-21,11,21,0.5238095238095238
D02,112,2026-04-22,11,21,0.5238095238095238
D02,113,2026-04-23,11,21,0.5238095238095238
D02,114,2026-04-24,11,21,0.5238095238095238
D02,115,2026-04-25,11,21,0.5238095238095238
D02,116,2026-04-26,11,21,0.5238095238095238
D02,117,2026-04-27,11,21,0.5238095238095238
D02,118,2026-04-28,11,21,0.5238095238095238
D02,119,2026-04-29,11,21,0.5238095238095238
D02,120,2026-04-30,11,21,0.5238095238095238
D02,121,2026-05-01,12,21,0.5714285714285714
D02,122,2026-05-02,12,21,0.5714285714285714
D02,123,2026-05-03,12,21,0.5714285714285714
D02,124,2026-05-04,12,21,0.5714285714285714
D02,125,2026-05-05,20,21,0.9523809523809523
D02,126,2026-05-06,20,21,0.9523809523809523
D02,127,2026-05-07,3,21,0.14285714285714285
D02,128,2026-05-08,3,21,0.14285714285714285
D02,129,2026-05-09,3,21,0.14285714285714285
D02,130,2026-05-10,3,21,0.14285714285714285
D02,131,2026-05-11,3,21,0.14285714285714285
D02,132,2026-05-12,3,21,0.14285714285714285
D02,133,2026-05-13,3,21,0.14285714285714285
D02,134,2026-05-14,3,21,0.14285714285714285
D02,135,2026-05-15,3,21,0.14285714285714285
D02,136,2026-05-16,0,21,0.0
D02,137,2026-05-17,0,21,0.0
D02,138,2026-05-18,0,21,0.0
D02,139,2026-05-19,0,21,0.0
D02,140,2026-05-20,0,21,0.0
D02,141,2026-05-21,0,21,0.0
D02,142,2026-05-22,0,21,0.0
D02,143,2026-05-23,0,21,0.0
D02,144,2026-05-24,0,21,0.0
D02,145,2026-05-25,0,21,0.0
D02,146,2026-05-26,0,21,0.0
D02,147,2026-05-27,0,21,0.0
D02,148,2026-05-28,0,21,0.0
D02,149,2026-05-29,0,21,0.0
D02,150,2026-05-30,0,21,0.0
D02,151,2026-05-31,0,21,0.0
D02,152,2026-06-01,0,21,0.0
D02,153,2026-06-02,0,21,0.0
D02,154,2026-06-03,0,21,0.0
D02,155,2026-06-04,0,21,0.0
D02,156,2026-06-05,0,21,0.0
D02,157,2026-06-06,0,21,0.0
D02,158,2026-06-07,0,21,0.0
D02,159,2026-06-08,0,21,0.0
D02,160,2026-06-09,0,21,0.0
D02,161,2026-06-10,0,21,0.0
D02,162,2026-06-11,0,21,0.0
D02,163,2026-06-12,0,21,0.0
D02,164,2026-06-13,0,21,0.0
D02,165,2026-06-14,0,21,0.0
D03,5,2026-01-05,0,21,0.0
D03,6,2026-01-06,0,21,0.0
D03,7,2026-01-07,0,21,0.0
D03,8,2026-01-08,0,21,0.0
D03,9,2026-01-09,0,21,0.0
D03,10,2026-01-10,0,21,0.0
D03,11,2026-01-11,0,21,0.0
D03,12,2026-01-12,0,21,0.0
D03,13,2026-01-13,0,21,0.0
D03,14,2026-01-14,0,21,0.0
D03,15,2026-01-15,0,21,0.0
D03,16,2026-01-16,0,21,0.0
D03,17,2026-01-17,0,21,0.0
D03,18,2026-01-18,0,21,0.0
D03,19,2026-01-19,0,21,0.0
D03,20,2026-01-20,10,21,0.47619047619047616
D03,21,2026-01-21,10,21,0.47619047619047616
D03,22,2026-01-22,5,21,0.23809523809523808
D03,23,2026-01-23,5,21,0.23809523809523808
D03,24,2026-01-24,5,21,0.23809523809523808
D03,25,2026-01-25,5,21,0.23809523809523808
D03,26,2026-01-26,5,21,0.23809523809523808
D03,27,2026-01-27,5,21,0.23809523809523808
D03,28,2026-01-28,5,21,0.23809523809523808
D03,29,2026-01-29,9,21,0.42857142857142855
D03,30,2026-01-30,11,21,0.5238095238095238
D03,31,2026-01-31,11,21,0.5238095238095238
D03,32,2026-02-01,11,21,0.5238095238095238
D03,33,2026-02-02,11,21,0.5238095238095238
D03,34,2026-02-03,11,21,0.5238095238095238
D03,35,2026-02-04,11,21,0.5238095238095238
D03,36,2026-02-05,11,21,0.5238095238095238
D03,37,2026-02-06,11,21,0.5238095238095238
D03,38,2026-02-07,11,21,0.5238095238095238
D03,39,2026-02-08,11,21,0.5238095238095238
D03,40,2026-02-09,11,21,0.5238095238095238
D03,41,2026-02-10,11,21,0.5238095238095238
D03,42,2026-02-11,11,21,0.5238095238095238
D03,43,2026-02-12,11,21,0.5238095238095238
D03,44,2026-02-13,9,21,0.42857142857142855
D03,45,2026-02-14,9,21,0.42857142857142855
D03,46,2026-02-15,9,21,0.42857142857142855
D03,47,2026-02-16,9,21,0.42857142857142855
D03,48,2026-02-17,9,21,0.42857142857142855
D03,49,2026-02-18,9,21,0.42857142857142855
D03,50,2026-02-19,9,21,0.42857142857142855
D03,51,2026-02-20,9,21,0.42857142857142855
D03,52,2026-02-21,9,21,0.42857142857142855
D03,53,2026-02-22,9,21,0.42857142857142855
D03,54,2026-02-23,9,21,0.42857142857142855
D03,55,2026-02-24,9,21,0.42857142857142855
D03,56,2026-02-25,9,21,0.42857142857142855
D03,57,2026-02-26,9,21,0.42857142857142855
D03,58,2026-02-27,9,21,0.42857142857142855
D03,59,2026-02-28,9,21,0.42857142857142855
D03,60,2026-03-01,9,21,0.42857142857142855
D03,61,2026-03-02,9,21,0.42857142857142855
D03,62,2026-03-03,9,21,0.42857142857142855
D03,63,2026-03-04,9,21,0.42857142857142855
D03,64,2026-03-05,9,21,0.42857142857142855
D03,65,2026-03-06,9,21,0.42857142857142855
D03,66,2026-03-07,9,21,0.42857142857142855
D03,67,2026-03-08,9,21,0.42857142857142855
D03,68,2026-03-09,9,21,0.42857142857142855
D03,69,2026-03-10,9,21,0.42857142857142855
D03,70,2026-03-11,9,21,0.42857142857142855
D03,71,2026-03-12,9,21,0.42857142857142855
D03,72,2026-03-13,9,21,0.42857142857142855
D03,73,2026-03-14,9,21,0.42857142857142855
D03,74,2026-03-15,9,21,0.42857142857142855
D03,75,2026-03-16,9,21,0.42857142857142855
D03,76,2026-03-17,9,21,0.42857142857142855
D03,77,2026-03-18,9,21,0.42857142857142855
D03,78,2026-03-19,9,21,0.42857142857142855
D03,79,2026-03-20,9,21,0.42857142857142855
D03,80,2026-03-21,9,21,0.42857142857142855
D03,81,2026-03-22,9,21,0.42857142857142855
D03,82,2026-03-23,9,21,0.42857142857142855
D03,83,2026-03-24,9,21,0.42857142857142855
D03,84,2026-03-25,9,21,0.42857142857142855
D03,85,2026-03-26,9,21,0.42857142857142855
D03,86,2026-03-27,9,21,0.42857142857142855
D03,87,2026-03-28,9,21,0.42857142857142855
D03,88,2026-03-29,9,21,0.42857142857142855
D03,89,2026-03-30,9,21,0.42857142857142855
D03,90,2026-03-31,0,21,0.0
D03,91,2026-04-01,0,21,0.0
D03,92,2026-04-02,0,21,0.0
D03,93,2026-04-03,0,21,0.0
D03,94,2026-04-04,0,21,0.0
D03,95,2026-04-05,0,21,0.0
D03,96,2026-04-06,0,21,0.0
D03,97,2026-04-07,0,21,0.0
D03,98,2026-04-08,0,21,0.0
D03,99,2026-04-09,0,21,0.0
D03,100,2026-04-10,0,21,0.0
D03,101,2026-04-11,0,21,0.0
D03,102,2026-04-12,0,21,0.0
D03,103,2026-04-13,0,21,0.0
D03,104,2026-04-14,0,21,0.0
D03,105,2026-04-15,0,21,0.0
D03,106,2026-04-16,0,21,0.0
D03,107,2026-04-17,0,21,0.0
D03,108,2026-04-18,0,21,0.0
D03,109,2026-04-19,0,21,0.0
D03,110,2026-04-20,0,21,0.0
D03,111,2026-04-21,0,21,0.0
D03,112,2026-04-22,0,21,0.0
D03,113,2026-04-23,0,21,0.0
D03,114,2026-04-24,0,21,0.0
D03,115,2026-04-25,0,21,0.0
D03,116,2026-04-26,0,21,0.0
D03,117,2026-04-27,0,21,0.0
D03,118,2026-04-28,0,21,0.0
D03,119,2026-04-29,0,21,0.0
D03,120,2026-04-30,0,21,0.0
D03,121,2026-05-01,0,21,0.0
D03,122,2026-05-02,0,21,0.0
D03,123,2026-05-03,0,21,0.0
D03,124,2026-05-04,0,21,0.0
D03,125,2026-05-05,0,21,0.0
D03,126,2026-05-06,0,21,0.0
D03,127,2026-05-07,0,21,0.0
D03,128,2026-05-08,5,21,0.23809523809523808
D03,129,2026-05-09,2,21,0.09523809523809523
D03,130,2026-05-10,2,21,0.09523809523809523
D03,131,2026-05-11,2,21,0.09523809523809523
D03,132,2026-05-12,2,21,0.09523809523809523
D03,133,2026-05-13,2,21,0.09523809523809523
D03,134,2026-05-14,2,21,0.09523809523809523
D03,135,2026-05-15,0,21,0.0
D03,136,2026-05-16,0,21,0.0
D03,137,2026-05-17,0,21,0.0
D03,138,2026-05-18,0,21,0.0
D03,139,2026-05-19,0,21,0.0
D03,140,2026-05-20,0,21,0.0
D03,141,2026-05-21,0,21,0.0
D03,142,2026-05-22,0,21,0.0
D03,143,2026-05-23,0,21,0.0
D03,144,2026-05-24,0,21,0.0
D03,145,2026-05-25,0,21,0.0
D03,146,2026-05-26,0,21,0.0
D03,147,2026-05-27,0,21,0.0
D03,148,2026-05-28,0,21,0.0
D03,149,2026-05-29,0,21,0.0
D03,150,2026-05-30,0,21,0.0
D03,151,2026-05-31,0,21,0.0
D03,152,2026-06-01,0,21,0.0
D03,153,2026-06-02,0,21,0.0
D03,154,2026-06-03,0,21,0.0
D03,155,2026-06-04,7,21,0.3333333333333333
D03,156,2026-06-05,12,21,0.5714285714285714
D03,157,2026-06-06,12,21,0.5714285714285714
D03,158,2026-06-07,12,21,0.5714285714285714
D03,159,2026-06-08,4,21,0.19047619047619047
D03,160,2026-06-09,2,21,0.09523809523809523
D03,161,2026-06-10,2,21,0.09523809523809523
D03,162,2026-06-11,0,21,0.0
D03,163,2026-06-12,2,21,0.09523809523809523
D03,164,2026-06-13,0,21,0.0
D03,165,2026-06-14,0,21,0.0
D04,5,2026-01-05,0,21,0.0
D04,6,2026-01-06,0,21,0.0
D04,7,2026-01-07,0,21,0.0
D04,8,2026-01-08,0,21,0.0
D04,9,2026-01-09,0,21,0.0
D04,10,2026-01-10,0,21,0.0
D04,11,2026-01-11,0,21,0.0
D04,12,2026-01-12,0,21,0.0
D04,13,2026-01-13,0,21,0.0
D04,14,2026-01-14,0,21,0.0
D04,15,2026-01-15,0,21,0.0
D04,16,2026-01-16,0,21,0.0
D04,17,2026-01-17,0,21,0.0
D04,18,2026-01-18,0,21,0.0
D04,19,2026-01-19,1,21,0.047619047619047616
D04,20,2026-01-20,1,21,0.047619047619047616
D04,21,2026-01-21,1,21,0.047619047619047616
D04,22,2026-01-22,1,21,0.047619047619047616
D04,23,2026-01-23,1,21,0.047619047619047616
D04,24,2026-01-24,1,21,0.047619047619047616
D04,25,2026-01-25,1,21,0.047619047619047616
D04,26,2026-01-26,1,21,0.047619047619047616
D04,27,2026-01-27,1,21,0.047619047619047616
D04,28,2026-01-28,1,21,0.047619047619047616
D04,29,2026-01-29,1,21,0.047619047619047616
D04,30,2026-01-30,1,21,0.047619047619047616
D04,31,2026-01-31,1,21,0.047619047619047616
D04,32,2026-02-01,1,21,0.047619047619047616
D04,33,2026-02-02,1,21,0.047619047619047616
D04,34,2026-02-03,1,21,0.047619047619047616
D04,35,2026-02-04,0,21,0.0
D04,36,2026-02-05,0,21,0.0
D04,37,2026-02-06,0,21,0.0
D04,38,2026-02-07,0,21,0.0
D04,39,2026-02-08,0,21,0.0
D04,40,2026-02-09,0,21,0.0
D04,41,2026-02-10,0,21,0.0
D04,42,2026-02-11,0,21,0.0
D04,43,2026-02-12,0,21,0.0
D04,44,2026-02-13,0,21,0.0
D04,45,2026-02-14,0,21,0.0
D04,46,2026-02-15,0,21,0.0
D04,47,2026-02-16,0,21,0.0
D04,48,2026-02-17,0,21,0.0
D04,49,2026-02-18,0,21,0.0
D04,50,2026-02-19,0,21,0.0
D04,51,2026-02-20,0,21,0.0
D04,52,2026-02-21,0,21,0.0
D04,53,2026-02-22,0,21,0.0
D04,54,2026-02-23,0,21,0.0
D04,55,2026-02-24,0,21,0.0
D04,56,2026-02-25,11,21,0.5238095238095238
D04,57,2026-02-26,9,21,0.42857142857142855
D04,58,2026-02-27,9,21,0.42857142857142855
D04,59,2026-02-28,9,21,0.42857142857142855
D04,60,2026-03-01,9,21,0.42857142857142855
D04,61,2026-03-02,9,21,0.42857142857142855
D04,62,2026-03-03,8,21,0.38095238095238093
D04,63,2026-03-04,21,21,1.0
D04,64,2026-03-05,27,21,1.2857142857142858
D04,65,2026-03-06,29,21,1.380952380952381
D04,66,2026-03-07,29,21,1.380952380952381
D04,67,2026-03-08,29,21,1.380952380952381
D04,68,2026-03-09,29,21,1.380952380952381
D04,69,2026-03-10,16,21,0.7619047619047619
D04,70,2026-03-11,16,21,0.7619047619047619
D04,71,2026-03-12,16,21,0.7619047619047619
D04,72,2026-03-13,16,21,0.7619047619047619
D04,73,2026-03-14,16,21,0.7619047619047619
D04,74,2026-03-15,16,21,0.7619047619047619
D04,75,2026-03-16,26,21,1.2380952380952381
D04,76,2026-03-17,26,21,1.2380952380952381
D04,77,2026-03-18,26,21,1.2380952380952381
D04,78,2026-03-19,18,21,0.8571428571428571
D04,79,2026-03-20,18,21,0.8571428571428571
D04,80,2026-03-21,18,21,0.8571428571428571
D04,81,2026-03-22,18,21,0.8571428571428571
D04,82,2026-03-23,14,21,0.6666666666666666
D04,83,2026-03-24,14,21,0.6666666666666666
D04,84,2026-03-25,14,21,0.6666666666666666
D04,85,2026-03-26,0,21,0.0
D04,86,2026-03-27,18,21,0.8571428571428571
D04,87,2026-03-28,18,21,0.8571428571428571
D04,88,2026-03-29,18,21,0.8571428571428571
D04,89,2026-03-30,21,21,1.0
D04,90,2026-03-31,21,21,1.0
D04,91,2026-04-01,21,21,1.0
D04,92,2026-04-02,21,21,1.0
D04,93,2026-04-03,21,21,1.0
D04,94,2026-04-04,21,21,1.0
D04,95,2026-04-05,21,21,1.0
D04,96,2026-04-06,15,21,0.7142857142857143
D04,97,2026-04-07,15,21,0.7142857142857143
D04,98,2026-04-08,19,21,0.9047619047619048
D04,99,2026-04-09,15,21,0.7142857142857143
D04,100,2026-04-10,15,21,0.7142857142857143
D04,101,2026-04-11,15,21,0.7142857142857143
D04,102,2026-04-12,15,21,0.7142857142857143
D04,103,2026-04-13,15,21,0.7142857142857143
D04,104,2026-04-14,13,21,0.6190476190476191
D04,105,2026-04-15,13,21,0.6190476190476191
D04,106,2026-04-16,13,21,0.6190476190476191
D04,107,2026-04-17,13,21,0.6190476190476191
D04,108,2026-04-18,10,21,0.47619047619047616
D04,109,2026-04-19,10,21,0.47619047619047616
D04,110,2026-04-20,10,21,0.47619047619047616
D04,111,2026-04-21,9,21,0.42857142857142855
D04,112,2026-04-22,9,21,0.42857142857142855
D04,113,2026-04-23,9,21,0.42857142857142855
D04,114,2026-04-24,9,21,0.42857142857142855
D04,115,2026-04-25,9,21,0.42857142857142855
D04,116,2026-04-26,9,21,0.42857142857142855
D04,117,2026-04-27,20,21,0.9523809523809523
D04,118,2026-04-28,10,21,0.47619047619047616
D04,119,2026-04-29,12,21,0.5714285714285714
D04,120,2026-04-30,20,21,0.9523809523809523
D04,121,2026-05-01,20,21,0.9523809523809523
D04,122,2026-05-02,19,21,0.9047619047619048
D04,123,2026-05-03,19,21,0.9047619047619048
D04,124,2026-05-04,19,21,0.9047619047619048
D04,125,2026-05-05,19,21,0.9047619047619048
D04,126,2026-05-06,19,21,0.9047619047619048
D04,127,2026-05-07,19,21,0.9047619047619048
D04,128,2026-05-08,11,21,0.5238095238095238
D04,129,2026-05-09,17,21,0.8095238095238095
D04,130,2026-05-10,17,21,0.8095238095238095
D04,131,2026-05-11,17,21,0.8095238095238095
D04,132,2026-05-12,17,21,0.8095238095238095
D04,133,2026-05-13,17,21,0.8095238095238095
D04,134,2026-05-14,13,21,0.6190476190476191
D04,135,2026-05-15,10,21,0.47619047619047616
D04,136,2026-05-16,7,21,0.3333333333333333
D04,137,2026-05-17,7,21,0.3333333333333333
D04,138,2026-05-18,7,21,0.3333333333333333
D04,139,2026-05-19,35,21,1.6666666666666667
D04,140,2026-05-20,35,21,1.6666666666666667
D04,141,2026-05-21,35,21,1.6666666666666667
D04,142,2026-05-22,21,21,1.0
D04,143,2026-05-23,29,21,1.380952380952381
D04,144,2026-05-24,29,21,1.380952380952381
D04,145,2026-05-25,22,21,1.0476190476190477
D04,146,2026-05-26,22,21,1.0476190476190477
D04,147,2026-05-27,14,21,0.6666666666666666
D04,148,2026-05-28,14,21,0.6666666666666666
D04,149,2026-05-29,14,21,0.6666666666666666
D04,150,2026-05-30,14,21,0.6666666666666666
D04,151,2026-05-31,14,21,0.6666666666666666
D04,152,2026-06-01,14,21,0.6666666666666666
D04,153,2026-06-02,0,21,0.0
D04,154,2026-06-03,0,21,0.0
D04,155,2026-06-04,0,21,0.0
D04,156,2026-06-05,0,21,0.0
D04,157,2026-06-06,0,21,0.0
D04,158,2026-06-07,0,21,0.0
D04,159,2026-06-08,0,21,0.0
D04,160,2026-06-09,0,21,0.0
D04,161,2026-06-10,0,21,0.0
D04,162,2026-06-11,0,21,0.0
D04,163,2026-06-12,0,21,0.0
D04,164,2026-06-13,0,21,0.0
D04,165,2026-06-14,0,21,0.0
D05,5,2026-01-05,0,21,0.0
D05,6,2026-01-06,0,21,0.0
D05,7,2026-01-07,0,21,0.0
D05,8,2026-01-08,0,21,0.0
D05,9,2026-01-09,0,21,0.0
D05,10,2026-01-10,0,21,0.0
D05,11,2026-01-11,0,21,0.0
D05,12,2026-01-12,0,21,0.0
D05,13,2026-01-13,0,21,0.0
D05,14,2026-01-14,0,21,0.0
D05,15,2026-01-15,0,21,0.0
D05,16,2026-01-16,0,21,0.0
D05,17,2026-01-17,0,21,0.0
D05,18,2026-01-18,0,21,0.0
D05,19,2026-01-19,8,21,0.38095238095238093
D05,20,2026-01-20,15,21,0.7142857142857143
D05,21,2026-01-21,15,21,0.7142857142857143
D05,22,2026-01-22,15,21,0.7142857142857143
D05,23,2026-01-23,15,21,0.7142857142857143
D05,24,2026-01-24,15,21,0.7142857142857143
D05,25,2026-01-25,15,21,0.7142857142857143
D05,26,2026-01-26,15,21,0.7142857142857143
D05,27,2026-01-27,15,21,0.7142857142857143
D05,28,2026-01-28,15,21,0.7142857142857143
D05,29,2026-01-29,15,21,0.7142857142857143
D05,30,2026-01-30,15,21,0.7142857142857143
D05,31,2026-01-31,12,21,0.5714285714285714
D05,32,2026-02-01,12,21,0.5714285714285714
D05,33,2026-02-02,19,21,0.9047619047619048
D05,34,2026-02-03,19,21,0.9047619047619048
D05,35,2026-02-04,11,21,0.5238095238095238
D05,36,2026-02-05,11,21,0.5238095238095238
D05,37,2026-02-06,11,21,0.5238095238095238
D05,38,2026-02-07,11,21,0.5238095238095238
D05,39,2026-02-08,11,21,0.5238095238095238
D05,40,2026-02-09,9,21,0.42857142857142855
D05,41,2026-02-10,9,21,0.42857142857142855
D05,42,2026-02-11,14,21,0.6666666666666666
D05,43,2026-02-12,20,21,0.9523809523809523
D05,44,2026-02-13,19,21,0.9047619047619048
D05,45,2026-02-14,19,21,0.9047619047619048
D05,46,2026-02-15,19,21,0.9047619047619048
D05,47,2026-02-16,19,21,0.9047619047619048
D05,48,2026-02-17,19,21,0.9047619047619048
D05,49,2026-02-18,19,21,0.9047619047619048
D05,50,2026-02-19,19,21,0.9047619047619048
D05,51,2026-02-20,19,21,0.9047619047619048
D05,52,2026-02-21,19,21,0.9047619047619048
D05,53,2026-02-22,19,21,0.9047619047619048
D05,54,2026-02-23,12,21,0.5714285714285714
D05,55,2026-02-24,12,21,0.5714285714285714
D05,56,2026-02-25,12,21,0.5714285714285714
D05,57,2026-02-26,12,21,0.5714285714285714
D05,58,2026-02-27,12,21,0.5714285714285714
D05,59,2026-02-28,12,21,0.5714285714285714
D05,60,2026-03-01,12,21,0.5714285714285714
D05,61,2026-03-02,12,21,0.5714285714285714
D05,62,2026-03-03,12,21,0.5714285714285714
D05,63,2026-03-04,16,21,0.7619047619047619
D05,64,2026-03-05,23,21,1.0952380952380953
D05,65,2026-03-06,23,21,1.0952380952380953
D05,66,2026-03-07,23,21,1.0952380952380953
D05,67,2026-03-08,23,21,1.0952380952380953
D05,68,2026-03-09,23,21,1.0952380952380953
D05,69,2026-03-10,23,21,1.0952380952380953
D05,70,2026-03-11,23,21,1.0952380952380953
D05,71,2026-03-12,23,21,1.0952380952380953
D05,72,2026-03-13,23,21,1.0952380952380953
D05,73,2026-03-14,23,21,1.0952380952380953
D05,74,2026-03-15,23,21,1.0952380952380953
D05,75,2026-03-16,23,21,1.0952380952380953
D05,76,2026-03-17,23,21,1.0952380952380953
D05,77,2026-03-18,23,21,1.0952380952380953
D05,78,2026-03-19,23,21,1.0952380952380953
D05,79,2026-03-20,23,21,1.0952380952380953
D05,80,2026-03-21,23,21,1.0952380952380953
D05,81,2026-03-22,23,21,1.0952380952380953
D05,82,2026-03-23,23,21,1.0952380952380953
D05,83,2026-03-24,23,21,1.0952380952380953
D05,84,2026-03-25,23,21,1.0952380952380953
D05,85,2026-03-26,23,21,1.0952380952380953
D05,86,2026-03-27,23,21,1.0952380952380953
D05,87,2026-03-28,23,21,1.0952380952380953
D05,88,2026-03-29,23,21,1.0952380952380953
D05,89,2026-03-30,23,21,1.0952380952380953
D05,90,2026-03-31,23,21,1.0952380952380953
D05,91,2026-04-01,23,21,1.0952380952380953
D05,92,2026-04-02,23,21,1.0952380952380953
D05,93,2026-04-03,23,21,1.0952380952380953
D05,94,2026-04-04,23,21,1.0952380952380953
D05,95,2026-04-05,23,21,1.0952380952380953
D05,96,2026-04-06,23,21,1.0952380952380953
D05,97,2026-04-07,23,21,1.0952380952380953
D05,98,2026-04-08,23,21,1.0952380952380953
D05,99,2026-04-09,23,21,1.0952380952380953
D05,100,2026-04-10,23,21,1.0952380952380953
D05,101,2026-04-11,22,21,1.0476190476190477
D05,102,2026-04-12,22,21,1.0476190476190477
D05,103,2026-04-13,22,21,1.0476190476190477
D05,104,2026-04-14,40,21,1.9047619047619047
D05,105,2026-04-15,40,21,1.9047619047619047
D05,106,2026-04-16,22,21,1.0476190476190477
D05,107,2026-04-17,22,21,1.0476190476190477
D05,108,2026-04-18,22,21,1.0476190476190477
D05,109,2026-04-19,22,21,1.0476190476190477
D05,110,2026-04-20,22,21,1.0476190476190477
D05,111,2026-04-21,22,21,1.0476190476190477
D05,112,2026-04-22,22,21,1.0476190476190477
D05,113,2026-04-23,25,21,1.1904761904761905
D05,114,2026-04-24,37,21,1.7619047619047619
D05,115,2026-04-25,42,21,2.0
D05,116,2026-04-26,42,21,2.0
D05,117,2026-04-27,43,21,2.0476190476190474
D05,118,2026-04-28,28,21,1.3333333333333333
D05,119,2026-04-29,45,21,2.142857142857143
D05,120,2026-04-30,32,21,1.5238095238095237
D05,121,2026-05-01,32,21,1.5238095238095237
D05,122,2026-05-02,22,21,1.0476190476190477
D05,123,2026-05-03,22,21,1.0476190476190477
D05,124,2026-05-04,37,21,1.7619047619047619
D05,125,2026-05-05,27,21,1.2857142857142858
D05,126,2026-05-06,35,21,1.6666666666666667
D05,127,2026-05-07,35,21,1.6666666666666667
D05,128,2026-05-08,31,21,1.4761904761904763
D05,129,2026-05-09,31,21,1.4761904761904763
D05,130,2026-05-10,31,21,1.4761904761904763
D05,131,2026-05-11,31,21,1.4761904761904763
D05,132,2026-05-12,28,21,1.3333333333333333
D05,133,2026-05-13,28,21,1.3333333333333333
D05,134,2026-05-14,20,21,0.9523809523809523
D05,135,2026-05-15,20,21,0.9523809523809523
D05,136,2026-05-16,16,21,0.7619047619047619
D05,137,2026-05-17,16,21,0.7619047619047619
D05,138,2026-05-18,16,21,0.7619047619047619
D05,139,2026-05-19,16,21,0.7619047619047619
D05,140,2026-05-20,16,21,0.7619047619047619
D05,141,2026-05-21,16,21,0.7619047619047619
D05,142,2026-05-22,16,21,0.7619047619047619
D05,143,2026-05-23,16,21,0.7619047619047619
D05,144,2026-05-24,16,21,0.7619047619047619
D05,145,2026-05-25,16,21,0.7619047619047619
D05,146,2026-05-26,16,21,0.7619047619047619
D05,147,2026-05-27,16,21,0.7619047619047619
D05,148,2026-05-28,16,21,0.7619047619047619
D05,149,2026-05-29,16,21,0.7619047619047619
D05,150,2026-05-30,16,21,0.7619047619047619
D05,151,2026-05-31,16,21,0.7619047619047619
D05,152,2026-06-01,16,21,0.7619047619047619
D05,153,2026-06-02,16,21,0.7619047619047619
D05,154,2026-06-03,16,21,0.7619047619047619
D05,155,2026-06-04,8,21,0.38095238095238093
D05,156,2026-06-05,8,21,0.38095238095238093
D05,157,2026-06-06,14,21,0.6666666666666666
D05,158,2026-06-07,14,21,0.6666666666666666
D05,159,2026-06-08,14,21,0.6666666666666666
D05,160,2026-06-09,7,21,0.3333333333333333
D05,161,2026-06-10,4,21,0.19047619047619047
D05,162,2026-06-11,0,21,0.0
D05,163,2026-06-12,0,21,0.0
D05,164,2026-06-13,0,21,0.0
D05,165,2026-06-14,0,21,0.0
D06,5,2026-01-05,0,21,0.0
D06,6,2026-01-06,0,21,0.0
D06,7,2026-01-07,0,21,0.0
D06,8,2026-01-08,0,21,0.0
D06,9,2026-01-09,0,21,0.0
D06,10,2026-01-10,0,21,0.0
D06,11,2026-01-11,0,21,0.0
D06,12,2026-01-12,0,21,0.0
D06,13,2026-01-13,0,21,0.0
D06,14,2026-01-14,0,21,0.0
D06,15,2026-01-15,0,21,0.0
D06,16,2026-01-16,0,21,0.0
D06,17,2026-01-17,0,21,0.0
D06,18,2026-01-18,0,21,0.0
D06,19,2026-01-19,0,21,0.0
D06,20,2026-01-20,0,21,0.0
D06,21,2026-01-21,0,21,0.0
D06,22,2026-01-22,0,21,0.0
D06,23,2026-01-23,0,21,0.0
D06,24,2026-01-24,0,21,0.0
D06,25,2026-01-25,0,21,0.0
D06,26,2026-01-26,16,21,0.7619047619047619
D06,27,2026-01-27,22,21,1.0476190476190477
D06,28,2026-01-28,22,21,1.0476190476190477
D06,29,2026-01-29,22,21,1.0476190476190477
D06,30,2026-01-30,22,21,1.0476190476190477
D06,31,2026-01-31,22,21,1.0476190476190477
D06,32,2026-02-01,22,21,1.0476190476190477
D06,33,2026-02-02,22,21,1.0476190476190477
D06,34,2026-02-03,22,21,1.0476190476190477
D06,35,2026-02-04,22,21,1.0476190476190477
D06,36,2026-02-05,22,21,1.0476190476190477
D06,37,2026-02-06,22,21,1.0476190476190477
D06,38,2026-02-07,22,21,1.0476190476190477
D06,39,2026-02-08,22,21,1.0476190476190477
D06,40,2026-02-09,22,21,1.0476190476190477
D06,41,2026-02-10,22,21,1.0476190476190477
D06,42,2026-02-11,22,21,1.0476190476190477
D06,43,2026-02-12,17,21,0.8095238095238095
D06,44,2026-02-13,17,21,0.8095238095238095
D06,45,2026-02-14,17,21,0.8095238095238095
D06,46,2026-02-15,17,21,0.8095238095238095
D06,47,2026-02-16,17,21,0.8095238095238095
D06,48,2026-02-17,17,21,0.8095238095238095
D06,49,2026-02-18,17,21,0.8095238095238095
D06,50,2026-02-19,17,21,0.8095238095238095
D06,51,2026-02-20,17,21,0.8095238095238095
D06,52,2026-02-21,17,21,0.8095238095238095
D06,53,2026-02-22,17,21,0.8095238095238095
D06,54,2026-02-23,17,21,0.8095238095238095
D06,55,2026-02-24,17,21,0.8095238095238095
D06,56,2026-02-25,7,21,0.3333333333333333
D06,57,2026-02-26,7,21,0.3333333333333333
D06,58,2026-02-27,7,21,0.3333333333333333
D06,59,2026-02-28,7,21,0.3333333333333333
D06,60,2026-03-01,7,21,0.3333333333333333
D06,61,2026-03-02,7,21,0.3333333333333333
D06,62,2026-03-03,7,21,0.3333333333333333
D06,63,2026-03-04,7,21,0.3333333333333333
D06,64,2026-03-05,30,21,1.4285714285714286
D06,65,2026-03-06,30,21,1.4285714285714286
D06,66,2026-03-07,30,21,1.4285714285714286
D06,67,2026-03-08,30,21,1.4285714285714286
D06,68,2026-03-09,30,21,1.4285714285714286
D06,69,2026-03-10,23,21,1.0952380952380953
D06,70,2026-03-11,23,21,1.0952380952380953
D06,71,2026-03-12,23,21,1.0952380952380953
D06,72,2026-03-13,23,21,1.0952380952380953
D06,73,2026-03-14,23,21,1.0952380952380953
D06,74,2026-03-15,23,21,1.0952380952380953
D06,75,2026-03-16,23,21,1.0952380952380953
D06,76,2026-03-17,23,21,1.0952380952380953
D06,77,2026-03-18,23,21,1.0952380952380953
D06,78,2026-03-19,23,21,1.0952380952380953
D06,79,2026-03-20,23,21,1.0952380952380953
D06,80,2026-03-21,23,21,1.0952380952380953
D06,81,2026-03-22,23,21,1.0952380952380953
D06,82,2026-03-23,23,21,1.0952380952380953
D06,83,2026-03-24,23,21,1.0952380952380953
D06,84,2026-03-25,23,21,1.0952380952380953
D06,85,2026-03-26,23,21,1.0952380952380953
D06,86,2026-03-27,23,21,1.0952380952380953
D06,87,2026-03-28,23,21,1.0952380952380953
D06,88,2026-03-29,23,21,1.0952380952380953
D06,89,2026-03-30,23,21,1.0952380952380953
D06,90,2026-03-31,23,21,1.0952380952380953
D06,91,2026-04-01,23,21,1.0952380952380953
D06,92,2026-04-02,23,21,1.0952380952380953
D06,93,2026-04-03,23,21,1.0952380952380953
D06,94,2026-04-04,23,21,1.0952380952380953
D06,95,2026-04-05,23,21,1.0952380952380953
D06,96,2026-04-06,23,21,1.0952380952380953
D06,97,2026-04-07,23,21,1.0952380952380953
D06,98,2026-04-08,23,21,1.0952380952380953
D06,99,2026-04-09,23,21,1.0952380952380953
D06,100,2026-04-10,23,21,1.0952380952380953
D06,101,2026-04-11,23,21,1.0952380952380953
D06,102,2026-04-12,23,21,1.0952380952380953
D06,103,2026-04-13,23,21,1.0952380952380953
D06,104,2026-04-14,23,21,1.0952380952380953
D06,105,2026-04-15,23,21,1.0952380952380953
D06,106,2026-04-16,23,21,1.0952380952380953
D06,107,2026-04-17,23,21,1.0952380952380953
D06,108,2026-04-18,23,21,1.0952380952380953
D06,109,2026-04-19,23,21,1.0952380952380953
D06,110,2026-04-20,17,21,0.8095238095238095
D06,111,2026-04-21,17,21,0.8095238095238095
D06,112,2026-04-22,17,21,0.8095238095238095
D06,113,2026-04-23,17,21,0.8095238095238095
D06,114,2026-04-24,17,21,0.8095238095238095
D06,115,2026-04-25,17,21,0.8095238095238095
D06,116,2026-04-26,17,21,0.8095238095238095
D06,117,2026-04-27,17,21,0.8095238095238095
D06,118,2026-04-28,17,21,0.8095238095238095
D06,119,2026-04-29,17,21,0.8095238095238095
D06,120,2026-04-30,11,21,0.5238095238095238
D06,121,2026-05-01,11,21,0.5238095238095238
D06,122,2026-05-02,11,21,0.5238095238095238
D06,123,2026-05-03,11,21,0.5238095238095238
D06,124,2026-05-04,11,21,0.5238095238095238
D06,125,2026-05-05,11,21,0.5238095238095238
D06,126,2026-05-06,11,21,0.5238095238095238
D06,127,2026-05-07,11,21,0.5238095238095238
D06,128,2026-05-08,9,21,0.42857142857142855
D06,129,2026-05-09,9,21,0.42857142857142855
D06,130,2026-05-10,9,21,0.42857142857142855
D06,131,2026-05-11,6,21,0.2857142857142857
D06,132,2026-05-12,6,21,0.2857142857142857
D06,133,2026-05-13,6,21,0.2857142857142857
D06,134,2026-05-14,6,21,0.2857142857142857
D06,135,2026-05-15,6,21,0.2857142857142857
D06,136,2026-05-16,4,21,0.19047619047619047
D06,137,2026-05-17,4,21,0.19047619047619047
D06,138,2026-05-18,4,21,0.19047619047619047
D06,139,2026-05-19,4,21,0.19047619047619047
D06,140,2026-05-20,4,21,0.19047619047619047
D06,141,2026-05-21,4,21,0.19047619047619047
D06,142,2026-05-22,4,21,0.19047619047619047
D06,143,2026-05-23,4,21,0.19047619047619047
D06,144,2026-05-24,4,21,0.19047619047619047
D06,145,2026-05-25,4,21,0.19047619047619047
D06,146,2026-05-26,4,21,0.19047619047619047
D06,147,2026-05-27,4,21,0.19047619047619047
D06,148,2026-05-28,4,21,0.19047619047619047
D06,149,2026-05-29,4,21,0.19047619047619047
D06,150,2026-05-30,4,21,0.19047619047619047
D06,151,2026-05-31,4,21,0.19047619047619047
D06,152,2026-06-01,4,21,0.19047619047619047
D06,153,2026-06-02,4,21,0.19047619047619047
D06,154,2026-06-03,4,21,0.19047619047619047
D06,155,2026-06-04,4,21,0.19047619047619047
D06,156,2026-06-05,4,21,0.19047619047619047
D06,157,2026-06-06,4,21,0.19047619047619047
D06,158,2026-06-07,4,21,0.19047619047619047
D06,159,2026-06-08,4,21,0.19047619047619047
D06,160,2026-06-09,0,21,0.0
D06,161,2026-06-10,0,21,0.0
D06,162,2026-06-11,0,21,0.0
D06,163,2026-06-12,0,21,0.0
D06,164,2026-06-13,0,21,0.0
D06,165,2026-06-14,0,21,0.0
D07,5,2026-01-05,0,21,0.0
D07,6,2026-01-06,0,21,0.0
D07,7,2026-01-07,0,21,0.0
D07,8,2026-01-08,0,21,0.0
D07,9,2026-01-09,0,21,0.0
D07,10,2026-01-10,0,21,0.0
D07,11,2026-01-11,0,21,0.0
D07,12,2026-01-12,0,21,0.0
D07,13,2026-01-13,0,21,0.0
D07,14,2026-01-14,0,21,0.0
D07,15,2026-01-15,0,21,0.0
D07,16,2026-01-16,0,21,0.0
D07,17,2026-01-17,0,21,0.0
D07,18,2026-01-18,0,21,0.0
D07,19,2026-01-19,0,21,0.0
D07,20,2026-01-20,0,21,0.0
D07,21,2026-01-21,0,21,0.0
D07,22,2026-01-22,0,21,0.0
D07,23,2026-01-23,0,21,0.0
D07,24,2026-01-24,0,21,0.0
D07,25,2026-01-25,0,21,0.0
D07,26,2026-01-26,0,21,0.0
D07,27,2026-01-27,0,21,0.0
D07,28,2026-01-28,0,21,0.0
D07,29,2026-01-29,0,21,0.0
D07,30,2026-01-30,9,21,0.42857142857142855
D07,31,2026-01-31,9,21,0.42857142857142855
D07,32,2026-02-01,9,21,0.42857142857142855
D07,33,2026-02-02,9,21,0.42857142857142855
D07,34,2026-02-03,9,21,0.42857142857142855
D07,35,2026-02-04,9,21,0.42857142857142855
D07,36,2026-02-05,9,21,0.42857142857142855
D07,37,2026-02-06,9,21,0.42857142857142855
D07,38,2026-02-07,9,21,0.42857142857142855
D07,39,2026-02-08,9,21,0.42857142857142855
D07,40,2026-02-09,9,21,0.42857142857142855
D07,41,2026-02-10,9,21,0.42857142857142855
D07,42,2026-02-11,1,21,0.047619047619047616
D07,43,2026-02-12,1,21,0.047619047619047616
D07,44,2026-02-13,1,21,0.047619047619047616
D07,45,2026-02-14,1,21,0.047619047619047616
D07,46,2026-02-15,1,21,0.047619047619047616
D07,47,2026-02-16,1,21,0.047619047619047616
D07,48,2026-02-17,1,21,0.047619047619047616
D07,49,2026-02-18,1,21,0.047619047619047616
D07,50,2026-02-19,7,21,0.3333333333333333
D07,51,2026-02-20,3,21,0.14285714285714285
D07,52,2026-02-21,4,21,0.19047619047619047
D07,53,2026-02-22,4,21,0.19047619047619047
D07,54,2026-02-23,24,21,1.1428571428571428
D07,55,2026-02-24,22,21,1.0476190476190477
D07,56,2026-02-25,22,21,1.0476190476190477
D07,57,2026-02-26,16,21,0.7619047619047619
D07,58,2026-02-27,15,21,0.7142857142857143
D07,59,2026-02-28,15,21,0.7142857142857143
D07,60,2026-03-01,15,21,0.7142857142857143
D07,61,2026-03-02,15,21,0.7142857142857143
D07,62,2026-03-03,13,21,0.6190476190476191
D07,63,2026-03-04,13,21,0.6190476190476191
D07,64,2026-03-05,13,21,0.6190476190476191
D07,65,2026-03-06,13,21,0.6190476190476191
D07,66,2026-03-07,13,21,0.6190476190476191
D07,67,2026-03-08,13,21,0.6190476190476191
D07,68,2026-03-09,13,21,0.6190476190476191
D07,69,2026-03-10,9,21,0.42857142857142855
D07,70,2026-03-11,9,21,0.42857142857142855
D07,71,2026-03-12,9,21,0.42857142857142855
D07,72,2026-03-13,9,21,0.42857142857142855
D07,73,2026-03-14,9,21,0.42857142857142855
D07,74,2026-03-15,9,21,0.42857142857142855
D07,75,2026-03-16,9,21,0.42857142857142855
D07,76,2026-03-17,9,21,0.42857142857142855
D07,77,2026-03-18,8,21,0.38095238095238093
D07,78,2026-03-19,8,21,0.38095238095238093
D07,79,2026-03-20,8,21,0.38095238095238093
D07,80,2026-03-21,8,21,0.38095238095238093
D07,81,2026-03-22,8,21,0.38095238095238093
D07,82,2026-03-23,4,21,0.19047619047619047
D07,83,2026-03-24,4,21,0.19047619047619047
D07,84,2026-03-25,4,21,0.19047619047619047
D07,85,2026-03-26,4,21,0.19047619047619047
D07,86,2026-03-27,4,21,0.19047619047619047
D07,87,2026-03-28,4,21,0.19047619047619047
D07,88,2026-03-29,4,21,0.19047619047619047
D07,89,2026-03-30,4,21,0.19047619047619047
D07,90,2026-03-31,4,21,0.19047619047619047
D07,91,2026-04-01,4,21,0.19047619047619047
D07,92,2026-04-02,4,21,0.19047619047619047
D07,93,2026-04-03,4,21,0.19047619047619047
D07,94,2026-04-04,4,21,0.19047619047619047
D07,95,2026-04-05,4,21,0.19047619047619047
D07,96,2026-04-06,4,21,0.19047619047619047
D07,97,2026-04-07,4,21,0.19047619047619047
D07,98,2026-04-08,4,21,0.19047619047619047
D07,99,2026-04-09,4,21,0.19047619047619047
D07,100,2026-04-10,4,21,0.19047619047619047
D07,101,2026-04-11,4,21,0.19047619047619047
D07,102,2026-04-12,4,21,0.19047619047619047
D07,103,2026-04-13,4,21,0.19047619047619047
D07,104,2026-04-14,4,21,0.19047619047619047
D07,105,2026-04-15,4,21,0.19047619047619047
D07,106,2026-04-16,1,21,0.047619047619047616
D07,107,2026-04-17,1,21,0.047619047619047616
D07,108,2026-04-18,1,21,0.047619047619047616
D07,109,2026-04-19,1,21,0.047619047619047616
D07,110,2026-04-20,1,21,0.047619047619047616
D07,111,2026-04-21,1,21,0.047619047619047616
D07,112,2026-04-22,1,21,0.047619047619047616
D07,113,2026-04-23,1,21,0.047619047619047616
D07,114,2026-04-24,2,21,0.09523809523809523
D07,115,2026-04-25,7,21,0.3333333333333333
D07,116,2026-04-26,7,21,0.3333333333333333
D07,117,2026-04-27,13,21,0.6190476190476191
D07,118,2026-04-28,1,21,0.047619047619047616
D07,119,2026-04-29,9,21,0.42857142857142855
D07,120,2026-04-30,9,21,0.42857142857142855
D07,121,2026-05-01,9,21,0.42857142857142855
D07,122,2026-05-02,9,21,0.42857142857142855
D07,123,2026-05-03,9,21,0.42857142857142855
D07,124,2026-05-04,9,21,0.42857142857142855
D07,125,2026-05-05,9,21,0.42857142857142855
D07,126,2026-05-06,9,21,0.42857142857142855
D07,127,2026-05-07,9,21,0.42857142857142855
D07,128,2026-05-08,9,21,0.42857142857142855
D07,129,2026-05-09,1,21,0.047619047619047616
D07,130,2026-05-10,1,21,0.047619047619047616
D07,131,2026-05-11,1,21,0.047619047619047616
D07,132,2026-05-12,1,21,0.047619047619047616
D07,133,2026-05-13,0,21,0.0
D07,134,2026-05-14,0,21,0.0
D07,135,2026-05-15,0,21,0.0
D07,136,2026-05-16,0,21,0.0
D07,137,2026-05-17,0,21,0.0
D07,138,2026-05-18,0,21,0.0
D07,139,2026-05-19,0,21,0.0
D07,140,2026-05-20,2,21,0.09523809523809523
D07,141,2026-05-21,7,21,0.3333333333333333
D07,142,2026-05-22,7,21,0.3333333333333333
D07,143,2026-05-23,3,21,0.14285714285714285
D07,144,2026-05-24,3,21,0.14285714285714285
D07,145,2026-05-25,3,21,0.14285714285714285
D07,146,2026-05-26,3,21,0.14285714285714285
D07,147,2026-05-27,4,21,0.19047619047619047
D07,148,2026-05-28,5,21,0.23809523809523808
D07,149,2026-05-29,5,21,0.23809523809523808
D07,150,2026-05-30,5,21,0.23809523809523808
D07,151,2026-05-31,5,21,0.23809523809523808
D07,152,2026-06-01,8,21,0.38095238095238093
D07,153,2026-06-02,6,21,0.2857142857142857
D07,154,2026-06-03,0,21,0.0
D07,155,2026-06-04,0,21,0.0
D07,156,2026-06-05,0,21,0.0
D07,157,2026-06-06,0,21,0.0
D07,158,2026-06-07,0,21,0.0
D07,159,2026-06-08,0,21,0.0
D07,160,2026-06-09,0,21,0.0
D07,161,2026-06-10,0,21,0.0
D07,162,2026-06-11,0,21,0.0
D07,163,2026-06-12,0,21,0.0
D07,164,2026-06-13,0,21,0.0
D07,165,2026-06-14,0,21,0.0
D08,5,2026-01-05,0,21,0.0
D08,6,2026-01-06,0,21,0.0
D08,7,2026-01-07,0,21,0.0
D08,8,2026-01-08,0,21,0.0
D08,9,2026-01-09,0,21,0.0
D08,10,2026-01-10,0,21,0.0
D08,11,2026-01-11,0,21,0.0
D08,12,2026-01-12,0,21,0.0
D08,13,2026-01-13,0,21,0.0
D08,14,2026-01-14,0,21,0.0
D08,15,2026-01-15,0,21,0.0
D08,16,2026-01-16,0,21,0.0
D08,17,2026-01-17,0,21,0.0
D08,18,2026-01-18,0,21,0.0
D08,19,2026-01-19,0,21,0.0
D08,20,2026-01-20,0,21,0.0
D08,21,2026-01-21,0,21,0.0
D08,22,2026-01-22,15,21,0.7142857142857143
D08,23,2026-01-23,18,21,0.8571428571428571
D08,24,2026-01-24,18,21,0.8571428571428571
D08,25,2026-01-25,18,21,0.8571428571428571
D08,26,2026-01-26,18,21,0.8571428571428571
D08,27,2026-01-27,18,21,0.8571428571428571
D08,28,2026-01-28,18,21,0.8571428571428571
D08,29,2026-01-29,18,21,0.8571428571428571
D08,30,2026-01-30,18,21,0.8571428571428571
D08,31,2026-01-31,18,21,0.8571428571428571
D08,32,2026-02-01,18,21,0.8571428571428571
D08,33,2026-02-02,18,21,0.8571428571428571
D08,34,2026-02-03,18,21,0.8571428571428571
D08,35,2026-02-04,18,21,0.8571428571428571
D08,36,2026-02-05,18,21,0.8571428571428571
D08,37,2026-02-06,32,21,1.5238095238095237
D08,38,2026-02-07,32,21,1.5238095238095237
D08,39,2026-02-08,32,21,1.5238095238095237
D08,40,2026-02-09,32,21,1.5238095238095237
D08,41,2026-02-10,32,21,1.5238095238095237
D08,42,2026-02-11,18,21,0.8571428571428571
D08,43,2026-02-12,18,21,0.8571428571428571
D08,44,2026-02-13,18,21,0.8571428571428571
D08,45,2026-02-14,18,21,0.8571428571428571
D08,46,2026-02-15,18,21,0.8571428571428571
D08,47,2026-02-16,18,21,0.8571428571428571
D08,48,2026-02-17,18,21,0.8571428571428571
D08,49,2026-02-18,18,21,0.8571428571428571
D08,50,2026-02-19,18,21,0.8571428571428571
D08,51,2026-02-20,18,21,0.8571428571428571
D08,52,2026-02-21,18,21,0.8571428571428571
D08,53,2026-02-22,18,21,0.8571428571428571
D08,54,2026-02-23,18,21,0.8571428571428571
D08,55,2026-02-24,18,21,0.8571428571428571
D08,56,2026-02-25,18,21,0.8571428571428571
D08,57,2026-02-26,18,21,0.8571428571428571
D08,58,2026-02-27,18,21,0.8571428571428571
D08,59,2026-02-28,18,21,0.8571428571428571
D08,60,2026-03-01,18,21,0.8571428571428571
D08,61,2026-03-02,18,21,0.8571428571428571
D08,62,2026-03-03,18,21,0.8571428571428571
D08,63,2026-03-04,18,21,0.8571428571428571
D08,64,2026-03-05,18,21,0.8571428571428571
D08,65,2026-03-06,18,21,0.8571428571428571
D08,66,2026-03-07,18,21,0.8571428571428571
D08,67,2026-03-08,18,21,0.8571428571428571
D08,68,2026-03-09,18,21,0.8571428571428571
D08,69,2026-03-10,18,21,0.8571428571428571
D08,70,2026-03-11,18,21,0.8571428571428571
D08,71,2026-03-12,18,21,0.8571428571428571
D08,72,2026-03-13,18,21,0.8571428571428571
D08,73,2026-03-14,18,21,0.8571428571428571
D08,74,2026-03-15,18,21,0.8571428571428571
D08,75,2026-03-16,7,21,0.3333333333333333
D08,76,2026-03-17,14,21,0.6666666666666666
D08,77,2026-03-18,14,21,0.6666666666666666
D08,78,2026-03-19,21,21,1.0
D08,79,2026-03-20,21,21,1.0
D08,80,2026-03-21,21,21,1.0
D08,81,2026-03-22,21,21,1.0
D08,82,2026-03-23,14,21,0.6666666666666666
D08,83,2026-03-24,14,21,0.6666666666666666
D08,84,2026-03-25,16,21,0.7619047619047619
D08,85,2026-03-26,16,21,0.7619047619047619
D08,86,2026-03-27,3,21,0.14285714285714285
D08,87,2026-03-28,3,21,0.14285714285714285
D08,88,2026-03-29,3,21,0.14285714285714285
D08,89,2026-03-30,3,21,0.14285714285714285
D08,90,2026-03-31,11,21,0.5238095238095238
D08,91,2026-04-01,15,21,0.7142857142857143
D08,92,2026-04-02,14,21,0.6666666666666666
D08,93,2026-04-03,14,21,0.6666666666666666
D08,94,2026-04-04,14,21,0.6666666666666666
D08,95,2026-04-05,14,21,0.6666666666666666
D08,96,2026-04-06,14,21,0.6666666666666666
D08,97,2026-04-07,11,21,0.5238095238095238
D08,98,2026-04-08,14,21,0.6666666666666666
D08,99,2026-04-09,16,21,0.7619047619047619
D08,100,2026-04-10,11,21,0.5238095238095238
D08,101,2026-04-11,11,21,0.5238095238095238
D08,102,2026-04-12,11,21,0.5238095238095238
D08,103,2026-04-13,11,21,0.5238095238095238
D08,104,2026-04-14,11,21,0.5238095238095238
D08,105,2026-04-15,11,21,0.5238095238095238
D08,106,2026-04-16,11,21,0.5238095238095238
D08,107,2026-04-17,0,21,0.0
D08,108,2026-04-18,0,21,0.0
D08,109,2026-04-19,0,21,0.0
D08,110,2026-04-20,0,21,0.0
D08,111,2026-04-21,0,21,0.0
D08,112,2026-04-22,0,21,0.0
D08,113,2026-04-23,0,21,0.0
D08,114,2026-04-24,0,21,0.0
D08,115,2026-04-25,0,21,0.0
D08,116,2026-04-26,0,21,0.0
D08,117,2026-04-27,5,21,0.23809523809523808
D08,118,2026-04-28,19,21,0.9047619047619048
D08,119,2026-04-29,19,21,0.9047619047619048
D08,120,2026-04-30,18,21,0.8571428571428571
D08,121,2026-05-01,18,21,0.8571428571428571
D08,122,2026-05-02,18,21,0.8571428571428571
D08,123,2026-05-03,18,21,0.8571428571428571
D08,124,2026-05-04,2,21,0.09523809523809523
D08,125,2026-05-05,2,21,0.09523809523809523
D08,126,2026-05-06,2,21,0.09523809523809523
D08,127,2026-05-07,2,21,0.09523809523809523
D08,128,2026-05-08,2,21,0.09523809523809523
D08,129,2026-05-09,2,21,0.09523809523809523
D08,130,2026-05-10,2,21,0.09523809523809523
D08,131,2026-05-11,0,21,0.0
D08,132,2026-05-12,0,21,0.0
D08,133,2026-05-13,0,21,0.0
D08,134,2026-05-14,0,21,0.0
D08,135,2026-05-15,0,21,0.0
D08,136,2026-05-16,0,21,0.0
D08,137,2026-05-17,0,21,0.0
D08,138,2026-05-18,0,21,0.0
D08,139,2026-05-19,0,21,0.0
D08,140,2026-05-20,0,21,0.0
D08,141,2026-05-21,0,21,0.0
D08,142,2026-05-22,2,21,0.09523809523809523
D08,143,2026-05-23,5,21,0.23809523809523808
D08,144,2026-05-24,5,21,0.23809523809523808
D08,145,2026-05-25,5,21,0.23809523809523808
D08,146,2026-05-26,5,21,0.23809523809523808
D08,147,2026-05-27,5,21,0.23809523809523808
D08,148,2026-05-28,5,21,0.23809523809523808
D08,149,2026-05-29,5,21,0.23809523809523808
D08,150,2026-05-30,5,21,0.23809523809523808
D08,151,2026-05-31,5,21,0.23809523809523808
D08,152,2026-06-01,5,21,0.23809523809523808
D08,153,2026-06-02,1,21,0.047619047619047616
D08,154,2026-06-03,1,21,0.047619047619047616
D08,155,2026-06-04,1,21,0.047619047619047616
D08,156,2026-06-05,1,21,0.047619047619047616
D08,157,2026-06-06,1,21,0.047619047619047616
D08,158,2026-06-07,1,21,0.047619047619047616
D08,159,2026-06-08,1,21,0.047619047619047616
D08,160,2026-06-09,1,21,0.047619047619047616
D08,161,2026-06-10,0,21,0.0
D08,162,2026-06-11,0,21,0.0
D08,163,2026-06-12,0,21,0.0
D08,164,2026-06-13,0,21,0.0
D08,165,2026-06-14,0,21,0.0
D09,5,2026-01-05,0,21,0.0
D09,6,2026-01-06,0,21,0.0
D09,7,2026-01-07,0,21,0.0
D09,8,2026-01-08,0,21,0.0
D09,9,2026-01-09,0,21,0.0
D09,10,2026-01-10,0,21,0.0
D09,11,2026-01-11,0,21,0.0
D09,12,2026-01-12,0,21,0.0
D09,13,2026-01-13,0,21,0.0
D09,14,2026-01-14,0,21,0.0
D09,15,2026-01-15,0,21,0.0
D09,16,2026-01-16,0,21,0.0
D09,17,2026-01-17,0,21,0.0
D09,18,2026-01-18,0,21,0.0
D09,19,2026-01-19,0,21,0.0
D09,20,2026-01-20,0,21,0.0
D09,21,2026-01-21,0,21,0.0
D09,22,2026-01-22,0,21,0.0
D09,23,2026-01-23,0,21,0.0
D09,24,2026-01-24,0,21,0.0
D09,25,2026-01-25,0,21,0.0
D09,26,2026-01-26,0,21,0.0
D09,27,2026-01-27,0,21,0.0
D09,28,2026-01-28,0,21,0.0
D09,29,2026-01-29,0,21,0.0
D09,30,2026-01-30,0,21,0.0
D09,31,2026-01-31,0,21,0.0
D09,32,2026-02-01,0,21,0.0
D09,33,2026-02-02,0,21,0.0
D09,34,2026-02-03,0,21,0.0
D09,35,2026-02-04,0,21,0.0
D09,36,2026-02-05,0,21,0.0
D09,37,2026-02-06,0,21,0.0
D09,38,2026-02-07,0,21,0.0
D09,39,2026-02-08,0,21,0.0
D09,40,2026-02-09,0,21,0.0
D09,41,2026-02-10,0,21,0.0
D09,42,2026-02-11,0,21,0.0
D09,43,2026-02-12,0,21,0.0
D09,44,2026-02-13,0,21,0.0
D09,45,2026-02-14,0,21,0.0
D09,46,2026-02-15,0,21,0.0
D09,47,2026-02-16,0,21,0.0
D09,48,2026-02-17,0,21,0.0
D09,49,2026-02-18,0,21,0.0
D09,50,2026-02-19,0,21,0.0
D09,51,2026-02-20,0,21,0.0
D09,52,2026-02-21,0,21,0.0
D09,53,2026-02-22,0,21,0.0
D09,54,2026-02-23,0,21,0.0
D09,55,2026-02-24,0,21,0.0
D09,56,2026-02-25,0,21,0.0
D09,57,2026-02-26,0,21,0.0
D09,58,2026-02-27,0,21,0.0
D09,59,2026-02-28,0,21,0.0
D09,60,2026-03-01,0,21,0.0
D09,61,2026-03-02,0,21,0.0
D09,62,2026-03-03,0,21,0.0
D09,63,2026-03-04,0,21,0.0
D09,64,2026-03-05,1,21,0.047619047619047616
D09,65,2026-03-06,8,21,0.38095238095238093
D09,66,2026-03-07,8,21,0.38095238095238093
D09,67,2026-03-08,8,21,0.38095238095238093
D09,68,2026-03-09,8,21,0.38095238095238093
D09,69,2026-03-10,0,21,0.0
D09,70,2026-03-11,0,21,0.0
D09,71,2026-03-12,0,21,0.0
D09,72,2026-03-13,3,21,0.14285714285714285
D09,73,2026-03-14,3,21,0.14285714285714285
D09,74,2026-03-15,3,21,0.14285714285714285
D09,75,2026-03-16,9,21,0.42857142857142855
D09,76,2026-03-17,9,21,0.42857142857142855
D09,77,2026-03-18,9,21,0.42857142857142855
D09,78,2026-03-19,11,21,0.5238095238095238
D09,79,2026-03-20,17,21,0.8095238095238095
D09,80,2026-03-21,17,21,0.8095238095238095
D09,81,2026-03-22,17,21,0.8095238095238095
D09,82,2026-03-23,15,21,0.7142857142857143
D09,83,2026-03-24,38,21,1.8095238095238095
D09,84,2026-03-25,44,21,2.0952380952380953
D09,85,2026-03-26,44,21,2.0952380952380953
D09,86,2026-03-27,44,21,2.0952380952380953
D09,87,2026-03-28,44,21,2.0952380952380953
D09,88,2026-03-29,44,21,2.0952380952380953
D09,89,2026-03-30,39,21,1.8571428571428572
D09,90,2026-03-31,35,21,1.6666666666666667
D09,91,2026-04-01,35,21,1.6666666666666667
D09,92,2026-04-02,35,21,1.6666666666666667
D09,93,2026-04-03,35,21,1.6666666666666667
D09,94,2026-04-04,32,21,1.5238095238095237
D09,95,2026-04-05,32,21,1.5238095238095237
D09,96,2026-04-06,21,21,1.0
D09,97,2026-04-07,12,21,0.5714285714285714
D09,98,2026-04-08,12,21,0.5714285714285714
D09,99,2026-04-09,15,21,0.7142857142857143
D09,100,2026-04-10,8,21,0.38095238095238093
D09,101,2026-04-11,8,21,0.38095238095238093
D09,102,2026-04-12,8,21,0.38095238095238093
D09,103,2026-04-13,8,21,0.38095238095238093
D09,104,2026-04-14,6,21,0.2857142857142857
D09,105,2026-04-15,19,21,0.9047619047619048
D09,106,2026-04-16,19,21,0.9047619047619048
D09,107,2026-04-17,6,21,0.2857142857142857
D09,108,2026-04-18,6,21,0.2857142857142857
D09,109,2026-04-19,6,21,0.2857142857142857
D09,110,2026-04-20,6,21,0.2857142857142857
D09,111,2026-04-21,6,21,0.2857142857142857
D09,112,2026-04-22,6,21,0.2857142857142857
D09,113,2026-04-23,8,21,0.38095238095238093
D09,114,2026-04-24,18,21,0.8571428571428571
D09,115,2026-04-25,4,21,0.19047619047619047
D09,116,2026-04-26,3,21,0.14285714285714285
D09,117,2026-04-27,10,21,0.47619047619047616
D09,118,2026-04-28,5,21,0.23809523809523808
D09,119,2026-04-29,3,21,0.14285714285714285
D09,120,2026-04-30,8,21,0.38095238095238093
D09,121,2026-05-01,11,21,0.5238095238095238
D09,122,2026-05-02,11,21,0.5238095238095238
D09,123,2026-05-03,11,21,0.5238095238095238
D09,124,2026-05-04,11,21,0.5238095238095238
D09,125,2026-05-05,11,21,0.5238095238095238
D09,126,2026-05-06,3,21,0.14285714285714285
D09,127,2026-05-07,3,21,0.14285714285714285
D09,128,2026-05-08,12,21,0.5714285714285714
D09,129,2026-05-09,12,21,0.5714285714285714
D09,130,2026-05-10,12,21,0.5714285714285714
D09,131,2026-05-11,10,21,0.47619047619047616
D09,132,2026-05-12,6,21,0.2857142857142857
D09,133,2026-05-13,5,21,0.23809523809523808
D09,134,2026-05-14,0,21,0.0
D09,135,2026-05-15,0,21,0.0
D09,136,2026-05-16,0,21,0.0
D09,137,2026-05-17,0,21,0.0
D09,138,2026-05-18,0,21,0.0
D09,139,2026-05-19,0,21,0.0
D09,140,2026-05-20,0,21,0.0
D09,141,2026-05-21,7,21,0.3333333333333333
D09,142,2026-05-22,7,21,0.3333333333333333
D09,143,2026-05-23,13,21,0.6190476190476191
D09,144,2026-05-24,13,21,0.6190476190476191
D09,145,2026-05-25,13,21,0.6190476190476191
D09,146,2026-05-26,13,21,0.6190476190476191
D09,147,2026-05-27,13,21,0.6190476190476191
D09,148,2026-05-28,3,21,0.14285714285714285
D09,149,2026-05-29,3,21,0.14285714285714285
D09,150,2026-05-30,3,21,0.14285714285714285
D09,151,2026-05-31,3,21,0.14285714285714285
D09,152,2026-06-01,3,21,0.14285714285714285
D09,153,2026-06-02,3,21,0.14285714285714285
D09,154,2026-06-03,3,21,0.14285714285714285
D09,155,2026-06-04,3,21,0.14285714285714285
D09,156,2026-06-05,7,21,0.3333333333333333
D09,157,2026-06-06,7,21,0.3333333333333333
D09,158,2026-06-07,7,21,0.3333333333333333
D09,159,2026-06-08,7,21,0.3333333333333333
D09,160,2026-06-09,7,21,0.3333333333333333
D09,161,2026-06-10,5,21,0.23809523809523808
D09,162,2026-06-11,5,21,0.23809523809523808
D09,163,2026-06-12,0,21,0.0
D09,164,2026-06-13,0,21,0.0
D09,165,2026-06-14,0,21,0.0
D10,5,2026-01-05,0,21,0.0
D10,6,2026-01-06,0,21,0.0
D10,7,2026-01-07,0,21,0.0
D10,8,2026-01-08,0,21,0.0
D10,9,2026-01-09,0,21,0.0
D10,10,2026-01-10,0,21,0.0
D10,11,2026-01-11,0,21,0.0
D10,12,2026-01-12,0,21,0.0
D10,13,2026-01-13,0,21,0.0
D10,14,2026-01-14,0,21,0.0
D10,15,2026-01-15,0,21,0.0
D10,16,2026-01-16,0,21,0.0
D10,17,2026-01-17,0,21,0.0
D10,18,2026-01-18,0,21,0.0
D10,19,2026-01-19,0,21,0.0
D10,20,2026-01-20,0,21,0.0
D10,21,2026-01-21,0,21,0.0
D10,22,2026-01-22,0,21,0.0
D10,23,2026-01-23,0,21,0.0
D10,24,2026-01-24,0,21,0.0
D10,25,2026-01-25,0,21,0.0
D10,26,2026-01-26,0,21,0.0
D10,27,2026-01-27,0,21,0.0
D10,28,2026-01-28,0,21,0.0
D10,29,2026-01-29,0,21,0.0
D10,30,2026-01-30,0,21,0.0
D10,31,2026-01-31,0,21,0.0
D10,32,2026-02-01,0,21,0.0
D10,33,2026-02-02,0,21,0.0
D10,34,2026-02-03,0,21,0.0
D10,35,2026-02-04,0,21,0.0
D10,36,2026-02-05,0,21,0.0
D10,37,2026-02-06,0,21,0.0
D10,38,2026-02-07,0,21,0.0
D10,39,2026-02-08,0,21,0.0
D10,40,2026-02-09,0,21,0.0
D10,41,2026-02-10,0,21,0.0
D10,42,2026-02-11,0,21,0.0
D10,43,2026-02-12,0,21,0.0
D10,44,2026-02-13,0,21,0.0
D10,45,2026-02-14,0,21,0.0
D10,46,2026-02-15,0,21,0.0
D10,47,2026-02-16,0,21,0.0
D10,48,2026-02-17,0,21,0.0
D10,49,2026-02-18,0,21,0.0
D10,50,2026-02-19,0,21,0.0
D10,51,2026-02-20,0,21,0.0
D10,52,2026-02-21,0,21,0.0
D10,53,2026-02-22,0,21,0.0
D10,54,2026-02-23,0,21,0.0
D10,55,2026-02-24,0,21,0.0
D10,56,2026-02-25,0,21,0.0
D10,57,2026-02-26,0,21,0.0
D10,58,2026-02-27,0,21,0.0
D10,59,2026-02-28,0,21,0.0
D10,60,2026-03-01,0,21,0.0
D10,61,2026-03-02,0,21,0.0
D10,62,2026-03-03,0,21,0.0
D10,63,2026-03-04,0,21,0.0
D10,64,2026-03-05,7,21,0.3333333333333333
D10,65,2026-03-06,16,21,0.7619047619047619
D10,66,2026-03-07,16,21,0.7619047619047619
D10,67,2026-03-08,16,21,0.7619047619047619
D10,68,2026-03-09,18,21,0.8571428571428571
D10,69,2026-03-10,11,21,0.5238095238095238
D10,70,2026-03-11,0,21,0.0
D10,71,2026-03-12,0,21,0.0
D10,72,2026-03-13,0,21,0.0
D10,73,2026-03-14,0,21,0.0
D10,74,2026-03-15,0,21,0.0
D10,75,2026-03-16,8,21,0.38095238095238093
D10,76,2026-03-17,10,21,0.47619047619047616
D10,77,2026-03-18,10,21,0.47619047619047616
D10,78,2026-03-19,6,21,0.2857142857142857
D10,79,2026-03-20,6,21,0.2857142857142857
D10,80,2026-03-21,6,21,0.2857142857142857
D10,81,2026-03-22,6,21,0.2857142857142857
D10,82,2026-03-23,6,21,0.2857142857142857
D10,83,2026-03-24,6,21,0.2857142857142857
D10,84,2026-03-25,6,21,0.2857142857142857
D10,85,2026-03-26,6,21,0.2857142857142857
D10,86,2026-03-27,6,21,0.2857142857142857
D10,87,2026-03-28,6,21,0.2857142857142857
D10,88,2026-03-29,6,21,0.2857142857142857
D10,89,2026-03-30,6,21,0.2857142857142857
D10,90,2026-03-31,0,21,0.0
D10,91,2026-04-01,0,21,0.0
D10,92,2026-04-02,0,21,0.0
D10,93,2026-04-03,0,21,0.0
D10,94,2026-04-04,0,21,0.0
D10,95,2026-04-05,0,21,0.0
D10,96,2026-04-06,0,21,0.0
D10,97,2026-04-07,0,21,0.0
D10,98,2026-04-08,0,21,0.0
D10,99,2026-04-09,0,21,0.0
D10,100,2026-04-10,0,21,0.0
D10,101,2026-04-11,0,21,0.0
D10,102,2026-04-12,0,21,0.0
D10,103,2026-04-13,0,21,0.0
D10,104,2026-04-14,0,21,0.0
D10,105,2026-04-15,0,21,0.0
D10,106,2026-04-16,0,21,0.0
D10,107,2026-04-17,0,21,0.0
D10,108,2026-04-18,0,21,0.0
D10,109,2026-04-19,0,21,0.0
D10,110,2026-04-20,0,21,0.0
D10,111,2026-04-21,0,21,0.0
D10,112,2026-04-22,7,21,0.3333333333333333
D10,113,2026-04-23,13,21,0.6190476190476191
D10,114,2026-04-24,13,21,0.6190476190476191
D10,115,2026-04-25,13,21,0.6190476190476191
D10,116,2026-04-26,13,21,0.6190476190476191
D10,117,2026-04-27,0,21,0.0
D10,118,2026-04-28,0,21,0.0
D10,119,2026-04-29,0,21,0.0
D10,120,2026-04-30,3,21,0.14285714285714285
D10,121,2026-05-01,10,21,0.47619047619047616
D10,122,2026-05-02,10,21,0.47619047619047616
D10,123,2026-05-03,10,21,0.47619047619047616
D10,124,2026-05-04,10,21,0.47619047619047616
D10,125,2026-05-05,10,21,0.47619047619047616
D10,126,2026-05-06,9,21,0.42857142857142855
D10,127,2026-05-07,7,21,0.3333333333333333
D10,128,2026-05-08,7,21,0.3333333333333333
D10,129,2026-05-09,2,21,0.09523809523809523
D10,130,2026-05-10,2,21,0.09523809523809523
D10,131,2026-05-11,2,21,0.09523809523809523
D10,132,2026-05-12,7,21,0.3333333333333333
D10,133,2026-05-13,3,21,0.14285714285714285
D10,134,2026-05-14,2,21,0.09523809523809523
D10,135,2026-05-15,2,21,0.09523809523809523
D10,136,2026-05-16,0,21,0.0
D10,137,2026-05-17,0,21,0.0
D10,138,2026-05-18,0,21,0.0
D10,139,2026-05-19,0,21,0.0
D10,140,2026-05-20,0,21,0.0
D10,141,2026-05-21,0,21,0.0
D10,142,2026-05-22,0,21,0.0
D10,143,2026-05-23,0,21,0.0
D10,144,2026-05-24,0,21,0.0
D10,145,2026-05-25,0,21,0.0
D10,146,2026-05-26,0,21,0.0
D10,147,2026-05-27,0,21,0.0
D10,148,2026-05-28,3,21,0.14285714285714285
D10,149,2026-05-29,3,21,0.14285714285714285
D10,150,2026-05-30,3,21,0.14285714285714285
D10,151,2026-05-31,3,21,0.14285714285714285
D10,152,2026-06-01,3,21,0.14285714285714285
D10,153,2026-06-02,3,21,0.14285714285714285
D10,154,2026-06-03,3,21,0.14285714285714285
D10,155,2026-06-04,3,21,0.14285714285714285
D10,156,2026-06-05,3,21,0.14285714285714285
D10,157,2026-06-06,3,21,0.14285714285714285
D10,158,2026-06-07,3,21,0.14285714285714285
D10,159,2026-06-08,0,21,0.0
D10,160,2026-06-09,0,21,0.0
D10,161,2026-06-10,12,21,0.5714285714285714
D10,162,2026-06-11,13,21,0.6190476190476191
D10,163,2026-06-12,25,21,1.1904761904761905
D10,164,2026-06-13,25,21,1.1904761904761905
D10,165,2026-06-14,25,21,1.1904761904761905
D11,5,2026-01-05,0,21,0.0
D11,6,2026-01-06,0,21,0.0
D11,7,2026-01-07,0,21,0.0
D11,8,2026-01-08,0,21,0.0
D11,9,2026-01-09,0,21,0.0
D11,10,2026-01-10,0,21,0.0
D11,11,2026-01-11,0,21,0.0
D11,12,2026-01-12,0,21,0.0
D11,13,2026-01-13,0,21,0.0
D11,14,2026-01-14,0,21,0.0
D11,15,2026-01-15,0,21,0.0
D11,16,2026-01-16,0,21,0.0
D11,17,2026-01-17,0,21,0.0
D11,18,2026-01-18,0,21,0.0
D11,19,2026-01-19,0,21,0.0
D11,20,2026-01-20,0,21,0.0
D11,21,2026-01-21,0,21,0.0
D11,22,2026-01-22,0,21,0.0
D11,23,2026-01-23,0,21,0.0
D11,24,2026-01-24,0,21,0.0
D11,25,2026-01-25,0,21,0.0
D11,26,2026-01-26,0,21,0.0
D11,27,2026-01-27,0,21,0.0
D11,28,2026-01-28,0,21,0.0
D11,29,2026-01-29,0,21,0.0
D11,30,2026-01-30,0,21,0.0
D11,31,2026-01-31,0,21,0.0
D11,32,2026-02-01,0,21,0.0
D11,33,2026-02-02,0,21,0.0
D11,34,2026-02-03,0,21,0.0
D11,35,2026-02-04,0,21,0.0
D11,36,2026-02-05,0,21,0.0
D11,37,2026-02-06,0,21,0.0
D11,38,2026-02-07,0,21,0.0
D11,39,2026-02-08,0,21,0.0
D11,40,2026-02-09,0,21,0.0
D11,41,2026-02-10,0,21,0.0
D11,42,2026-02-11,0,21,0.0
D11,43,2026-02-12,0,21,0.0
D11,44,2026-02-13,0,21,0.0
D11,45,2026-02-14,0,21,0.0
D11,46,2026-02-15,0,21,0.0
D11,47,2026-02-16,0,21,0.0
D11,48,2026-02-17,0,21,0.0
D11,49,2026-02-18,0,21,0.0
D11,50,2026-02-19,0,21,0.0
D11,51,2026-02-20,0,21,0.0
D11,52,2026-02-21,0,21,0.0
D11,53,2026-02-22,0,21,0.0
D11,54,2026-02-23,0,21,0.0
D11,55,2026-02-24,0,21,0.0
D11,56,2026-02-25,0,21,0.0
D11,57,2026-02-26,0,21,0.0
D11,58,2026-02-27,0,21,0.0
D11,59,2026-02-28,0,21,0.0
D11,60,2026-03-01,0,21,0.0
D11,61,2026-03-02,0,21,0.0
D11,62,2026-03-03,0,21,0.0
D11,63,2026-03-04,0,21,0.0
D11,64,2026-03-05,0,21,0.0
D11,65,2026-03-06,0,21,0.0
D11,66,2026-03-07,0,21,0.0
D11,67,2026-03-08,0,21,0.0
D11,68,2026-03-09,0,21,0.0
D11,69,2026-03-10,0,21,0.0
D11,70,2026-03-11,0,21,0.0
D11,71,2026-03-12,0,21,0.0
D11,72,2026-03-13,0,21,0.0
D11,73,2026-03-14,0,21,0.0
D11,74,2026-03-15,0,21,0.0
D11,75,2026-03-16,0,21,0.0
D11,76,2026-03-17,0,21,0.0
D11,77,2026-03-18,0,21,0.0
D11,78,2026-03-19,0,21,0.0
D11,79,2026-03-20,0,21,0.0
D11,80,2026-03-21,0,21,0.0
D11,81,2026-03-22,0,21,0.0
D11,82,2026-03-23,0,21,0.0
D11,83,2026-03-24,0,21,0.0
D11,84,2026-03-25,0,21,0.0
D11,85,2026-03-26,0,21,0.0
D11,86,2026-03-27,0,21,0.0
D11,87,2026-03-28,0,21,0.0
D11,88,2026-03-29,0,21,0.0
D11,89,2026-03-30,0,21,0.0
D11,90,2026-03-31,0,21,0.0
D11,91,2026-04-01,0,21,0.0
D11,92,2026-04-02,0,21,0.0
D11,93,2026-04-03,0,21,0.0
D11,94,2026-04-04,0,21,0.0
D11,95,2026-04-05,0,21,0.0
D11,96,2026-04-06,0,21,0.0
D11,97,2026-04-07,0,21,0.0
D11,98,2026-04-08,0,21,0.0
D11,99,2026-04-09,0,21,0.0
D11,100,2026-04-10,0,21,0.0
D11,101,2026-04-11,0,21,0.0
D11,102,2026-04-12,0,21,0.0
D11,103,2026-04-13,0,21,0.0
D11,104,2026-04-14,0,21,0.0
D11,105,2026-04-15,0,21,0.0
D11,106,2026-04-16,0,21,0.0
D11,107,2026-04-17,0,21,0.0
D11,108,2026-04-18,0,21,0.0
D11,109,2026-04-19,0,21,0.0
D11,110,2026-04-20,0,21,0.0
D11,111,2026-04-21,0,21,0.0
D11,112,2026-04-22,0,21,0.0
D11,113,2026-04-23,0,21,0.0
D11,114,2026-04-24,0,21,0.0
D11,115,2026-04-25,0,21,0.0
D11,116,2026-04-26,0,21,0.0
D11,117,2026-04-27,0,21,0.0
D11,118,2026-04-28,0,21,0.0
D11,119,2026-04-29,0,21,0.0
D11,120,2026-04-30,0,21,0.0
D11,121,2026-05-01,0,21,0.0
D11,122,2026-05-02,0,21,0.0
D11,123,2026-05-03,0,21,0.0
D11,124,2026-05-04,0,21,0.0
D11,125,2026-05-05,0,21,0.0
D11,126,2026-05-06,0,21,0.0
D11,127,2026-05-07,0,21,0.0
D11,128,2026-05-08,0,21,0.0
D11,129,2026-05-09,0,21,0.0
D11,130,2026-05-10,0,21,0.0
D11,131,2026-05-11,0,21,0.0
D11,132,2026-05-12,0,21,0.0
D11,133,2026-05-13,0,21,0.0
D11,134,2026-05-14,0,21,0.0
D11,135,2026-05-15,0,21,0.0
D11,136,2026-05-16,0,21,0.0
D11,137,2026-05-17,0,21,0.0
D11,138,2026-05-18,0,21,0.0
D11,139,2026-05-19,0,21,0.0
D11,140,2026-05-20,0,21,0.0
D11,141,2026-05-21,0,21,0.0
D11,142,2026-05-22,0,21,0.0
D11,143,2026-05-23,0,21,0.0
D11,144,2026-05-24,0,21,0.0
D11,145,2026-05-25,0,21,0.0
D11,146,2026-05-26,0,21,0.0
D11,147,2026-05-27,0,21,0.0
D11,148,2026-05-28,0,21,0.0
D11,149,2026-05-29,0,21,0.0
D11,150,2026-05-30,0,21,0.0
D11,151,2026-05-31,0,21,0.0
D11,152,2026-06-01,0,21,0.0
D11,153,2026-06-02,0,21,0.0
D11,154,2026-06-03,0,21,0.0
D11,155,2026-06-04,0,21,0.0
D11,156,2026-06-05,0,21,0.0
D11,157,2026-06-06,0,21,0.0
D11,158,2026-06-07,0,21,0.0
D11,159,2026-06-08,0,21,0.0
D11,160,2026-06-09,0,21,0.0
D11,161,2026-06-10,0,21,0.0
D11,162,2026-06-11,0,21,0.0
D11,163,2026-06-12,0,21,0.0
D11,164,2026-06-13,0,21,0.0
D11,165,2026-06-14,0,21,0.0
D12,5,2026-01-05,0,21,0.0
D12,6,2026-01-06,0,21,0.0
D12,7,2026-01-07,0,21,0.0
D12,8,2026-01-08,0,21,0.0
D12,9,2026-01-09,0,21,0.0
D12,10,2026-01-10,0,21,0.0
D12,11,2026-01-11,0,21,0.0
D12,12,2026-01-12,0,21,0.0
D12,13,2026-01-13,0,21,0.0
D12,14,2026-01-14,0,21,0.0
D12,15,2026-01-15,0,21,0.0
D12,16,2026-01-16,0,21,0.0
D12,17,2026-01-17,0,21,0.0
D12,18,2026-01-18,0,21,0.0
D12,19,2026-01-19,0,21,0.0
D12,20,2026-01-20,0,21,0.0
D12,21,2026-01-21,0,21,0.0
D12,22,2026-01-22,0,21,0.0
D12,23,2026-01-23,0,21,0.0
D12,24,2026-01-24,0,21,0.0
D12,25,2026-01-25,0,21,0.0
D12,26,2026-01-26,0,21,0.0
D12,27,2026-01-27,0,21,0.0
D12,28,2026-01-28,0,21,0.0
D12,29,2026-01-29,0,21,0.0
D12,30,2026-01-30,0,21,0.0
D12,31,2026-01-31,0,21,0.0
D12,32,2026-02-01,0,21,0.0
D12,33,2026-02-02,0,21,0.0
D12,34,2026-02-03,0,21,0.0
D12,35,2026-02-04,0,21,0.0
D12,36,2026-02-05,0,21,0.0
D12,37,2026-02-06,0,21,0.0
D12,38,2026-02-07,0,21,0.0
D12,39,2026-02-08,0,21,0.0
D12,40,2026-02-09,0,21,0.0
D12,41,2026-02-10,0,21,0.0
D12,42,2026-02-11,0,21,0.0
D12,43,2026-02-12,0,21,0.0
D12,44,2026-02-13,0,21,0.0
D12,45,2026-02-14,0,21,0.0
D12,46,2026-02-15,0,21,0.0
D12,47,2026-02-16,0,21,0.0
D12,48,2026-02-17,0,21,0.0
D12,49,2026-02-18,0,21,0.0
D12,50,2026-02-19,0,21,0.0
D12,51,2026-02-20,0,21,0.0
D12,52,2026-02-21,0,21,0.0
D12,53,2026-02-22,0,21,0.0
D12,54,2026-02-23,0,21,0.0
D12,55,2026-02-24,0,21,0.0
D12,56,2026-02-25,0,21,0.0
D12,57,2026-02-26,0,21,0.0
D12,58,2026-02-27,0,21,0.0
D12,59,2026-02-28,0,21,0.0
D12,60,2026-03-01,0,21,0.0
D12,61,2026-03-02,0,21,0.0
D12,62,2026-03-03,0,21,0.0
D12,63,2026-03-04,0,21,0.0
D12,64,2026-03-05,0,21,0.0
D12,65,2026-03-06,0,21,0.0
D12,66,2026-03-07,0,21,0.0
D12,67,2026-03-08,0,21,0.0
D12,68,2026-03-09,0,21,0.0
D12,69,2026-03-10,0,21,0.0
D12,70,2026-03-11,0,21,0.0
D12,71,2026-03-12,0,21,0.0
D12,72,2026-03-13,0,21,0.0
D12,73,2026-03-14,0,21,0.0
D12,74,2026-03-15,0,21,0.0
D12,75,2026-03-16,0,21,0.0
D12,76,2026-03-17,0,21,0.0
D12,77,2026-03-18,0,21,0.0
D12,78,2026-03-19,0,21,0.0
D12,79,2026-03-20,0,21,0.0
D12,80,2026-03-21,0,21,0.0
D12,81,2026-03-22,0,21,0.0
D12,82,2026-03-23,0,21,0.0
D12,83,2026-03-24,0,21,0.0
D12,84,2026-03-25,0,21,0.0
D12,85,2026-03-26,0,21,0.0
D12,86,2026-03-27,0,21,0.0
D12,87,2026-03-28,0,21,0.0
D12,88,2026-03-29,0,21,0.0
D12,89,2026-03-30,0,21,0.0
D12,90,2026-03-31,0,21,0.0
D12,91,2026-04-01,0,21,0.0
D12,92,2026-04-02,0,21,0.0
D12,93,2026-04-03,0,21,0.0
D12,94,2026-04-04,0,21,0.0
D12,95,2026-04-05,0,21,0.0
D12,96,2026-04-06,0,21,0.0
D12,97,2026-04-07,0,21,0.0
D12,98,2026-04-08,0,21,0.0
D12,99,2026-04-09,0,21,0.0
D12,100,2026-04-10,0,21,0.0
D12,101,2026-04-11,0,21,0.0
D12,102,2026-04-12,0,21,0.0
D12,103,2026-04-13,0,21,0.0
D12,104,2026-04-14,0,21,0.0
D12,105,2026-04-15,0,21,0.0
D12,106,2026-04-16,0,21,0.0
D12,107,2026-04-17,0,21,0.0
D12,108,2026-04-18,0,21,0.0
D12,109,2026-04-19,0,21,0.0
D12,110,2026-04-20,0,21,0.0
D12,111,2026-04-21,0,21,0.0
D12,112,2026-04-22,0,21,0.0
D12,113,2026-04-23,0,21,0.0
D12,114,2026-04-24,0,21,0.0
D12,115,2026-04-25,0,21,0.0
D12,116,2026-04-26,0,21,0.0
D12,117,2026-04-27,0,21,0.0
D12,118,2026-04-28,0,21,0.0
D12,119,2026-04-29,0,21,0.0
D12,120,2026-04-30,0,21,0.0
D12,121,2026-05-01,0,21,0.0
D12,122,2026-05-02,0,21,0.0
D12,123,2026-05-03,0,21,0.0
D12,124,2026-05-04,0,21,0.0
D12,125,2026-05-05,0,21,0.0
D12,126,2026-05-06,0,21,0.0
D12,127,2026-05-07,0,21,0.0
D12,128,2026-05-08,0,21,0.0
D12,129,2026-05-09,0,21,0.0
D12,130,2026-05-10,0,21,0.0
D12,131,2026-05-11,0,21,0.0
D12,132,2026-05-12,0,21,0.0
D12,133,2026-05-13,0,21,0.0
D12,134,2026-05-14,0,21,0.0
D12,135,2026-05-15,0,21,0.0
D12,136,2026-05-16,0,21,0.0
D12,137,2026-05-17,0,21,0.0
D12,138,2026-05-18,0,21,0.0
D12,139,2026-05-19,0,21,0.0
D12,140,2026-05-20,0,21,0.0
D12,141,2026-05-21,0,21,0.0
D12,142,2026-05-22,0,21,0.0
D12,143,2026-05-23,0,21,0.0
D12,144,2026-05-24,0,21,0.0
D12,145,2026-05-25,0,21,0.0
D12,146,2026-05-26,0,21,0.0
D12,147,2026-05-27,0,21,0.0
D12,148,2026-05-28,0,21,0.0
D12,149,2026-05-29,0,21,0.0
D12,150,2026-05-30,0,21,0.0
D12,151,2026-05-31,0,21,0.0
D12,152,2026-06-01,0,21,0.0
D12,153,2026-06-02,0,21,0.0
D12,154,2026-06-03,0,21,0.0
D12,155,2026-06-04,0,21,0.0
D12,156,2026-06-05,0,21,0.0
D12,157,2026-06-06,0,21,0.0
D12,158,2026-06-07,0,21,0.0
D12,159,2026-06-08,0,21,0.0
D12,160,2026-06-09,0,21,0.0
D12,161,2026-06-10,0,21,0.0
D12,162,2026-06-11,0,21,0.0
D12,163,2026-06-12,0,21,0.0
D12,164,2026-06-13,0,21,0.0
D12,165,2026-06-14,0,21,0.0
D13,5,2026-01-05,0,21,0.0
D13,6,2026-01-06,0,21,0.0
D13,7,2026-01-07,0,21,0.0
D13,8,2026-01-08,0,21,0.0
D13,9,2026-01-09,0,21,0.0
D13,10,2026-01-10,0,21,0.0
D13,11,2026-01-11,0,21,0.0
D13,12,2026-01-12,0,21,0.0
D13,13,2026-01-13,0,21,0.0
D13,14,2026-01-14,0,21,0.0
D13,15,2026-01-15,0,21,0.0
D13,16,2026-01-16,0,21,0.0
D13,17,2026-01-17,0,21,0.0
D13,18,2026-01-18,0,21,0.0
D13,19,2026-01-19,0,21,0.0
D13,20,2026-01-20,0,21,0.0
D13,21,2026-01-21,0,21,0.0
D13,22,2026-01-22,0,21,0.0
D13,23,2026-01-23,0,21,0.0
D13,24,2026-01-24,0,21,0.0
D13,25,2026-01-25,0,21,0.0
D13,26,2026-01-26,0,21,0.0
D13,27,2026-01-27,0,21,0.0
D13,28,2026-01-28,0,21,0.0
D13,29,2026-01-29,0,21,0.0
D13,30,2026-01-30,0,21,0.0
D13,31,2026-01-31,0,21,0.0
D13,32,2026-02-01,0,21,0.0
D13,33,2026-02-02,0,21,0.0
D13,34,2026-02-03,0,21,0.0
D13,35,2026-02-04,0,21,0.0
D13,36,2026-02-05,0,21,0.0
D13,37,2026-02-06,0,21,0.0
D13,38,2026-02-07,0,21,0.0
D13,39,2026-02-08,0,21,0.0
D13,40,2026-02-09,0,21,0.0
D13,41,2026-02-10,0,21,0.0
D13,42,2026-02-11,0,21,0.0
D13,43,2026-02-12,0,21,0.0
D13,44,2026-02-13,0,21,0.0
D13,45,2026-02-14,0,21,0.0
D13,46,2026-02-15,0,21,0.0
D13,47,2026-02-16,0,21,0.0
D13,48,2026-02-17,0,21,0.0
D13,49,2026-02-18,0,21,0.0
D13,50,2026-02-19,0,21,0.0
D13,51,2026-02-20,0,21,0.0
D13,52,2026-02-21,0,21,0.0
D13,53,2026-02-22,0,21,0.0
D13,54,2026-02-23,0,21,0.0
D13,55,2026-02-24,0,21,0.0
D13,56,2026-02-25,0,21,0.0
D13,57,2026-02-26,0,21,0.0
D13,58,2026-02-27,0,21,0.0
D13,59,2026-02-28,0,21,0.0
D13,60,2026-03-01,0,21,0.0
D13,61,2026-03-02,0,21,0.0
D13,62,2026-03-03,0,21,0.0
D13,63,2026-03-04,0,21,0.0
D13,64,2026-03-05,0,21,0.0
D13,65,2026-03-06,0,21,0.0
D13,66,2026-03-07,0,21,0.0
D13,67,2026-03-08,0,21,0.0
D13,68,2026-03-09,0,21,0.0
D13,69,2026-03-10,0,21,0.0
D13,70,2026-03-11,0,21,0.0
D13,71,2026-03-12,0,21,0.0
D13,72,2026-03-13,0,21,0.0
D13,73,2026-03-14,0,21,0.0
D13,74,2026-03-15,0,21,0.0
D13,75,2026-03-16,0,21,0.0
D13,76,2026-03-17,0,21,0.0
D13,77,2026-03-18,0,21,0.0
D13,78,2026-03-19,0,21,0.0
D13,79,2026-03-20,0,21,0.0
D13,80,2026-03-21,0,21,0.0
D13,81,2026-03-22,0,21,0.0
D13,82,2026-03-23,0,21,0.0
D13,83,2026-03-24,0,21,0.0
D13,84,2026-03-25,0,21,0.0
D13,85,2026-03-26,0,21,0.0
D13,86,2026-03-27,0,21,0.0
D13,87,2026-03-28,0,21,0.0
D13,88,2026-03-29,0,21,0.0
D13,89,2026-03-30,0,21,0.0
D13,90,2026-03-31,0,21,0.0
D13,91,2026-04-01,0,21,0.0
D13,92,2026-04-02,0,21,0.0
D13,93,2026-04-03,0,21,0.0
D13,94,2026-04-04,0,21,0.0
D13,95,2026-04-05,0,21,0.0
D13,96,2026-04-06,0,21,0.0
D13,97,2026-04-07,0,21,0.0
D13,98,2026-04-08,0,21,0.0
D13,99,2026-04-09,0,21,0.0
D13,100,2026-04-10,0,21,0.0
D13,101,2026-04-11,0,21,0.0
D13,102,2026-04-12,0,21,0.0
D13,103,2026-04-13,0,21,0.0
D13,104,2026-04-14,0,21,0.0
D13,105,2026-04-15,0,21,0.0
D13,106,2026-04-16,0,21,0.0
D13,107,2026-04-17,0,21,0.0
D13,108,2026-04-18,0,21,0.0
D13,109,2026-04-19,0,21,0.0
D13,110,2026-04-20,0,21,0.0
D13,111,2026-04-21,0,21,0.0
D13,112,2026-04-22,0,21,0.0
D13,113,2026-04-23,0,21,0.0
D13,114,2026-04-24,0,21,0.0
D13,115,2026-04-25,0,21,0.0
D13,116,2026-04-26,0,21,0.0
D13,117,2026-04-27,0,21,0.0
D13,118,2026-04-28,0,21,0.0
D13,119,2026-04-29,0,21,0.0
D13,120,2026-04-30,0,21,0.0
D13,121,2026-05-01,0,21,0.0
D13,122,2026-05-02,0,21,0.0
D13,123,2026-05-03,0,21,0.0
D13,124,2026-05-04,0,21,0.0
D13,125,2026-05-05,0,21,0.0
D13,126,2026-05-06,0,21,0.0
D13,127,2026-05-07,0,21,0.0
D13,128,2026-05-08,0,21,0.0
D13,129,2026-05-09,0,21,0.0
D13,130,2026-05-10,0,21,0.0
D13,131,2026-05-11,0,21,0.0
D13,132,2026-05-12,0,21,0.0
D13,133,2026-05-13,0,21,0.0
D13,134,2026-05-14,0,21,0.0
D13,135,2026-05-15,0,21,0.0
D13,136,2026-05-16,0,21,0.0
D13,137,2026-05-17,0,21,0.0
D13,138,2026-05-18,0,21,0.0
D13,139,2026-05-19,0,21,0.0
D13,140,2026-05-20,0,21,0.0
D13,141,2026-05-21,0,21,0.0
D13,142,2026-05-22,0,21,0.0
D13,143,2026-05-23,0,21,0.0
D13,144,2026-05-24,0,21,0.0
D13,145,2026-05-25,0,21,0.0
D13,146,2026-05-26,0,21,0.0
D13,147,2026-05-27,0,21,0.0
D13,148,2026-05-28,0,21,0.0
D13,149,2026-05-29,0,21,0.0
D13,150,2026-05-30,0,21,0.0
D13,151,2026-05-31,0,21,0.0
D13,152,2026-06-01,0,21,0.0
D13,153,2026-06-02,0,21,0.0
D13,154,2026-06-03,0,21,0.0
D13,155,2026-06-04,0,21,0.0
D13,156,2026-06-05,0,21,0.0
D13,157,2026-06-06,0,21,0.0
D13,158,2026-06-07,0,21,0.0
D13,159,2026-06-08,0,21,0.0
D13,160,2026-06-09,0,21,0.0
D13,161,2026-06-10,0,21,0.0
D13,162,2026-06-11,0,21,0.0
D13,163,2026-06-12,0,21,0.0
D13,164,2026-06-13,0,21,0.0
D13,165,2026-06-14,0,21,0.0
D14,5,2026-01-05,0,21,0.0
D14,6,2026-01-06,0,21,0.0
D14,7,2026-01-07,0,21,0.0
D14,8,2026-01-08,0,21,0.0
D14,9,2026-01-09,0,21,0.0
D14,10,2026-01-10,0,21,0.0
D14,11,2026-01-11,0,21,0.0
D14,12,2026-01-12,0,21,0.0
D14,13,2026-01-13,0,21,0.0
D14,14,2026-01-14,0,21,0.0
D14,15,2026-01-15,0,21,0.0
D14,16,2026-01-16,0,21,0.0
D14,17,2026-01-17,0,21,0.0
D14,18,2026-01-18,0,21,0.0
D14,19,2026-01-19,0,21,0.0
D14,20,2026-01-20,0,21,0.0
D14,21,2026-01-21,0,21,0.0
D14,22,2026-01-22,0,21,0.0
D14,23,2026-01-23,0,21,0.0
D14,24,2026-01-24,0,21,0.0
D14,25,2026-01-25,0,21,0.0
D14,26,2026-01-26,0,21,0.0
D14,27,2026-01-27,0,21,0.0
D14,28,2026-01-28,0,21,0.0
D14,29,2026-01-29,0,21,0.0
D14,30,2026-01-30,0,21,0.0
D14,31,2026-01-31,0,21,0.0
D14,32,2026-02-01,0,21,0.0
D14,33,2026-02-02,0,21,0.0
D14,34,2026-02-03,0,21,0.0
D14,35,2026-02-04,0,21,0.0
D14,36,2026-02-05,0,21,0.0
D14,37,2026-02-06,0,21,0.0
D14,38,2026-02-07,0,21,0.0
D14,39,2026-02-08,0,21,0.0
D14,40,2026-02-09,0,21,0.0
D14,41,2026-02-10,0,21,0.0
D14,42,2026-02-11,0,21,0.0
D14,43,2026-02-12,0,21,0.0
D14,44,2026-02-13,0,21,0.0
D14,45,2026-02-14,0,21,0.0
D14,46,2026-02-15,0,21,0.0
D14,47,2026-02-16,0,21,0.0
D14,48,2026-02-17,0,21,0.0
D14,49,2026-02-18,0,21,0.0
D14,50,2026-02-19,0,21,0.0
D14,51,2026-02-20,0,21,0.0
D14,52,2026-02-21,0,21,0.0
D14,53,2026-02-22,0,21,0.0
D14,54,2026-02-23,0,21,0.0
D14,55,2026-02-24,0,21,0.0
D14,56,2026-02-25,0,21,0.0
D14,57,2026-02-26,0,21,0.0
D14,58,2026-02-27,0,21,0.0
D14,59,2026-02-28,0,21,0.0
D14,60,2026-03-01,0,21,0.0
D14,61,2026-03-02,0,21,0.0
D14,62,2026-03-03,0,21,0.0
D14,63,2026-03-04,0,21,0.0
D14,64,2026-03-05,0,21,0.0
D14,65,2026-03-06,0,21,0.0
D14,66,2026-03-07,0,21,0.0
D14,67,2026-03-08,0,21,0.0
D14,68,2026-03-09,0,21,0.0
D14,69,2026-03-10,0,21,0.0
D14,70,2026-03-11,0,21,0.0
D14,71,2026-03-12,0,21,0.0
D14,72,2026-03-13,0,21,0.0
D14,73,2026-03-14,0,21,0.0
D14,74,2026-03-15,0,21,0.0
D14,75,2026-03-16,0,21,0.0
D14,76,2026-03-17,0,21,0.0
D14,77,2026-03-18,0,21,0.0
D14,78,2026-03-19,0,21,0.0
D14,79,2026-03-20,0,21,0.0
D14,80,2026-03-21,0,21,0.0
D14,81,2026-03-22,0,21,0.0
D14,82,2026-03-23,0,21,0.0
D14,83,2026-03-24,0,21,0.0
D14,84,2026-03-25,0,21,0.0
D14,85,2026-03-26,0,21,0.0
D14,86,2026-03-27,0,21,0.0
D14,87,2026-03-28,0,21,0.0
D14,88,2026-03-29,0,21,0.0
D14,89,2026-03-30,0,21,0.0
D14,90,2026-03-31,0,21,0.0
D14,91,2026-04-01,0,21,0.0
D14,92,2026-04-02,0,21,0.0
D14,93,2026-04-03,0,21,0.0
D14,94,2026-04-04,0,21,0.0
D14,95,2026-04-05,0,21,0.0
D14,96,2026-04-06,0,21,0.0
D14,97,2026-04-07,0,21,0.0
D14,98,2026-04-08,0,21,0.0
D14,99,2026-04-09,0,21,0.0
D14,100,2026-04-10,0,21,0.0
D14,101,2026-04-11,0,21,0.0
D14,102,2026-04-12,0,21,0.0
D14,103,2026-04-13,0,21,0.0
D14,104,2026-04-14,0,21,0.0
D14,105,2026-04-15,0,21,0.0
D14,106,2026-04-16,0,21,0.0
D14,107,2026-04-17,0,21,0.0
D14,108,2026-04-18,0,21,0.0
D14,109,2026-04-19,0,21,0.0
D14,110,2026-04-20,0,21,0.0
D14,111,2026-04-21,0,21,0.0
D14,112,2026-04-22,0,21,0.0
D14,113,2026-04-23,0,21,0.0
D14,114,2026-04-24,0,21,0.0
D14,115,2026-04-25,0,21,0.0
D14,116,2026-04-26,0,21,0.0
D14,117,2026-04-27,0,21,0.0
D14,118,2026-04-28,0,21,0.0
D14,119,2026-04-29,0,21,0.0
D14,120,2026-04-30,0,21,0.0
D14,121,2026-05-01,0,21,0.0
D14,122,2026-05-02,0,21,0.0
D14,123,2026-05-03,0,21,0.0
D14,124,2026-05-04,0,21,0.0
D14,125,2026-05-05,0,21,0.0
D14,126,2026-05-06,0,21,0.0
D14,127,2026-05-07,0,21,0.0
D14,128,2026-05-08,0,21,0.0
D14,129,2026-05-09,0,21,0.0
D14,130,2026-05-10,0,21,0.0
D14,131,2026-05-11,0,21,0.0
D14,132,2026-05-12,0,21,0.0
D14,133,2026-05-13,0,21,0.0
D14,134,2026-05-14,0,21,0.0
D14,135,2026-05-15,0,21,0.0
D14,136,2026-05-16,0,21,0.0
D14,137,2026-05-17,0,21,0.0
D14,138,2026-05-18,0,21,0.0
D14,139,2026-05-19,0,21,0.0
D14,140,2026-05-20,0,21,0.0
D14,141,2026-05-21,0,21,0.0
D14,142,2026-05-22,0,21,0.0
D14,143,2026-05-23,0,21,0.0
D14,144,2026-05-24,0,21,0.0
D14,145,2026-05-25,0,21,0.0
D14,146,2026-05-26,0,21,0.0
D14,147,2026-05-27,0,21,0.0
D14,148,2026-05-28,0,21,0.0
D14,149,2026-05-29,0,21,0.0
D14,150,2026-05-30,0,21,0.0
D14,151,2026-05-31,0,21,0.0
D14,152,2026-06-01,0,21,0.0
D14,153,2026-06-02,0,21,0.0
D14,154,2026-06-03,0,21,0.0
D14,155,2026-06-04,0,21,0.0
D14,156,2026-06-05,0,21,0.0
D14,157,2026-06-06,0,21,0.0
D14,158,2026-06-07,0,21,0.0
D14,159,2026-06-08,0,21,0.0
D14,160,2026-06-09,0,21,0.0
D14,161,2026-06-10,0,21,0.0
D14,162,2026-06-11,0,21,0.0
D14,163,2026-06-12,0,21,0.0
D14,164,2026-06-13,0,21,0.0
D14,165,2026-06-14,0,21,0.0
D15,5,2026-01-05,0,21,0.0
D15,6,2026-01-06,0,21,0.0
D15,7,2026-01-07,0,21,0.0
D15,8,2026-01-08,0,21,0.0
D15,9,2026-01-09,0,21,0.0
D15,10,2026-01-10,0,21,0.0
D15,11,2026-01-11,0,21,0.0
D15,12,2026-01-12,0,21,0.0
D15,13,2026-01-13,0,21,0.0
D15,14,2026-01-14,0,21,0.0
D15,15,2026-01-15,0,21,0.0
D15,16,2026-01-16,0,21,0.0
D15,17,2026-01-17,0,21,0.0
D15,18,2026-01-18,0,21,0.0
D15,19,2026-01-19,0,21,0.0
D15,20,2026-01-20,0,21,0.0
D15,21,2026-01-21,0,21,0.0
D15,22,2026-01-22,0,21,0.0
D15,23,2026-01-23,0,21,0.0
D15,24,2026-01-24,0,21,0.0
D15,25,2026-01-25,0,21,0.0
D15,26,2026-01-26,0,21,0.0
D15,27,2026-01-27,0,21,0.0
D15,28,2026-01-28,0,21,0.0
D15,29,2026-01-29,0,21,0.0
D15,30,2026-01-30,0,21,0.0
D15,31,2026-01-31,0,21,0.0
D15,32,2026-02-01,0,21,0.0
D15,33,2026-02-02,0,21,0.0
D15,34,2026-02-03,0,21,0.0
D15,35,2026-02-04,0,21,0.0
D15,36,2026-02-05,0,21,0.0
D15,37,2026-02-06,0,21,0.0
D15,38,2026-02-07,0,21,0.0
D15,39,2026-02-08,0,21,0.0
D15,40,2026-02-09,0,21,0.0
D15,41,2026-02-10,0,21,0.0
D15,42,2026-02-11,0,21,0.0
D15,43,2026-02-12,0,21,0.0
D15,44,2026-02-13,0,21,0.0
D15,45,2026-02-14,0,21,0.0
D15,46,2026-02-15,0,21,0.0
D15,47,2026-02-16,0,21,0.0
D15,48,2026-02-17,0,21,0.0
D15,49,2026-02-18,0,21,0.0
D15,50,2026-02-19,0,21,0.0
D15,51,2026-02-20,0,21,0.0
D15,52,2026-02-21,0,21,0.0
D15,53,2026-02-22,0,21,0.0
D15,54,2026-02-23,0,21,0.0
D15,55,2026-02-24,0,21,0.0
D15,56,2026-02-25,0,21,0.0
D15,57,2026-02-26,0,21,0.0
D15,58,2026-02-27,0,21,0.0
D15,59,2026-02-28,0,21,0.0
D15,60,2026-03-01,0,21,0.0
D15,61,2026-03-02,0,21,0.0
D15,62,2026-03-03,0,21,0.0
D15,63,2026-03-04,0,21,0.0
D15,64,2026-03-05,0,21,0.0
D15,65,2026-03-06,0,21,0.0
D15,66,2026-03-07,0,21,0.0
D15,67,2026-03-08,0,21,0.0
D15,68,2026-03-09,0,21,0.0
D15,69,2026-03-10,0,21,0.0
D15,70,2026-03-11,0,21,0.0
D15,71,2026-03-12,0,21,0.0
D15,72,2026-03-13,0,21,0.0
D15,73,2026-03-14,0,21,0.0
D15,74,2026-03-15,0,21,0.0
D15,75,2026-03-16,0,21,0.0
D15,76,2026-03-17,0,21,0.0
D15,77,2026-03-18,0,21,0.0
D15,78,2026-03-19,0,21,0.0
D15,79,2026-03-20,0,21,0.0
D15,80,2026-03-21,0,21,0.0
D15,81,2026-03-22,0,21,0.0
D15,82,2026-03-23,0,21,0.0
D15,83,2026-03-24,0,21,0.0
D15,84,2026-03-25,0,21,0.0
D15,85,2026-03-26,0,21,0.0
D15,86,2026-03-27,0,21,0.0
D15,87,2026-03-28,0,21,0.0
D15,88,2026-03-29,0,21,0.0
D15,89,2026-03-30,0,21,0.0
D15,90,2026-03-31,0,21,0.0
D15,91,2026-04-01,0,21,0.0
D15,92,2026-04-02,0,21,0.0
D15,93,2026-04-03,0,21,0.0
D15,94,2026-04-04,0,21,0.0
D15,95,2026-04-05,0,21,0.0
D15,96,2026-04-06,0,21,0.0
D15,97,2026-04-07,0,21,0.0
D15,98,2026-04-08,0,21,0.0
D15,99,2026-04-09,0,21,0.0
D15,100,2026-04-10,0,21,0.0
D15,101,2026-04-11,0,21,0.0
D15,102,2026-04-12,0,21,0.0
D15,103,2026-04-13,0,21,0.0
D15,104,2026-04-14,0,21,0.0
D15,105,2026-04-15,0,21,0.0
D15,106,2026-04-16,0,21,0.0
D15,107,2026-04-17,0,21,0.0
D15,108,2026-04-18,0,21,0.0
D15,109,2026-04-19,0,21,0.0
D15,110,2026-04-20,0,21,0.0
D15,111,2026-04-21,0,21,0.0
D15,112,2026-04-22,0,21,0.0
D15,113,2026-04-23,0,21,0.0
D15,114,2026-04-24,0,21,0.0
D15,115,2026-04-25,0,21,0.0
D15,116,2026-04-26,0,21,0.0
D15,117,2026-04-27,0,21,0.0
D15,118,2026-04-28,0,21,0.0
D15,119,2026-04-29,0,21,0.0
D15,120,2026-04-30,0,21,0.0
D15,121,2026-05-01,0,21,0.0
D15,122,2026-05-02,0,21,0.0
D15,123,2026-05-03,0,21,0.0
D15,124,2026-05-04,0,21,0.0
D15,125,2026-05-05,0,21,0.0
D15,126,2026-05-06,0,21,0.0
D15,127,2026-05-07,0,21,0.0
D15,128,2026-05-08,0,21,0.0
D15,129,2026-05-09,0,21,0.0
D15,130,2026-05-10,0,21,0.0
D15,131,2026-05-11,0,21,0.0
D15,132,2026-05-12,0,21,0.0
D15,133,2026-05-13,0,21,0.0
D15,134,2026-05-14,0,21,0.0
D15,135,2026-05-15,0,21,0.0
D15,136,2026-05-16,0,21,0.0
D15,137,2026-05-17,0,21,0.0
D15,138,2026-05-18,0,21,0.0
D15,139,2026-05-19,0,21,0.0
D15,140,2026-05-20,0,21,0.0
D15,141,2026-05-21,0,21,0.0
D15,142,2026-05-22,0,21,0.0
D15,143,2026-05-23,0,21,0.0
D15,144,2026-05-24,0,21,0.0
D15,145,2026-05-25,0,21,0.0
D15,146,2026-05-26,0,21,0.0
D15,147,2026-05-27,0,21,0.0
D15,148,2026-05-28,0,21,0.0
D15,149,2026-05-29,0,21,0.0
D15,150,2026-05-30,0,21,0.0
D15,151,2026-05-31,0,21,0.0
D15,152,2026-06-01,0,21,0.0
D15,153,2026-06-02,0,21,0.0
D15,154,2026-06-03,0,21,0.0
D15,155,2026-06-04,0,21,0.0
D15,156,2026-06-05,0,21,0.0
D15,157,2026-06-06,0,21,0.0
D15,158,2026-06-07,0,21,0.0
D15,159,2026-06-08,0,21,0.0
D15,160,2026-06-09,0,21,0.0
D15,161,2026-06-10,0,21,0.0
D15,162,2026-06-11,0,21,0.0
D15,163,2026-06-12,0,21,0.0
D15,164,2026-06-13,0,21,0.0
D15,165,2026-06-14,0,21,0.0
D16,5,2026-01-05,0,21,0.0
D16,6,2026-01-06,0,21,0.0
D16,7,2026-01-07,0,21,0.0
D16,8,2026-01-08,0,21,0.0
D16,9,2026-01-09,0,21,0.0
D16,10,2026-01-10,0,21,0.0
D16,11,2026-01-11,0,21,0.0
D16,12,2026-01-12,0,21,0.0
D16,13,2026-01-13,0,21,0.0
D16,14,2026-01-14,0,21,0.0
D16,15,2026-01-15,0,21,0.0
D16,16,2026-01-16,0,21,0.0
D16,17,2026-01-17,0,21,0.0
D16,18,2026-01-18,0,21,0.0
D16,19,2026-01-19,0,21,0.0
D16,20,2026-01-20,0,21,0.0
D16,21,2026-01-21,0,21,0.0
D16,22,2026-01-22,0,21,0.0
D16,23,2026-01-23,0,21,0.0
D16,24,2026-01-24,0,21,0.0
D16,25,2026-01-25,0,21,0.0
D16,26,2026-01-26,0,21,0.0
D16,27,2026-01-27,0,21,0.0
D16,28,2026-01-28,0,21,0.0
D16,29,2026-01-29,0,21,0.0
D16,30,2026-01-30,0,21,0.0
D16,31,2026-01-31,0,21,0.0
D16,32,2026-02-01,0,21,0.0
D16,33,2026-02-02,0,21,0.0
D16,34,2026-02-03,0,21,0.0
D16,35,2026-02-04,0,21,0.0
D16,36,2026-02-05,0,21,0.0
D16,37,2026-02-06,0,21,0.0
D16,38,2026-02-07,0,21,0.0
D16,39,2026-02-08,0,21,0.0
D16,40,2026-02-09,0,21,0.0
D16,41,2026-02-10,0,21,0.0
D16,42,2026-02-11,0,21,0.0
D16,43,2026-02-12,0,21,0.0
D16,44,2026-02-13,0,21,0.0
D16,45,2026-02-14,0,21,0.0
D16,46,2026-02-15,0,21,0.0
D16,47,2026-02-16,0,21,0.0
D16,48,2026-02-17,0,21,0.0
D16,49,2026-02-18,0,21,0.0
D16,50,2026-02-19,0,21,0.0
D16,51,2026-02-20,0,21,0.0
D16,52,2026-02-21,0,21,0.0
D16,53,2026-02-22,0,21,0.0
D16,54,2026-02-23,0,21,0.0
D16,55,2026-02-24,0,21,0.0
D16,56,2026-02-25,0,21,0.0
D16,57,2026-02-26,0,21,0.0
D16,58,2026-02-27,0,21,0.0
D16,59,2026-02-28,0,21,0.0
D16,60,2026-03-01,0,21,0.0
D16,61,2026-03-02,0,21,0.0
D16,62,2026-03-03,0,21,0.0
D16,63,2026-03-04,0,21,0.0
D16,64,2026-03-05,0,21,0.0
D16,65,2026-03-06,0,21,0.0
D16,66,2026-03-07,0,21,0.0
D16,67,2026-03-08,0,21,0.0
D16,68,2026-03-09,0,21,0.0
D16,69,2026-03-10,0,21,0.0
D16,70,2026-03-11,0,21,0.0
D16,71,2026-03-12,0,21,0.0
D16,72,2026-03-13,0,21,0.0
D16,73,2026-03-14,0,21,0.0
D16,74,2026-03-15,0,21,0.0
D16,75,2026-03-16,0,21,0.0
D16,76,2026-03-17,0,21,0.0
D16,77,2026-03-18,0,21,0.0
D16,78,2026-03-19,0,21,0.0
D16,79,2026-03-20,0,21,0.0
D16,80,2026-03-21,0,21,0.0
D16,81,2026-03-22,0,21,0.0
D16,82,2026-03-23,0,21,0.0
D16,83,2026-03-24,0,21,0.0
D16,84,2026-03-25,0,21,0.0
D16,85,2026-03-26,0,21,0.0
D16,86,2026-03-27,0,21,0.0
D16,87,2026-03-28,0,21,0.0
D16,88,2026-03-29,0,21,0.0
D16,89,2026-03-30,0,21,0.0
D16,90,2026-03-31,0,21,0.0
D16,91,2026-04-01,0,21,0.0
D16,92,2026-04-02,0,21,0.0
D16,93,2026-04-03,0,21,0.0
D16,94,2026-04-04,0,21,0.0
D16,95,2026-04-05,0,21,0.0
D16,96,2026-04-06,0,21,0.0
D16,97,2026-04-07,0,21,0.0
D16,98,2026-04-08,0,21,0.0
D16,99,2026-04-09,0,21,0.0
D16,100,2026-04-10,0,21,0.0
D16,101,2026-04-11,0,21,0.0
D16,102,2026-04-12,0,21,0.0
D16,103,2026-04-13,0,21,0.0
D16,104,2026-04-14,0,21,0.0
D16,105,2026-04-15,0,21,0.0
D16,106,2026-04-16,0,21,0.0
D16,107,2026-04-17,0,21,0.0
D16,108,2026-04-18,0,21,0.0
D16,109,2026-04-19,0,21,0.0
D16,110,2026-04-20,0,21,0.0
D16,111,2026-04-21,0,21,0.0
D16,112,2026-04-22,0,21,0.0
D16,113,2026-04-23,0,21,0.0
D16,114,2026-04-24,0,21,0.0
D16,115,2026-04-25,0,21,0.0
D16,116,2026-04-26,0,21,0.0
D16,117,2026-04-27,0,21,0.0
D16,118,2026-04-28,0,21,0.0
D16,119,2026-04-29,0,21,0.0
D16,120,2026-04-30,0,21,0.0
D16,121,2026-05-01,0,21,0.0
D16,122,2026-05-02,0,21,0.0
D16,123,2026-05-03,0,21,0.0
D16,124,2026-05-04,0,21,0.0
D16,125,2026-05-05,0,21,0.0
D16,126,2026-05-06,0,21,0.0
D16,127,2026-05-07,0,21,0.0
D16,128,2026-05-08,0,21,0.0
D16,129,2026-05-09,0,21,0.0
D16,130,2026-05-10,0,21,0.0
D16,131,2026-05-11,0,21,0.0
D16,132,2026-05-12,0,21,0.0
D16,133,2026-05-13,0,21,0.0
D16,134,2026-05-14,0,21,0.0
D16,135,2026-05-15,0,21,0.0
D16,136,2026-05-16,0,21,0.0
D16,137,2026-05-17,0,21,0.0
D16,138,2026-05-18,0,21,0.0
D16,139,2026-05-19,0,21,0.0
D16,140,2026-05-20,0,21,0.0
D16,141,2026-05-21,0,21,0.0
D16,142,2026-05-22,0,21,0.0
D16,143,2026-05-23,0,21,0.0
D16,144,2026-05-24,0,21,0.0
D16,145,2026-05-25,0,21,0.0
D16,146,2026-05-26,0,21,0.0
D16,147,2026-05-27,0,21,0.0
D16,148,2026-05-28,0,21,0.0
D16,149,2026-05-29,0,21,0.0
D16,150,2026-05-30,0,21,0.0
D16,151,2026-05-31,0,21,0.0
D16,152,2026-06-01,0,21,0.0
D16,153,2026-06-02,0,21,0.0
D16,154,2026-06-03,0,21,0.0
D16,155,2026-06-04,0,21,0.0
D16,156,2026-06-05,0,21,0.0
D16,157,2026-06-06,0,21,0.0
D16,158,2026-06-07,0,21,0.0
D16,159,2026-06-08,0,21,0.0
D16,160,2026-06-09,0,21,0.0
D16,161,2026-06-10,0,21,0.0
D16,162,2026-06-11,0,21,0.0
D16,163,2026-06-12,0,21,0.0
D16,164,2026-06-13,0,21,0.0
D16,165,2026-06-14,0,21,0.0
D17,5,2026-01-05,0,21,0.0
D17,6,2026-01-06,0,21,0.0
D17,7,2026-01-07,0,21,0.0
D17,8,2026-01-08,0,21,0.0
D17,9,2026-01-09,0,21,0.0
D17,10,2026-01-10,0,21,0.0
D17,11,2026-01-11,0,21,0.0
D17,12,2026-01-12,0,21,0.0
D17,13,2026-01-13,0,21,0.0
D17,14,2026-01-14,0,21,0.0
D17,15,2026-01-15,0,21,0.0
D17,16,2026-01-16,0,21,0.0
D17,17,2026-01-17,0,21,0.0
D17,18,2026-01-18,0,21,0.0
D17,19,2026-01-19,0,21,0.0
D17,20,2026-01-20,0,21,0.0
D17,21,2026-01-21,0,21,0.0
D17,22,2026-01-22,0,21,0.0
D17,23,2026-01-23,0,21,0.0
D17,24,2026-01-24,0,21,0.0
D17,25,2026-01-25,0,21,0.0
D17,26,2026-01-26,0,21,0.0
D17,27,2026-01-27,0,21,0.0
D17,28,2026-01-28,0,21,0.0
D17,29,2026-01-29,0,21,0.0
D17,30,2026-01-30,0,21,0.0
D17,31,2026-01-31,0,21,0.0
D17,32,2026-02-01,0,21,0.0
D17,33,2026-02-02,0,21,0.0
D17,34,2026-02-03,0,21,0.0
D17,35,2026-02-04,0,21,0.0
D17,36,2026-02-05,0,21,0.0
D17,37,2026-02-06,0,21,0.0
D17,38,2026-02-07,0,21,0.0
D17,39,2026-02-08,0,21,0.0
D17,40,2026-02-09,0,21,0.0
D17,41,2026-02-10,0,21,0.0
D17,42,2026-02-11,0,21,0.0
D17,43,2026-02-12,0,21,0.0
D17,44,2026-02-13,0,21,0.0
D17,45,2026-02-14,0,21,0.0
D17,46,2026-02-15,0,21,0.0
D17,47,2026-02-16,0,21,0.0
D17,48,2026-02-17,0,21,0.0
D17,49,2026-02-18,0,21,0.0
D17,50,2026-02-19,0,21,0.0
D17,51,2026-02-20,0,21,0.0
D17,52,2026-02-21,0,21,0.0
D17,53,2026-02-22,0,21,0.0
D17,54,2026-02-23,0,21,0.0
D17,55,2026-02-24,0,21,0.0
D17,56,2026-02-25,0,21,0.0
D17,57,2026-02-26,0,21,0.0
D17,58,2026-02-27,0,21,0.0
D17,59,2026-02-28,0,21,0.0
D17,60,2026-03-01,0,21,0.0
D17,61,2026-03-02,0,21,0.0
D17,62,2026-03-03,0,21,0.0
D17,63,2026-03-04,0,21,0.0
D17,64,2026-03-05,0,21,0.0
D17,65,2026-03-06,0,21,0.0
D17,66,2026-03-07,0,21,0.0
D17,67,2026-03-08,0,21,0.0
D17,68,2026-03-09,0,21,0.0
D17,69,2026-03-10,0,21,0.0
D17,70,2026-03-11,0,21,0.0
D17,71,2026-03-12,0,21,0.0
D17,72,2026-03-13,0,21,0.0
D17,73,2026-03-14,0,21,0.0
D17,74,2026-03-15,0,21,0.0
D17,75,2026-03-16,0,21,0.0
D17,76,2026-03-17,0,21,0.0
D17,77,2026-03-18,0,21,0.0
D17,78,2026-03-19,0,21,0.0
D17,79,2026-03-20,0,21,0.0
D17,80,2026-03-21,0,21,0.0
D17,81,2026-03-22,0,21,0.0
D17,82,2026-03-23,0,21,0.0
D17,83,2026-03-24,0,21,0.0
D17,84,2026-03-25,0,21,0.0
D17,85,2026-03-26,0,21,0.0
D17,86,2026-03-27,0,21,0.0
D17,87,2026-03-28,0,21,0.0
D17,88,2026-03-29,0,21,0.0
D17,89,2026-03-30,0,21,0.0
D17,90,2026-03-31,0,21,0.0
D17,91,2026-04-01,0,21,0.0
D17,92,2026-04-02,0,21,0.0
D17,93,2026-04-03,0,21,0.0
D17,94,2026-04-04,0,21,0.0
D17,95,2026-04-05,0,21,0.0
D17,96,2026-04-06,0,21,0.0
D17,97,2026-04-07,0,21,0.0
D17,98,2026-04-08,0,21,0.0
D17,99,2026-04-09,0,21,0.0
D17,100,2026-04-10,0,21,0.0
D17,101,2026-04-11,0,21,0.0
D17,102,2026-04-12,0,21,0.0
D17,103,2026-04-13,0,21,0.0
D17,104,2026-04-14,0,21,0.0
D17,105,2026-04-15,0,21,0.0
D17,106,2026-04-16,0,21,0.0
D17,107,2026-04-17,0,21,0.0
D17,108,2026-04-18,0,21,0.0
D17,109,2026-04-19,0,21,0.0
D17,110,2026-04-20,0,21,0.0
D17,111,2026-04-21,0,21,0.0
D17,112,2026-04-22,0,21,0.0
D17,113,2026-04-23,0,21,0.0
D17,114,2026-04-24,0,21,0.0
D17,115,2026-04-25,0,21,0.0
D17,116,2026-04-26,0,21,0.0
D17,117,2026-04-27,0,21,0.0
D17,118,2026-04-28,0,21,0.0
D17,119,2026-04-29,0,21,0.0
D17,120,2026-04-30,0,21,0.0
D17,121,2026-05-01,0,21,0.0
D17,122,2026-05-02,0,21,0.0
D17,123,2026-05-03,0,21,0.0
D17,124,2026-05-04,0,21,0.0
D17,125,2026-05-05,0,21,0.0
D17,126,2026-05-06,0,21,0.0
D17,127,2026-05-07,0,21,0.0
D17,128,2026-05-08,0,21,0.0
D17,129,2026-05-09,0,21,0.0
D17,130,2026-05-10,0,21,0.0
D17,131,2026-05-11,0,21,0.0
D17,132,2026-05-12,0,21,0.0
D17,133,2026-05-13,0,21,0.0
D17,134,2026-05-14,0,21,0.0
D17,135,2026-05-15,0,21,0.0
D17,136,2026-05-16,0,21,0.0
D17,137,2026-05-17,0,21,0.0
D17,138,2026-05-18,0,21,0.0
D17,139,2026-05-19,0,21,0.0
D17,140,2026-05-20,0,21,0.0
D17,141,2026-05-21,0,21,0.0
D17,142,2026-05-22,0,21,0.0
D17,143,2026-05-23,0,21,0.0
D17,144,2026-05-24,0,21,0.0
D17,145,2026-05-25,0,21,0.0
D17,146,2026-05-26,0,21,0.0
D17,147,2026-05-27,0,21,0.0
D17,148,2026-05-28,0,21,0.0
D17,149,2026-05-29,0,21,0.0
D17,150,2026-05-30,0,21,0.0
D17,151,2026-05-31,0,21,0.0
D17,152,2026-06-01,0,21,0.0
D17,153,2026-06-02,0,21,0.0
D17,154,2026-06-03,0,21,0.0
D17,155,2026-06-04,0,21,0.0
D17,156,2026-06-05,0,21,0.0
D17,157,2026-06-06,0,21,0.0
D17,158,2026-06-07,0,21,0.0
D17,159,2026-06-08,0,21,0.0
D17,160,2026-06-09,0,21,0.0
D17,161,2026-06-10,0,21,0.0
D17,162,2026-06-11,0,21,0.0
D17,163,2026-06-12,0,21,0.0
D17,164,2026-06-13,0,21,0.0
D17,165,2026-06-14,0,21,0.0
E01,5,2026-01-05,0,9,0.0
E01,6,2026-01-06,0,9,0.0
E01,7,2026-01-07,0,9,0.0
E01,8,2026-01-08,13,9,1.4444444444444444
E01,9,2026-01-09,13,9,1.4444444444444444
E01,10,2026-01-10,13,9,1.4444444444444444
E01,11,2026-01-11,13,9,1.4444444444444444
E01,12,2026-01-12,14,9,1.5555555555555556
E01,13,2026-01-13,14,9,1.5555555555555556
E01,14,2026-01-14,14,9,1.5555555555555556
E01,15,2026-01-15,13,9,1.4444444444444444
E01,16,2026-01-16,13,9,1.4444444444444444
E01,17,2026-01-17,13,9,1.4444444444444444
E01,18,2026-01-18,13,9,1.4444444444444444
E01,19,2026-01-19,13,9,1.4444444444444444
E01,20,2026-01-20,13,9,1.4444444444444444
E01,21,2026-01-21,13,9,1.4444444444444444
E01,22,2026-01-22,13,9,1.4444444444444444
E01,23,2026-01-23,13,9,1.4444444444444444
E01,24,2026-01-24,13,9,1.4444444444444444
E01,25,2026-01-25,13,9,1.4444444444444444
E01,26,2026-01-26,13,9,1.4444444444444444
E01,27,2026-01-27,13,9,1.4444444444444444
E01,28,2026-01-28,13,9,1.4444444444444444
E01,29,2026-01-29,13,9,1.4444444444444444
E01,30,2026-01-30,13,9,1.4444444444444444
E01,31,2026-01-31,13,9,1.4444444444444444
E01,32,2026-02-01,13,9,1.4444444444444444
E01,33,2026-02-02,13,9,1.4444444444444444
E01,34,2026-02-03,12,9,1.3333333333333333
E01,35,2026-02-04,12,9,1.3333333333333333
E01,36,2026-02-05,8,9,0.8888888888888888
E01,37,2026-02-06,8,9,0.8888888888888888
E01,38,2026-02-07,5,9,0.5555555555555556
E01,39,2026-02-08,5,9,0.5555555555555556
E01,40,2026-02-09,5,9,0.5555555555555556
E01,41,2026-02-10,5,9,0.5555555555555556
E01,42,2026-02-11,5,9,0.5555555555555556
E01,43,2026-02-12,5,9,0.5555555555555556
E01,44,2026-02-13,5,9,0.5555555555555556
E01,45,2026-02-14,5,9,0.5555555555555556
E01,46,2026-02-15,5,9,0.5555555555555556
E01,47,2026-02-16,5,9,0.5555555555555556
E01,48,2026-02-17,5,9,0.5555555555555556
E01,49,2026-02-18,5,9,0.5555555555555556
E01,50,2026-02-19,5,9,0.5555555555555556
E01,51,2026-02-20,5,9,0.5555555555555556
E01,52,2026-02-21,5,9,0.5555555555555556
E01,53,2026-02-22,5,9,0.5555555555555556
E01,54,2026-02-23,5,9,0.5555555555555556
E01,55,2026-02-24,5,9,0.5555555555555556
E01,56,2026-02-25,5,9,0.5555555555555556
E01,57,2026-02-26,5,9,0.5555555555555556
E01,58,2026-02-27,5,9,0.5555555555555556
E01,59,2026-02-28,5,9,0.5555555555555556
E01,60,2026-03-01,5,9,0.5555555555555556
E01,61,2026-03-02,5,9,0.5555555555555556
E01,62,2026-03-03,0,9,0.0
E01,63,2026-03-04,0,9,0.0
E01,64,2026-03-05,0,9,0.0
E01,65,2026-03-06,2,9,0.2222222222222222
E01,66,2026-03-07,2,9,0.2222222222222222
E01,67,2026-03-08,2,9,0.2222222222222222
E01,68,2026-03-09,8,9,0.8888888888888888
E01,69,2026-03-10,10,9,1.1111111111111112
E01,70,2026-03-11,10,9,1.1111111111111112
E01,71,2026-03-12,10,9,1.1111111111111112
E01,72,2026-03-13,10,9,1.1111111111111112
E01,73,2026-03-14,0,9,0.0
E01,74,2026-03-15,0,9,0.0
E01,75,2026-03-16,0,9,0.0
E01,76,2026-03-17,8,9,0.8888888888888888
E01,77,2026-03-18,8,9,0.8888888888888888
E01,78,2026-03-19,8,9,0.8888888888888888
E01,79,2026-03-20,8,9,0.8888888888888888
E01,80,2026-03-21,8,9,0.8888888888888888
E01,81,2026-03-22,8,9,0.8888888888888888
E01,82,2026-03-23,8,9,0.8888888888888888
E01,83,2026-03-24,8,9,0.8888888888888888
E01,84,2026-03-25,8,9,0.8888888888888888
E01,85,2026-03-26,8,9,0.8888888888888888
E01,86,2026-03-27,8,9,0.8888888888888888
E01,87,2026-03-28,8,9,0.8888888888888888
E01,88,2026-03-29,8,9,0.8888888888888888
E01,89,2026-03-30,8,9,0.8888888888888888
E01,90,2026-03-31,8,9,0.8888888888888888
E01,91,2026-04-01,8,9,0.8888888888888888
E01,92,2026-04-02,8,9,0.8888888888888888
E01,93,2026-04-03,8,9,0.8888888888888888
E01,94,2026-04-04,9,9,1.0
E01,95,2026-04-05,9,9,1.0
E01,96,2026-04-06,18,9,2.0
E01,97,2026-04-07,18,9,2.0
E01,98,2026-04-08,18,9,2.0
E01,99,2026-04-09,18,9,2.0
E01,100,2026-04-10,18,9,2.0
E01,101,2026-04-11,18,9,2.0
E01,102,2026-04-12,18,9,2.0
E01,103,2026-04-13,18,9,2.0
E01,104,2026-04-14,10,9,1.1111111111111112
E01,105,2026-04-15,10,9,1.1111111111111112
E01,106,2026-04-16,10,9,1.1111111111111112
E01,107,2026-04-17,10,9,1.1111111111111112
E01,108,2026-04-18,10,9,1.1111111111111112
E01,109,2026-04-19,10,9,1.1111111111111112
E01,110,2026-04-20,10,9,1.1111111111111112
E01,111,2026-04-21,10,9,1.1111111111111112
E01,112,2026-04-22,10,9,1.1111111111111112
E01,113,2026-04-23,10,9,1.1111111111111112
E01,114,2026-04-24,10,9,1.1111111111111112
E01,115,2026-04-25,10,9,1.1111111111111112
E01,116,2026-04-26,10,9,1.1111111111111112
E01,117,2026-04-27,10,9,1.1111111111111112
E01,118,2026-04-28,10,9,1.1111111111111112
E01,119,2026-04-29,10,9,1.1111111111111112
E01,120,2026-04-30,19,9,2.111111111111111
E01,121,2026-05-01,19,9,2.111111111111111
E01,122,2026-05-02,10,9,1.1111111111111112
E01,123,2026-05-03,10,9,1.1111111111111112
E01,124,2026-05-04,10,9,1.1111111111111112
E01,125,2026-05-05,10,9,1.1111111111111112
E01,126,2026-05-06,10,9,1.1111111111111112
E01,127,2026-05-07,10,9,1.1111111111111112
E01,128,2026-05-08,10,9,1.1111111111111112
E01,129,2026-05-09,10,9,1.1111111111111112
E01,130,2026-05-10,10,9,1.1111111111111112
E01,131,2026-05-11,0,9,0.0
E01,132,2026-05-12,0,9,0.0
E01,133,2026-05-13,0,9,0.0
E01,134,2026-05-14,0,9,0.0
E01,135,2026-05-15,0,9,0.0
E01,136,2026-05-16,0,9,0.0
E01,137,2026-05-17,0,9,0.0
E01,138,2026-05-18,0,9,0.0
E01,139,2026-05-19,11,9,1.2222222222222223
E01,140,2026-05-20,0,9,0.0
E01,141,2026-05-21,0,9,0.0
E01,142,2026-05-22,0,9,0.0
E01,143,2026-05-23,0,9,0.0
E01,144,2026-05-24,0,9,0.0
E01,145,2026-05-25,0,9,0.0
E01,146,2026-05-26,1,9,0.1111111111111111
E01,147,2026-05-27,7,9,0.7777777777777778
E01,148,2026-05-28,7,9,0.7777777777777778
E01,149,2026-05-29,3,9,0.3333333333333333
E01,150,2026-05-30,1,9,0.1111111111111111
E01,151,2026-05-31,1,9,0.1111111111111111
E01,152,2026-06-01,1,9,0.1111111111111111
E01,153,2026-06-02,2,9,0.2222222222222222
E01,154,2026-06-03,2,9,0.2222222222222222
E01,155,2026-06-04,2,9,0.2222222222222222
E01,156,2026-06-05,2,9,0.2222222222222222
E01,157,2026-06-06,2,9,0.2222222222222222
E01,158,2026-06-07,2,9,0.2222222222222222
E01,159,2026-06-08,1,9,0.1111111111111111
E01,160,2026-06-09,1,9,0.1111111111111111
E01,161,2026-06-10,1,9,0.1111111111111111
E01,162,2026-06-11,1,9,0.1111111111111111
E01,163,2026-06-12,0,9,0.0
E01,164,2026-06-13,0,9,0.0
E01,165,2026-06-14,0,9,0.0
E02,5,2026-01-05,0,9,0.0
E02,6,2026-01-06,0,9,0.0
E02,7,2026-01-07,0,9,0.0
E02,8,2026-01-08,1,9,0.1111111111111111
E02,9,2026-01-09,2,9,0.2222222222222222
E02,10,2026-01-10,2,9,0.2222222222222222
E02,11,2026-01-11,2,9,0.2222222222222222
E02,12,2026-01-12,2,9,0.2222222222222222
E02,13,2026-01-13,2,9,0.2222222222222222
E02,14,2026-01-14,2,9,0.2222222222222222
E02,15,2026-01-15,2,9,0.2222222222222222
E02,16,2026-01-16,2,9,0.2222222222222222
E02,17,2026-01-17,2,9,0.2222222222222222
E02,18,2026-01-18,2,9,0.2222222222222222
E02,19,2026-01-19,2,9,0.2222222222222222
E02,20,2026-01-20,12,9,1.3333333333333333
E02,21,2026-01-21,12,9,1.3333333333333333
E02,22,2026-01-22,12,9,1.3333333333333333
E02,23,2026-01-23,12,9,1.3333333333333333
E02,24,2026-01-24,12,9,1.3333333333333333
E02,25,2026-01-25,12,9,1.3333333333333333
E02,26,2026-01-26,12,9,1.3333333333333333
E02,27,2026-01-27,12,9,1.3333333333333333
E02,28,2026-01-28,2,9,0.2222222222222222
E02,29,2026-01-29,3,9,0.3333333333333333
E02,30,2026-01-30,3,9,0.3333333333333333
E02,31,2026-01-31,3,9,0.3333333333333333
E02,32,2026-02-01,3,9,0.3333333333333333
E02,33,2026-02-02,3,9,0.3333333333333333
E02,34,2026-02-03,9,9,1.0
E02,35,2026-02-04,8,9,0.8888888888888888
E02,36,2026-02-05,6,9,0.6666666666666666
E02,37,2026-02-06,6,9,0.6666666666666666
E02,38,2026-02-07,6,9,0.6666666666666666
E02,39,2026-02-08,6,9,0.6666666666666666
E02,40,2026-02-09,6,9,0.6666666666666666
E02,41,2026-02-10,6,9,0.6666666666666666
E02,42,2026-02-11,6,9,0.6666666666666666
E02,43,2026-02-12,6,9,0.6666666666666666
E02,44,2026-02-13,6,9,0.6666666666666666
E02,45,2026-02-14,6,9,0.6666666666666666
E02,46,2026-02-15,6,9,0.6666666666666666
E02,47,2026-02-16,6,9,0.6666666666666666
E02,48,2026-02-17,6,9,0.6666666666666666
E02,49,2026-02-18,6,9,0.6666666666666666
E02,50,2026-02-19,6,9,0.6666666666666666
E02,51,2026-02-20,6,9,0.6666666666666666
E02,52,2026-02-21,6,9,0.6666666666666666
E02,53,2026-02-22,6,9,0.6666666666666666
E02,54,2026-02-23,6,9,0.6666666666666666
E02,55,2026-02-24,6,9,0.6666666666666666
E02,56,2026-02-25,6,9,0.6666666666666666
E02,57,2026-02-26,6,9,0.6666666666666666
E02,58,2026-02-27,6,9,0.6666666666666666
E02,59,2026-02-28,6,9,0.6666666666666666
E02,60,2026-03-01,6,9,0.6666666666666666
E02,61,2026-03-02,6,9,0.6666666666666666
E02,62,2026-03-03,6,9,0.6666666666666666
E02,63,2026-03-04,6,9,0.6666666666666666
E02,64,2026-03-05,6,9,0.6666666666666666
E02,65,2026-03-06,10,9,1.1111111111111112
E02,66,2026-03-07,4,9,0.4444444444444444
E02,67,2026-03-08,4,9,0.4444444444444444
E02,68,2026-03-09,4,9,0.4444444444444444
E02,69,2026-03-10,0,9,0.0
E02,70,2026-03-11,6,9,0.6666666666666666
E02,71,2026-03-12,11,9,1.2222222222222223
E02,72,2026-03-13,11,9,1.2222222222222223
E02,73,2026-03-14,11,9,1.2222222222222223
E02,74,2026-03-15,11,9,1.2222222222222223
E02,75,2026-03-16,11,9,1.2222222222222223
E02,76,2026-03-17,20,9,2.2222222222222223
E02,77,2026-03-18,14,9,1.5555555555555556
E02,78,2026-03-19,24,9,2.6666666666666665
E02,79,2026-03-20,24,9,2.6666666666666665
E02,80,2026-03-21,24,9,2.6666666666666665
E02,81,2026-03-22,24,9,2.6666666666666665
E02,82,2026-03-23,24,9,2.6666666666666665
E02,83,2026-03-24,24,9,2.6666666666666665
E02,84,2026-03-25,24,9,2.6666666666666665
E02,85,2026-03-26,24,9,2.6666666666666665
E02,86,2026-03-27,24,9,2.6666666666666665
E02,87,2026-03-28,24,9,2.6666666666666665
E02,88,2026-03-29,24,9,2.6666666666666665
E02,89,2026-03-30,24,9,2.6666666666666665
E02,90,2026-03-31,24,9,2.6666666666666665
E02,91,2026-04-01,24,9,2.6666666666666665
E02,92,2026-04-02,15,9,1.6666666666666667
E02,93,2026-04-03,15,9,1.6666666666666667
E02,94,2026-04-04,15,9,1.6666666666666667
E02,95,2026-04-05,15,9,1.6666666666666667
E02,96,2026-04-06,15,9,1.6666666666666667
E02,97,2026-04-07,15,9,1.6666666666666667
E02,98,2026-04-08,15,9,1.6666666666666667
E02,99,2026-04-09,15,9,1.6666666666666667
E02,100,2026-04-10,15,9,1.6666666666666667
E02,101,2026-04-11,15,9,1.6666666666666667
E02,102,2026-04-12,15,9,1.6666666666666667
E02,103,2026-04-13,15,9,1.6666666666666667
E02,104,2026-04-14,6,9,0.6666666666666666
E02,105,2026-04-15,6,9,0.6666666666666666
E02,106,2026-04-16,6,9,0.6666666666666666
E02,107,2026-04-17,6,9,0.6666666666666666
E02,108,2026-04-18,6,9,0.6666666666666666
E02,109,2026-04-19,6,9,0.6666666666666666
E02,110,2026-04-20,6,9,0.6666666666666666
E02,111,2026-04-21,6,9,0.6666666666666666
E02,112,2026-04-22,0,9,0.0
E02,113,2026-04-23,10,9,1.1111111111111112
E02,114,2026-04-24,0,9,0.0
E02,115,2026-04-25,0,9,0.0
E02,116,2026-04-26,0,9,0.0
E02,117,2026-04-27,0,9,0.0
E02,118,2026-04-28,0,9,0.0
E02,119,2026-04-29,0,9,0.0
E02,120,2026-04-30,0,9,0.0
E02,121,2026-05-01,0,9,0.0
E02,122,2026-05-02,0,9,0.0
E02,123,2026-05-03,0,9,0.0
E02,124,2026-05-04,0,9,0.0
E02,125,2026-05-05,0,9,0.0
E02,126,2026-05-06,0,9,0.0
E02,127,2026-05-07,0,9,0.0
E02,128,2026-05-08,0,9,0.0
E02,129,2026-05-09,0,9,0.0
E02,130,2026-05-10,0,9,0.0
E02,131,2026-05-11,1,9,0.1111111111111111
E02,132,2026-05-12,11,9,1.2222222222222223
E02,133,2026-05-13,11,9,1.2222222222222223
E02,134,2026-05-14,0,9,0.0
E02,135,2026-05-15,0,9,0.0
E02,136,2026-05-16,0,9,0.0
E02,137,2026-05-17,0,9,0.0
E02,138,2026-05-18,0,9,0.0
E02,139,2026-05-19,5,9,0.5555555555555556
E02,140,2026-05-20,8,9,0.8888888888888888
E02,141,2026-05-21,0,9,0.0
E02,142,2026-05-22,0,9,0.0
E02,143,2026-05-23,0,9,0.0
E02,144,2026-05-24,0,9,0.0
E02,145,2026-05-25,0,9,0.0
E02,146,2026-05-26,0,9,0.0
E02,147,2026-05-27,0,9,0.0
E02,148,2026-05-28,2,9,0.2222222222222222
E02,149,2026-05-29,4,9,0.4444444444444444
E02,150,2026-05-30,1,9,0.1111111111111111
E02,151,2026-05-31,1,9,0.1111111111111111
E02,152,2026-06-01,1,9,0.1111111111111111
E02,153,2026-06-02,1,9,0.1111111111111111
E02,154,2026-06-03,1,9,0.1111111111111111
E02,155,2026-06-04,1,9,0.1111111111111111
E02,156,2026-06-05,1,9,0.1111111111111111
E02,157,2026-06-06,1,9,0.1111111111111111
E02,158,2026-06-07,1,9,0.1111111111111111
E02,159,2026-06-08,1,9,0.1111111111111111
E02,160,2026-06-09,1,9,0.1111111111111111
E02,161,2026-06-10,0,9,0.0
E02,162,2026-06-11,0,9,0.0
E02,163,2026-06-12,0,9,0.0
E02,164,2026-06-13,0,9,0.0
E02,165,2026-06-14,0,9,0.0
E03,5,2026-01-05,0,21,0.0
E03,6,2026-01-06,0,21,0.0
E03,7,2026-01-07,0,21,0.0
E03,8,2026-01-08,0,21,0.0
E03,9,2026-01-09,0,21,0.0
E03,10,2026-01-10,0,21,0.0
E03,11,2026-01-11,0,21,0.0
E03,12,2026-01-12,0,21,0.0
E03,13,2026-01-13,0,21,0.0
E03,14,2026-01-14,0,21,0.0
E03,15,2026-01-15,0,21,0.0
E03,16,2026-01-16,0,21,0.0
E03,17,2026-01-17,0,21,0.0
E03,18,2026-01-18,0,21,0.0
E03,19,2026-01-19,0,21,0.0
E03,20,2026-01-20,1,21,0.047619047619047616
E03,21,2026-01-21,1,21,0.047619047619047616
E03,22,2026-01-22,1,21,0.047619047619047616
E03,23,2026-01-23,1,21,0.047619047619047616
E03,24,2026-01-24,1,21,0.047619047619047616
E03,25,2026-01-25,1,21,0.047619047619047616
E03,26,2026-01-26,1,21,0.047619047619047616
E03,27,2026-01-27,1,21,0.047619047619047616
E03,28,2026-01-28,1,21,0.047619047619047616
E03,29,2026-01-29,1,21,0.047619047619047616
E03,30,2026-01-30,0,21,0.0
E03,31,2026-01-31,0,21,0.0
E03,32,2026-02-01,0,21,0.0
E03,33,2026-02-02,0,21,0.0
E03,34,2026-02-03,0,21,0.0
E03,35,2026-02-04,3,21,0.14285714285714285
E03,36,2026-02-05,11,21,0.5238095238095238
E03,37,2026-02-06,12,21,0.5714285714285714
E03,38,2026-02-07,12,21,0.5714285714285714
E03,39,2026-02-08,12,21,0.5714285714285714
E03,40,2026-02-09,12,21,0.5714285714285714
E03,41,2026-02-10,12,21,0.5714285714285714
E03,42,2026-02-11,1,21,0.047619047619047616
E03,43,2026-02-12,1,21,0.047619047619047616
E03,44,2026-02-13,1,21,0.047619047619047616
E03,45,2026-02-14,1,21,0.047619047619047616
E03,46,2026-02-15,1,21,0.047619047619047616
E03,47,2026-02-16,1,21,0.047619047619047616
E03,48,2026-02-17,1,21,0.047619047619047616
E03,49,2026-02-18,1,21,0.047619047619047616
E03,50,2026-02-19,1,21,0.047619047619047616
E03,51,2026-02-20,1,21,0.047619047619047616
E03,52,2026-02-21,1,21,0.047619047619047616
E03,53,2026-02-22,1,21,0.047619047619047616
E03,54,2026-02-23,1,21,0.047619047619047616
E03,55,2026-02-24,9,21,0.42857142857142855
E03,56,2026-02-25,9,21,0.42857142857142855
E03,57,2026-02-26,12,21,0.5714285714285714
E03,58,2026-02-27,12,21,0.5714285714285714
E03,59,2026-02-28,1,21,0.047619047619047616
E03,60,2026-03-01,1,21,0.047619047619047616
E03,61,2026-03-02,1,21,0.047619047619047616
E03,62,2026-03-03,0,21,0.0
E03,63,2026-03-04,0,21,0.0
E03,64,2026-03-05,0,21,0.0
E03,65,2026-03-06,7,21,0.3333333333333333
E03,66,2026-03-07,7,21,0.3333333333333333
E03,67,2026-03-08,7,21,0.3333333333333333
E03,68,2026-03-09,7,21,0.3333333333333333
E03,69,2026-03-10,0,21,0.0
E03,70,2026-03-11,0,21,0.0
E03,71,2026-03-12,0,21,0.0
E03,72,2026-03-13,20,21,0.9523809523809523
E03,73,2026-03-14,20,21,0.9523809523809523
E03,74,2026-03-15,20,21,0.9523809523809523
E03,75,2026-03-16,20,21,0.9523809523809523
E03,76,2026-03-17,20,21,0.9523809523809523
E03,77,2026-03-18,20,21,0.9523809523809523
E03,78,2026-03-19,20,21,0.9523809523809523
E03,79,2026-03-20,20,21,0.9523809523809523
E03,80,2026-03-21,20,21,0.9523809523809523
E03,81,2026-03-22,20,21,0.9523809523809523
E03,82,2026-03-23,9,21,0.42857142857142855
E03,83,2026-03-24,9,21,0.42857142857142855
E03,84,2026-03-25,9,21,0.42857142857142855
E03,85,2026-03-26,9,21,0.42857142857142855
E03,86,2026-03-27,9,21,0.42857142857142855
E03,87,2026-03-28,9,21,0.42857142857142855
E03,88,2026-03-29,9,21,0.42857142857142855
E03,89,2026-03-30,9,21,0.42857142857142855
E03,90,2026-03-31,9,21,0.42857142857142855
E03,91,2026-04-01,9,21,0.42857142857142855
E03,92,2026-04-02,9,21,0.42857142857142855
E03,93,2026-04-03,0,21,0.0
E03,94,2026-04-04,0,21,0.0
E03,95,2026-04-05,0,21,0.0
E03,96,2026-04-06,0,21,0.0
E03,97,2026-04-07,0,21,0.0
E03,98,2026-04-08,0,21,0.0
E03,99,2026-04-09,0,21,0.0
E03,100,2026-04-10,0,21,0.0
E03,101,2026-04-11,0,21,0.0
E03,102,2026-04-12,0,21,0.0
E03,103,2026-04-13,0,21,0.0
E03,104,2026-04-14,0,21,0.0
E03,105,2026-04-15,0,21,0.0
E03,106,2026-04-16,0,21,0.0
E03,107,2026-04-17,0,21,0.0
E03,108,2026-04-18,0,21,0.0
E03,109,2026-04-19,0,21,0.0
E03,110,2026-04-20,0,21,0.0
E03,111,2026-04-21,7,21,0.3333333333333333
E03,112,2026-04-22,6,21,0.2857142857142857
E03,113,2026-04-23,1,21,0.047619047619047616
E03,114,2026-04-24,1,21,0.047619047619047616
E03,115,2026-04-25,1,21,0.047619047619047616
E03,116,2026-04-26,1,21,0.047619047619047616
E03,117,2026-04-27,0,21,0.0
E03,118,2026-04-28,0,21,0.0
E03,119,2026-04-29,0,21,0.0
E03,120,2026-04-30,0,21,0.0
E03,121,2026-05-01,0,21,0.0
E03,122,2026-05-02,0,21,0.0
E03,123,2026-05-03,0,21,0.0
E03,124,2026-05-04,0,21,0.0
E03,125,2026-05-05,0,21,0.0
E03,126,2026-05-06,0,21,0.0
E03,127,2026-05-07,0,21,0.0
E03,128,2026-05-08,0,21,0.0
E03,129,2026-05-09,0,21,0.0
E03,130,2026-05-10,0,21,0.0
E03,131,2026-05-11,0,21,0.0
E03,132,2026-05-12,2,21,0.09523809523809523
E03,133,2026-05-13,0,21,0.0
E03,134,2026-05-14,0,21,0.0
E03,135,2026-05-15,0,21,0.0
E03,136,2026-05-16,0,21,0.0
E03,137,2026-05-17,0,21,0.0
E03,138,2026-05-18,0,21,0.0
E03,139,2026-05-19,0,21,0.0
E03,140,2026-05-20,3,21,0.14285714285714285
E03,141,2026-05-21,0,21,0.0
E03,142,2026-05-22,0,21,0.0
E03,143,2026-05-23,0,21,0.0
E03,144,2026-05-24,0,21,0.0
E03,145,2026-05-25,0,21,0.0
E03,146,2026-05-26,2,21,0.09523809523809523
E03,147,2026-05-27,9,21,0.42857142857142855
E03,148,2026-05-28,10,21,0.47619047619047616
E03,149,2026-05-29,9,21,0.42857142857142855
E03,150,2026-05-30,6,21,0.2857142857142857
E03,151,2026-05-31,6,21,0.2857142857142857
E03,152,2026-06-01,6,21,0.2857142857142857
E03,153,2026-06-02,10,21,0.47619047619047616
E03,154,2026-06-03,16,21,0.7619047619047619
E03,155,2026-06-04,17,21,0.8095238095238095
E03,156,2026-06-05,17,21,0.8095238095238095
E03,157,2026-06-06,17,21,0.8095238095238095
E03,158,2026-06-07,17,21,0.8095238095238095
E03,159,2026-06-08,17,21,0.8095238095238095
E03,160,2026-06-09,17,21,0.8095238095238095
E03,161,2026-06-10,17,21,0.8095238095238095
E03,162,2026-06-11,5,21,0.23809523809523808
E03,163,2026-06-12,0,21,0.0
E03,164,2026-06-13,0,21,0.0
E03,165,2026-06-14,0,21,0.0
E04,5,2026-01-05,0,21,0.0
E04,6,2026-01-06,0,21,0.0
E04,7,2026-01-07,0,21,0.0
E04,8,2026-01-08,0,21,0.0
E04,9,2026-01-09,0,21,0.0
E04,10,2026-01-10,0,21,0.0
E04,11,2026-01-11,0,21,0.0
E04,12,2026-01-12,0,21,0.0
E04,13,2026-01-13,0,21,0.0
E04,14,2026-01-14,0,21,0.0
E04,15,2026-01-15,0,21,0.0
E04,16,2026-01-16,0,21,0.0
E04,17,2026-01-17,0,21,0.0
E04,18,2026-01-18,0,21,0.0
E04,19,2026-01-19,0,21,0.0
E04,20,2026-01-20,0,21,0.0
E04,21,2026-01-21,0,21,0.0
E04,22,2026-01-22,0,21,0.0
E04,23,2026-01-23,0,21,0.0
E04,24,2026-01-24,0,21,0.0
E04,25,2026-01-25,0,21,0.0
E04,26,2026-01-26,0,21,0.0
E04,27,2026-01-27,0,21,0.0
E04,28,2026-01-28,0,21,0.0
E04,29,2026-01-29,0,21,0.0
E04,30,2026-01-30,0,21,0.0
E04,31,2026-01-31,0,21,0.0
E04,32,2026-02-01,0,21,0.0
E04,33,2026-02-02,0,21,0.0
E04,34,2026-02-03,0,21,0.0
E04,35,2026-02-04,0,21,0.0
E04,36,2026-02-05,0,21,0.0
E04,37,2026-02-06,6,21,0.2857142857142857
E04,38,2026-02-07,6,21,0.2857142857142857
E04,39,2026-02-08,6,21,0.2857142857142857
E04,40,2026-02-09,6,21,0.2857142857142857
E04,41,2026-02-10,6,21,0.2857142857142857
E04,42,2026-02-11,6,21,0.2857142857142857
E04,43,2026-02-12,0,21,0.0
E04,44,2026-02-13,0,21,0.0
E04,45,2026-02-14,0,21,0.0
E04,46,2026-02-15,0,21,0.0
E04,47,2026-02-16,0,21,0.0
E04,48,2026-02-17,0,21,0.0
E04,49,2026-02-18,0,21,0.0
E04,50,2026-02-19,0,21,0.0
E04,51,2026-02-20,1,21,0.047619047619047616
E04,52,2026-02-21,13,21,0.6190476190476191
E04,53,2026-02-22,13,21,0.6190476190476191
E04,54,2026-02-23,13,21,0.6190476190476191
E04,55,2026-02-24,0,21,0.0
E04,56,2026-02-25,0,21,0.0
E04,57,2026-02-26,0,21,0.0
E04,58,2026-02-27,0,21,0.0
E04,59,2026-02-28,0,21,0.0
E04,60,2026-03-01,0,21,0.0
E04,61,2026-03-02,0,21,0.0
E04,62,2026-03-03,0,21,0.0
E04,63,2026-03-04,0,21,0.0
E04,64,2026-03-05,13,21,0.6190476190476191
E04,65,2026-03-06,18,21,0.8571428571428571
E04,66,2026-03-07,18,21,0.8571428571428571
E04,67,2026-03-08,18,21,0.8571428571428571
E04,68,2026-03-09,11,21,0.5238095238095238
E04,69,2026-03-10,0,21,0.0
E04,70,2026-03-11,0,21,0.0
E04,71,2026-03-12,0,21,0.0
E04,72,2026-03-13,0,21,0.0
E04,73,2026-03-14,0,21,0.0
E04,74,2026-03-15,0,21,0.0
E04,75,2026-03-16,0,21,0.0
E04,76,2026-03-17,0,21,0.0
E04,77,2026-03-18,0,21,0.0
E04,78,2026-03-19,0,21,0.0
E04,79,2026-03-20,0,21,0.0
E04,80,2026-03-21,0,21,0.0
E04,81,2026-03-22,0,21,0.0
E04,82,2026-03-23,0,21,0.0
E04,83,2026-03-24,0,21,0.0
E04,84,2026-03-25,0,21,0.0
E04,85,2026-03-26,0,21,0.0
E04,86,2026-03-27,0,21,0.0
E04,87,2026-03-28,0,21,0.0
E04,88,2026-03-29,0,21,0.0
E04,89,2026-03-30,0,21,0.0
E04,90,2026-03-31,0,21,0.0
E04,91,2026-04-01,0,21,0.0
E04,92,2026-04-02,0,21,0.0
E04,93,2026-04-03,0,21,0.0
E04,94,2026-04-04,2,21,0.09523809523809523
E04,95,2026-04-05,2,21,0.09523809523809523
E04,96,2026-04-06,15,21,0.7142857142857143
E04,97,2026-04-07,15,21,0.7142857142857143
E04,98,2026-04-08,15,21,0.7142857142857143
E04,99,2026-04-09,1,21,0.047619047619047616
E04,100,2026-04-10,1,21,0.047619047619047616
E04,101,2026-04-11,1,21,0.047619047619047616
E04,102,2026-04-12,1,21,0.047619047619047616
E04,103,2026-04-13,1,21,0.047619047619047616
E04,104,2026-04-14,0,21,0.0
E04,105,2026-04-15,0,21,0.0
E04,106,2026-04-16,0,21,0.0
E04,107,2026-04-17,0,21,0.0
E04,108,2026-04-18,0,21,0.0
E04,109,2026-04-19,0,21,0.0
E04,110,2026-04-20,0,21,0.0
E04,111,2026-04-21,0,21,0.0
E04,112,2026-04-22,0,21,0.0
E04,113,2026-04-23,0,21,0.0
E04,114,2026-04-24,0,21,0.0
E04,115,2026-04-25,0,21,0.0
E04,116,2026-04-26,0,21,0.0
E04,117,2026-04-27,0,21,0.0
E04,118,2026-04-28,0,21,0.0
E04,119,2026-04-29,0,21,0.0
E04,120,2026-04-30,0,21,0.0
E04,121,2026-05-01,0,21,0.0
E04,122,2026-05-02,0,21,0.0
E04,123,2026-05-03,0,21,0.0
E04,124,2026-05-04,0,21,0.0
E04,125,2026-05-05,0,21,0.0
E04,126,2026-05-06,0,21,0.0
E04,127,2026-05-07,0,21,0.0
E04,128,2026-05-08,15,21,0.7142857142857143
E04,129,2026-05-09,1,21,0.047619047619047616
E04,130,2026-05-10,1,21,0.047619047619047616
E04,131,2026-05-11,0,21,0.0
E04,132,2026-05-12,5,21,0.23809523809523808
E04,133,2026-05-13,5,21,0.23809523809523808
E04,134,2026-05-14,7,21,0.3333333333333333
E04,135,2026-05-15,7,21,0.3333333333333333
E04,136,2026-05-16,0,21,0.0
E04,137,2026-05-17,0,21,0.0
E04,138,2026-05-18,6,21,0.2857142857142857
E04,139,2026-05-19,1,21,0.047619047619047616
E04,140,2026-05-20,0,21,0.0
E04,141,2026-05-21,14,21,0.6666666666666666
E04,142,2026-05-22,14,21,0.6666666666666666
E04,143,2026-05-23,14,21,0.6666666666666666
E04,144,2026-05-24,14,21,0.6666666666666666
E04,145,2026-05-25,14,21,0.6666666666666666
E04,146,2026-05-26,0,21,0.0
E04,147,2026-05-27,0,21,0.0
E04,148,2026-05-28,0,21,0.0
E04,149,2026-05-29,0,21,0.0
E04,150,2026-05-30,0,21,0.0
E04,151,2026-05-31,0,21,0.0
E04,152,2026-06-01,0,21,0.0
E04,153,2026-06-02,0,21,0.0
E04,154,2026-06-03,0,21,0.0
E04,155,2026-06-04,0,21,0.0
E04,156,2026-06-05,0,21,0.0
E04,157,2026-06-06,0,21,0.0
E04,158,2026-06-07,0,21,0.0
E04,159,2026-06-08,0,21,0.0
E04,160,2026-06-09,0,21,0.0
E04,161,2026-06-10,0,21,0.0
E04,162,2026-06-11,0,21,0.0
E04,163,2026-06-12,0,21,0.0
E04,164,2026-06-13,0,21,0.0
E04,165,2026-06-14,0,21,0.0
E05,5,2026-01-05,0,21,0.0
E05,6,2026-01-06,0,21,0.0
E05,7,2026-01-07,0,21,0.0
E05,8,2026-01-08,0,21,0.0
E05,9,2026-01-09,0,21,0.0
E05,10,2026-01-10,0,21,0.0
E05,11,2026-01-11,0,21,0.0
E05,12,2026-01-12,0,21,0.0
E05,13,2026-01-13,0,21,0.0
E05,14,2026-01-14,0,21,0.0
E05,15,2026-01-15,0,21,0.0
E05,16,2026-01-16,0,21,0.0
E05,17,2026-01-17,0,21,0.0
E05,18,2026-01-18,0,21,0.0
E05,19,2026-01-19,0,21,0.0
E05,20,2026-01-20,0,21,0.0
E05,21,2026-01-21,0,21,0.0
E05,22,2026-01-22,0,21,0.0
E05,23,2026-01-23,0,21,0.0
E05,24,2026-01-24,0,21,0.0
E05,25,2026-01-25,0,21,0.0
E05,26,2026-01-26,0,21,0.0
E05,27,2026-01-27,0,21,0.0
E05,28,2026-01-28,0,21,0.0
E05,29,2026-01-29,0,21,0.0
E05,30,2026-01-30,1,21,0.047619047619047616
E05,31,2026-01-31,1,21,0.047619047619047616
E05,32,2026-02-01,1,21,0.047619047619047616
E05,33,2026-02-02,1,21,0.047619047619047616
E05,34,2026-02-03,1,21,0.047619047619047616
E05,35,2026-02-04,0,21,0.0
E05,36,2026-02-05,0,21,0.0
E05,37,2026-02-06,0,21,0.0
E05,38,2026-02-07,0,21,0.0
E05,39,2026-02-08,0,21,0.0
E05,40,2026-02-09,0,21,0.0
E05,41,2026-02-10,0,21,0.0
E05,42,2026-02-11,0,21,0.0
E05,43,2026-02-12,0,21,0.0
E05,44,2026-02-13,0,21,0.0
E05,45,2026-02-14,0,21,0.0
E05,46,2026-02-15,0,21,0.0
E05,47,2026-02-16,0,21,0.0
E05,48,2026-02-17,0,21,0.0
E05,49,2026-02-18,0,21,0.0
E05,50,2026-02-19,0,21,0.0
E05,51,2026-02-20,5,21,0.23809523809523808
E05,52,2026-02-21,5,21,0.23809523809523808
E05,53,2026-02-22,5,21,0.23809523809523808
E05,54,2026-02-23,5,21,0.23809523809523808
E05,55,2026-02-24,0,21,0.0
E05,56,2026-02-25,0,21,0.0
E05,57,2026-02-26,0,21,0.0
E05,58,2026-02-27,0,21,0.0
E05,59,2026-02-28,0,21,0.0
E05,60,2026-03-01,0,21,0.0
E05,61,2026-03-02,0,21,0.0
E05,62,2026-03-03,0,21,0.0
E05,63,2026-03-04,10,21,0.47619047619047616
E05,64,2026-03-05,16,21,0.7619047619047619
E05,65,2026-03-06,16,21,0.7619047619047619
E05,66,2026-03-07,16,21,0.7619047619047619
E05,67,2026-03-08,16,21,0.7619047619047619
E05,68,2026-03-09,0,21,0.0
E05,69,2026-03-10,0,21,0.0
E05,70,2026-03-11,0,21,0.0
E05,71,2026-03-12,0,21,0.0
E05,72,2026-03-13,12,21,0.5714285714285714
E05,73,2026-03-14,12,21,0.5714285714285714
E05,74,2026-03-15,12,21,0.5714285714285714
E05,75,2026-03-16,12,21,0.5714285714285714
E05,76,2026-03-17,12,21,0.5714285714285714
E05,77,2026-03-18,12,21,0.5714285714285714
E05,78,2026-03-19,12,21,0.5714285714285714
E05,79,2026-03-20,12,21,0.5714285714285714
E05,80,2026-03-21,12,21,0.5714285714285714
E05,81,2026-03-22,12,21,0.5714285714285714
E05,82,2026-03-23,12,21,0.5714285714285714
E05,83,2026-03-24,12,21,0.5714285714285714
E05,84,2026-03-25,12,21,0.5714285714285714
E05,85,2026-03-26,12,21,0.5714285714285714
E05,86,2026-03-27,12,21,0.5714285714285714
E05,87,2026-03-28,12,21,0.5714285714285714
E05,88,2026-03-29,12,21,0.5714285714285714
E05,89,2026-03-30,12,21,0.5714285714285714
E05,90,2026-03-31,12,21,0.5714285714285714
E05,91,2026-04-01,12,21,0.5714285714285714
E05,92,2026-04-02,12,21,0.5714285714285714
E05,93,2026-04-03,12,21,0.5714285714285714
E05,94,2026-04-04,12,21,0.5714285714285714
E05,95,2026-04-05,12,21,0.5714285714285714
E05,96,2026-04-06,12,21,0.5714285714285714
E05,97,2026-04-07,12,21,0.5714285714285714
E05,98,2026-04-08,12,21,0.5714285714285714
E05,99,2026-04-09,12,21,0.5714285714285714
E05,100,2026-04-10,12,21,0.5714285714285714
E05,101,2026-04-11,12,21,0.5714285714285714
E05,102,2026-04-12,12,21,0.5714285714285714
E05,103,2026-04-13,12,21,0.5714285714285714
E05,104,2026-04-14,12,21,0.5714285714285714
E05,105,2026-04-15,12,21,0.5714285714285714
E05,106,2026-04-16,12,21,0.5714285714285714
E05,107,2026-04-17,12,21,0.5714285714285714
E05,108,2026-04-18,12,21,0.5714285714285714
E05,109,2026-04-19,12,21,0.5714285714285714
E05,110,2026-04-20,9,21,0.42857142857142855
E05,111,2026-04-21,14,21,0.6666666666666666
E05,112,2026-04-22,14,21,0.6666666666666666
E05,113,2026-04-23,7,21,0.3333333333333333
E05,114,2026-04-24,7,21,0.3333333333333333
E05,115,2026-04-25,7,21,0.3333333333333333
E05,116,2026-04-26,7,21,0.3333333333333333
E05,117,2026-04-27,2,21,0.09523809523809523
E05,118,2026-04-28,2,21,0.09523809523809523
E05,119,2026-04-29,2,21,0.09523809523809523
E05,120,2026-04-30,0,21,0.0
E05,121,2026-05-01,0,21,0.0
E05,122,2026-05-02,0,21,0.0
E05,123,2026-05-03,0,21,0.0
E05,124,2026-05-04,0,21,0.0
E05,125,2026-05-05,0,21,0.0
E05,126,2026-05-06,0,21,0.0
E05,127,2026-05-07,0,21,0.0
E05,128,2026-05-08,0,21,0.0
E05,129,2026-05-09,0,21,0.0
E05,130,2026-05-10,0,21,0.0
E05,131,2026-05-11,0,21,0.0
E05,132,2026-05-12,0,21,0.0
E05,133,2026-05-13,0,21,0.0
E05,134,2026-05-14,1,21,0.047619047619047616
E05,135,2026-05-15,0,21,0.0
E05,136,2026-05-16,0,21,0.0
E05,137,2026-05-17,0,21,0.0
E05,138,2026-05-18,0,21,0.0
E05,139,2026-05-19,0,21,0.0
E05,140,2026-05-20,0,21,0.0
E05,141,2026-05-21,4,21,0.19047619047619047
E05,142,2026-05-22,4,21,0.19047619047619047
E05,143,2026-05-23,4,21,0.19047619047619047
E05,144,2026-05-24,4,21,0.19047619047619047
E05,145,2026-05-25,4,21,0.19047619047619047
E05,146,2026-05-26,4,21,0.19047619047619047
E05,147,2026-05-27,4,21,0.19047619047619047
E05,148,2026-05-28,4,21,0.19047619047619047
E05,149,2026-05-29,4,21,0.19047619047619047
E05,150,2026-05-30,1,21,0.047619047619047616
E05,151,2026-05-31,1,21,0.047619047619047616
E05,152,2026-06-01,1,21,0.047619047619047616
E05,153,2026-06-02,17,21,0.8095238095238095
E05,154,2026-06-03,25,21,1.1904761904761905
E05,155,2026-06-04,25,21,1.1904761904761905
E05,156,2026-06-05,25,21,1.1904761904761905
E05,157,2026-06-06,24,21,1.1428571428571428
E05,158,2026-06-07,24,21,1.1428571428571428
E05,159,2026-06-08,24,21,1.1428571428571428
E05,160,2026-06-09,24,21,1.1428571428571428
E05,161,2026-06-10,24,21,1.1428571428571428
E05,162,2026-06-11,24,21,1.1428571428571428
E05,163,2026-06-12,0,21,0.0
E05,164,2026-06-13,0,21,0.0
E05,165,2026-06-14,0,21,0.0
E06,5,2026-01-05,0,21,0.0
E06,6,2026-01-06,0,21,0.0
E06,7,2026-01-07,0,21,0.0
E06,8,2026-01-08,0,21,0.0
E06,9,2026-01-09,2,21,0.09523809523809523
E06,10,2026-01-10,2,21,0.09523809523809523
E06,11,2026-01-11,2,21,0.09523809523809523
E06,12,2026-01-12,10,21,0.47619047619047616
E06,13,2026-01-13,10,21,0.47619047619047616
E06,14,2026-01-14,10,21,0.47619047619047616
E06,15,2026-01-15,0,21,0.0
E06,16,2026-01-16,0,21,0.0
E06,17,2026-01-17,0,21,0.0
E06,18,2026-01-18,0,21,0.0
E06,19,2026-01-19,0,21,0.0
E06,20,2026-01-20,0,21,0.0
E06,21,2026-01-21,0,21,0.0
E06,22,2026-01-22,0,21,0.0
E06,23,2026-01-23,0,21,0.0
E06,24,2026-01-24,0,21,0.0
E06,25,2026-01-25,0,21,0.0
E06,26,2026-01-26,0,21,0.0
E06,27,2026-01-27,0,21,0.0
E06,28,2026-01-28,1,21,0.047619047619047616
E06,29,2026-01-29,1,21,0.047619047619047616
E06,30,2026-01-30,1,21,0.047619047619047616
E06,31,2026-01-31,0,21,0.0
E06,32,2026-02-01,0,21,0.0
E06,33,2026-02-02,0,21,0.0
E06,34,2026-02-03,0,21,0.0
E06,35,2026-02-04,0,21,0.0
E06,36,2026-02-05,0,21,0.0
E06,37,2026-02-06,0,21,0.0
E06,38,2026-02-07,0,21,0.0
E06,39,2026-02-08,0,21,0.0
E06,40,2026-02-09,0,21,0.0
E06,41,2026-02-10,0,21,0.0
E06,42,2026-02-11,0,21,0.0
E06,43,2026-02-12,3,21,0.14285714285714285
E06,44,2026-02-13,3,21,0.14285714285714285
E06,45,2026-02-14,3,21,0.14285714285714285
E06,46,2026-02-15,3,21,0.14285714285714285
E06,47,2026-02-16,3,21,0.14285714285714285
E06,48,2026-02-17,3,21,0.14285714285714285
E06,49,2026-02-18,3,21,0.14285714285714285
E06,50,2026-02-19,3,21,0.14285714285714285
E06,51,2026-02-20,3,21,0.14285714285714285
E06,52,2026-02-21,0,21,0.0
E06,53,2026-02-22,0,21,0.0
E06,54,2026-02-23,0,21,0.0
E06,55,2026-02-24,0,21,0.0
E06,56,2026-02-25,0,21,0.0
E06,57,2026-02-26,0,21,0.0
E06,58,2026-02-27,0,21,0.0
E06,59,2026-02-28,0,21,0.0
E06,60,2026-03-01,0,21,0.0
E06,61,2026-03-02,0,21,0.0
E06,62,2026-03-03,11,21,0.5238095238095238
E06,63,2026-03-04,15,21,0.7142857142857143
E06,64,2026-03-05,17,21,0.8095238095238095
E06,65,2026-03-06,17,21,0.8095238095238095
E06,66,2026-03-07,17,21,0.8095238095238095
E06,67,2026-03-08,17,21,0.8095238095238095
E06,68,2026-03-09,0,21,0.0
E06,69,2026-03-10,0,21,0.0
E06,70,2026-03-11,5,21,0.23809523809523808
E06,71,2026-03-12,11,21,0.5238095238095238
E06,72,2026-03-13,14,21,0.6666666666666666
E06,73,2026-03-14,14,21,0.6666666666666666
E06,74,2026-03-15,14,21,0.6666666666666666
E06,75,2026-03-16,14,21,0.6666666666666666
E06,76,2026-03-17,14,21,0.6666666666666666
E06,77,2026-03-18,14,21,0.6666666666666666
E06,78,2026-03-19,14,21,0.6666666666666666
E06,79,2026-03-20,14,21,0.6666666666666666
E06,80,2026-03-21,14,21,0.6666666666666666
E06,81,2026-03-22,14,21,0.6666666666666666
E06,82,2026-03-23,14,21,0.6666666666666666
E06,83,2026-03-24,14,21,0.6666666666666666
E06,84,2026-03-25,14,21,0.6666666666666666
E06,85,2026-03-26,14,21,0.6666666666666666
E06,86,2026-03-27,14,21,0.6666666666666666
E06,87,2026-03-28,14,21,0.6666666666666666
E06,88,2026-03-29,14,21,0.6666666666666666
E06,89,2026-03-30,14,21,0.6666666666666666
E06,90,2026-03-31,14,21,0.6666666666666666
E06,91,2026-04-01,14,21,0.6666666666666666
E06,92,2026-04-02,14,21,0.6666666666666666
E06,93,2026-04-03,14,21,0.6666666666666666
E06,94,2026-04-04,14,21,0.6666666666666666
E06,95,2026-04-05,14,21,0.6666666666666666
E06,96,2026-04-06,14,21,0.6666666666666666
E06,97,2026-04-07,14,21,0.6666666666666666
E06,98,2026-04-08,14,21,0.6666666666666666
E06,99,2026-04-09,14,21,0.6666666666666666
E06,100,2026-04-10,14,21,0.6666666666666666
E06,101,2026-04-11,14,21,0.6666666666666666
E06,102,2026-04-12,14,21,0.6666666666666666
E06,103,2026-04-13,14,21,0.6666666666666666
E06,104,2026-04-14,14,21,0.6666666666666666
E06,105,2026-04-15,14,21,0.6666666666666666
E06,106,2026-04-16,14,21,0.6666666666666666
E06,107,2026-04-17,14,21,0.6666666666666666
E06,108,2026-04-18,14,21,0.6666666666666666
E06,109,2026-04-19,14,21,0.6666666666666666
E06,110,2026-04-20,5,21,0.23809523809523808
E06,111,2026-04-21,5,21,0.23809523809523808
E06,112,2026-04-22,5,21,0.23809523809523808
E06,113,2026-04-23,1,21,0.047619047619047616
E06,114,2026-04-24,1,21,0.047619047619047616
E06,115,2026-04-25,1,21,0.047619047619047616
E06,116,2026-04-26,1,21,0.047619047619047616
E06,117,2026-04-27,1,21,0.047619047619047616
E06,118,2026-04-28,1,21,0.047619047619047616
E06,119,2026-04-29,1,21,0.047619047619047616
E06,120,2026-04-30,0,21,0.0
E06,121,2026-05-01,0,21,0.0
E06,122,2026-05-02,0,21,0.0
E06,123,2026-05-03,0,21,0.0
E06,124,2026-05-04,0,21,0.0
E06,125,2026-05-05,0,21,0.0
E06,126,2026-05-06,0,21,0.0
E06,127,2026-05-07,0,21,0.0
E06,128,2026-05-08,0,21,0.0
E06,129,2026-05-09,0,21,0.0
E06,130,2026-05-10,0,21,0.0
E06,131,2026-05-11,0,21,0.0
E06,132,2026-05-12,0,21,0.0
E06,133,2026-05-13,0,21,0.0
E06,134,2026-05-14,7,21,0.3333333333333333
E06,135,2026-05-15,12,21,0.5714285714285714
E06,136,2026-05-16,0,21,0.0
E06,137,2026-05-17,0,21,0.0
E06,138,2026-05-18,5,21,0.23809523809523808
E06,139,2026-05-19,0,21,0.0
E06,140,2026-05-20,0,21,0.0
E06,141,2026-05-21,0,21,0.0
E06,142,2026-05-22,0,21,0.0
E06,143,2026-05-23,0,21,0.0
E06,144,2026-05-24,0,21,0.0
E06,145,2026-05-25,0,21,0.0
E06,146,2026-05-26,0,21,0.0
E06,147,2026-05-27,0,21,0.0
E06,148,2026-05-28,0,21,0.0
E06,149,2026-05-29,0,21,0.0
E06,150,2026-05-30,0,21,0.0
E06,151,2026-05-31,0,21,0.0
E06,152,2026-06-01,0,21,0.0
E06,153,2026-06-02,0,21,0.0
E06,154,2026-06-03,0,21,0.0
E06,155,2026-06-04,0,21,0.0
E06,156,2026-06-05,0,21,0.0
E06,157,2026-06-06,0,21,0.0
E06,158,2026-06-07,0,21,0.0
E06,159,2026-06-08,0,21,0.0
E06,160,2026-06-09,0,21,0.0
E06,161,2026-06-10,0,21,0.0
E06,162,2026-06-11,0,21,0.0
E06,163,2026-06-12,0,21,0.0
E06,164,2026-06-13,0,21,0.0
E06,165,2026-06-14,0,21,0.0
E07,5,2026-01-05,0,21,0.0
E07,6,2026-01-06,0,21,0.0
E07,7,2026-01-07,0,21,0.0
E07,8,2026-01-08,0,21,0.0
E07,9,2026-01-09,0,21,0.0
E07,10,2026-01-10,0,21,0.0
E07,11,2026-01-11,0,21,0.0
E07,12,2026-01-12,0,21,0.0
E07,13,2026-01-13,0,21,0.0
E07,14,2026-01-14,0,21,0.0
E07,15,2026-01-15,0,21,0.0
E07,16,2026-01-16,0,21,0.0
E07,17,2026-01-17,0,21,0.0
E07,18,2026-01-18,0,21,0.0
E07,19,2026-01-19,0,21,0.0
E07,20,2026-01-20,0,21,0.0
E07,21,2026-01-21,0,21,0.0
E07,22,2026-01-22,0,21,0.0
E07,23,2026-01-23,0,21,0.0
E07,24,2026-01-24,0,21,0.0
E07,25,2026-01-25,0,21,0.0
E07,26,2026-01-26,0,21,0.0
E07,27,2026-01-27,0,21,0.0
E07,28,2026-01-28,0,21,0.0
E07,29,2026-01-29,0,21,0.0
E07,30,2026-01-30,0,21,0.0
E07,31,2026-01-31,0,21,0.0
E07,32,2026-02-01,0,21,0.0
E07,33,2026-02-02,0,21,0.0
E07,34,2026-02-03,0,21,0.0
E07,35,2026-02-04,0,21,0.0
E07,36,2026-02-05,0,21,0.0
E07,37,2026-02-06,0,21,0.0
E07,38,2026-02-07,0,21,0.0
E07,39,2026-02-08,0,21,0.0
E07,40,2026-02-09,0,21,0.0
E07,41,2026-02-10,0,21,0.0
E07,42,2026-02-11,0,21,0.0
E07,43,2026-02-12,0,21,0.0
E07,44,2026-02-13,0,21,0.0
E07,45,2026-02-14,0,21,0.0
E07,46,2026-02-15,0,21,0.0
E07,47,2026-02-16,0,21,0.0
E07,48,2026-02-17,0,21,0.0
E07,49,2026-02-18,0,21,0.0
E07,50,2026-02-19,0,21,0.0
E07,51,2026-02-20,0,21,0.0
E07,52,2026-02-21,0,21,0.0
E07,53,2026-02-22,0,21,0.0
E07,54,2026-02-23,0,21,0.0
E07,55,2026-02-24,0,21,0.0
E07,56,2026-02-25,0,21,0.0
E07,57,2026-02-26,0,21,0.0
E07,58,2026-02-27,0,21,0.0
E07,59,2026-02-28,0,21,0.0
E07,60,2026-03-01,0,21,0.0
E07,61,2026-03-02,0,21,0.0
E07,62,2026-03-03,0,21,0.0
E07,63,2026-03-04,0,21,0.0
E07,64,2026-03-05,0,21,0.0
E07,65,2026-03-06,0,21,0.0
E07,66,2026-03-07,0,21,0.0
E07,67,2026-03-08,0,21,0.0
E07,68,2026-03-09,0,21,0.0
E07,69,2026-03-10,0,21,0.0
E07,70,2026-03-11,0,21,0.0
E07,71,2026-03-12,0,21,0.0
E07,72,2026-03-13,0,21,0.0
E07,73,2026-03-14,0,21,0.0
E07,74,2026-03-15,0,21,0.0
E07,75,2026-03-16,0,21,0.0
E07,76,2026-03-17,0,21,0.0
E07,77,2026-03-18,0,21,0.0
E07,78,2026-03-19,0,21,0.0
E07,79,2026-03-20,0,21,0.0
E07,80,2026-03-21,0,21,0.0
E07,81,2026-03-22,0,21,0.0
E07,82,2026-03-23,0,21,0.0
E07,83,2026-03-24,0,21,0.0
E07,84,2026-03-25,0,21,0.0
E07,85,2026-03-26,0,21,0.0
E07,86,2026-03-27,0,21,0.0
E07,87,2026-03-28,0,21,0.0
E07,88,2026-03-29,0,21,0.0
E07,89,2026-03-30,0,21,0.0
E07,90,2026-03-31,0,21,0.0
E07,91,2026-04-01,0,21,0.0
E07,92,2026-04-02,0,21,0.0
E07,93,2026-04-03,0,21,0.0
E07,94,2026-04-04,0,21,0.0
E07,95,2026-04-05,0,21,0.0
E07,96,2026-04-06,0,21,0.0
E07,97,2026-04-07,0,21,0.0
E07,98,2026-04-08,0,21,0.0
E07,99,2026-04-09,0,21,0.0
E07,100,2026-04-10,0,21,0.0
E07,101,2026-04-11,0,21,0.0
E07,102,2026-04-12,0,21,0.0
E07,103,2026-04-13,0,21,0.0
E07,104,2026-04-14,0,21,0.0
E07,105,2026-04-15,0,21,0.0
E07,106,2026-04-16,0,21,0.0
E07,107,2026-04-17,0,21,0.0
E07,108,2026-04-18,0,21,0.0
E07,109,2026-04-19,0,21,0.0
E07,110,2026-04-20,0,21,0.0
E07,111,2026-04-21,0,21,0.0
E07,112,2026-04-22,0,21,0.0
E07,113,2026-04-23,0,21,0.0
E07,114,2026-04-24,0,21,0.0
E07,115,2026-04-25,0,21,0.0
E07,116,2026-04-26,0,21,0.0
E07,117,2026-04-27,0,21,0.0
E07,118,2026-04-28,0,21,0.0
E07,119,2026-04-29,0,21,0.0
E07,120,2026-04-30,0,21,0.0
E07,121,2026-05-01,0,21,0.0
E07,122,2026-05-02,0,21,0.0
E07,123,2026-05-03,0,21,0.0
E07,124,2026-05-04,0,21,0.0
E07,125,2026-05-05,0,21,0.0
E07,126,2026-05-06,0,21,0.0
E07,127,2026-05-07,0,21,0.0
E07,128,2026-05-08,0,21,0.0
E07,129,2026-05-09,0,21,0.0
E07,130,2026-05-10,0,21,0.0
E07,131,2026-05-11,0,21,0.0
E07,132,2026-05-12,0,21,0.0
E07,133,2026-05-13,0,21,0.0
E07,134,2026-05-14,0,21,0.0
E07,135,2026-05-15,0,21,0.0
E07,136,2026-05-16,0,21,0.0
E07,137,2026-05-17,0,21,0.0
E07,138,2026-05-18,0,21,0.0
E07,139,2026-05-19,0,21,0.0
E07,140,2026-05-20,0,21,0.0
E07,141,2026-05-21,0,21,0.0
E07,142,2026-05-22,0,21,0.0
E07,143,2026-05-23,0,21,0.0
E07,144,2026-05-24,0,21,0.0
E07,145,2026-05-25,0,21,0.0
E07,146,2026-05-26,0,21,0.0
E07,147,2026-05-27,0,21,0.0
E07,148,2026-05-28,0,21,0.0
E07,149,2026-05-29,0,21,0.0
E07,150,2026-05-30,0,21,0.0
E07,151,2026-05-31,0,21,0.0
E07,152,2026-06-01,0,21,0.0
E07,153,2026-06-02,0,21,0.0
E07,154,2026-06-03,0,21,0.0
E07,155,2026-06-04,0,21,0.0
E07,156,2026-06-05,0,21,0.0
E07,157,2026-06-06,0,21,0.0
E07,158,2026-06-07,0,21,0.0
E07,159,2026-06-08,0,21,0.0
E07,160,2026-06-09,0,21,0.0
E07,161,2026-06-10,0,21,0.0
E07,162,2026-06-11,0,21,0.0
E07,163,2026-06-12,0,21,0.0
E07,164,2026-06-13,0,21,0.0
E07,165,2026-06-14,0,21,0.0
E08,5,2026-01-05,0,21,0.0
E08,6,2026-01-06,0,21,0.0
E08,7,2026-01-07,0,21,0.0
E08,8,2026-01-08,0,21,0.0
E08,9,2026-01-09,0,21,0.0
E08,10,2026-01-10,0,21,0.0
E08,11,2026-01-11,0,21,0.0
E08,12,2026-01-12,0,21,0.0
E08,13,2026-01-13,0,21,0.0
E08,14,2026-01-14,0,21,0.0
E08,15,2026-01-15,0,21,0.0
E08,16,2026-01-16,0,21,0.0
E08,17,2026-01-17,0,21,0.0
E08,18,2026-01-18,0,21,0.0
E08,19,2026-01-19,0,21,0.0
E08,20,2026-01-20,0,21,0.0
E08,21,2026-01-21,0,21,0.0
E08,22,2026-01-22,0,21,0.0
E08,23,2026-01-23,0,21,0.0
E08,24,2026-01-24,0,21,0.0
E08,25,2026-01-25,0,21,0.0
E08,26,2026-01-26,0,21,0.0
E08,27,2026-01-27,0,21,0.0
E08,28,2026-01-28,0,21,0.0
E08,29,2026-01-29,0,21,0.0
E08,30,2026-01-30,0,21,0.0
E08,31,2026-01-31,0,21,0.0
E08,32,2026-02-01,0,21,0.0
E08,33,2026-02-02,0,21,0.0
E08,34,2026-02-03,0,21,0.0
E08,35,2026-02-04,0,21,0.0
E08,36,2026-02-05,0,21,0.0
E08,37,2026-02-06,0,21,0.0
E08,38,2026-02-07,0,21,0.0
E08,39,2026-02-08,0,21,0.0
E08,40,2026-02-09,0,21,0.0
E08,41,2026-02-10,0,21,0.0
E08,42,2026-02-11,0,21,0.0
E08,43,2026-02-12,0,21,0.0
E08,44,2026-02-13,0,21,0.0
E08,45,2026-02-14,0,21,0.0
E08,46,2026-02-15,0,21,0.0
E08,47,2026-02-16,0,21,0.0
E08,48,2026-02-17,0,21,0.0
E08,49,2026-02-18,0,21,0.0
E08,50,2026-02-19,0,21,0.0
E08,51,2026-02-20,0,21,0.0
E08,52,2026-02-21,0,21,0.0
E08,53,2026-02-22,0,21,0.0
E08,54,2026-02-23,0,21,0.0
E08,55,2026-02-24,0,21,0.0
E08,56,2026-02-25,0,21,0.0
E08,57,2026-02-26,0,21,0.0
E08,58,2026-02-27,0,21,0.0
E08,59,2026-02-28,0,21,0.0
E08,60,2026-03-01,0,21,0.0
E08,61,2026-03-02,0,21,0.0
E08,62,2026-03-03,0,21,0.0
E08,63,2026-03-04,0,21,0.0
E08,64,2026-03-05,0,21,0.0
E08,65,2026-03-06,0,21,0.0
E08,66,2026-03-07,0,21,0.0
E08,67,2026-03-08,0,21,0.0
E08,68,2026-03-09,0,21,0.0
E08,69,2026-03-10,0,21,0.0
E08,70,2026-03-11,0,21,0.0
E08,71,2026-03-12,0,21,0.0
E08,72,2026-03-13,0,21,0.0
E08,73,2026-03-14,0,21,0.0
E08,74,2026-03-15,0,21,0.0
E08,75,2026-03-16,0,21,0.0
E08,76,2026-03-17,0,21,0.0
E08,77,2026-03-18,0,21,0.0
E08,78,2026-03-19,0,21,0.0
E08,79,2026-03-20,0,21,0.0
E08,80,2026-03-21,0,21,0.0
E08,81,2026-03-22,0,21,0.0
E08,82,2026-03-23,0,21,0.0
E08,83,2026-03-24,0,21,0.0
E08,84,2026-03-25,0,21,0.0
E08,85,2026-03-26,0,21,0.0
E08,86,2026-03-27,0,21,0.0
E08,87,2026-03-28,0,21,0.0
E08,88,2026-03-29,0,21,0.0
E08,89,2026-03-30,0,21,0.0
E08,90,2026-03-31,0,21,0.0
E08,91,2026-04-01,0,21,0.0
E08,92,2026-04-02,0,21,0.0
E08,93,2026-04-03,0,21,0.0
E08,94,2026-04-04,0,21,0.0
E08,95,2026-04-05,0,21,0.0
E08,96,2026-04-06,0,21,0.0
E08,97,2026-04-07,0,21,0.0
E08,98,2026-04-08,0,21,0.0
E08,99,2026-04-09,0,21,0.0
E08,100,2026-04-10,0,21,0.0
E08,101,2026-04-11,0,21,0.0
E08,102,2026-04-12,0,21,0.0
E08,103,2026-04-13,0,21,0.0
E08,104,2026-04-14,0,21,0.0
E08,105,2026-04-15,0,21,0.0
E08,106,2026-04-16,0,21,0.0
E08,107,2026-04-17,0,21,0.0
E08,108,2026-04-18,0,21,0.0
E08,109,2026-04-19,0,21,0.0
E08,110,2026-04-20,0,21,0.0
E08,111,2026-04-21,0,21,0.0
E08,112,2026-04-22,0,21,0.0
E08,113,2026-04-23,0,21,0.0
E08,114,2026-04-24,0,21,0.0
E08,115,2026-04-25,0,21,0.0
E08,116,2026-04-26,0,21,0.0
E08,117,2026-04-27,0,21,0.0
E08,118,2026-04-28,0,21,0.0
E08,119,2026-04-29,0,21,0.0
E08,120,2026-04-30,0,21,0.0
E08,121,2026-05-01,0,21,0.0
E08,122,2026-05-02,0,21,0.0
E08,123,2026-05-03,0,21,0.0
E08,124,2026-05-04,0,21,0.0
E08,125,2026-05-05,0,21,0.0
E08,126,2026-05-06,0,21,0.0
E08,127,2026-05-07,0,21,0.0
E08,128,2026-05-08,0,21,0.0
E08,129,2026-05-09,0,21,0.0
E08,130,2026-05-10,0,21,0.0
E08,131,2026-05-11,0,21,0.0
E08,132,2026-05-12,0,21,0.0
E08,133,2026-05-13,0,21,0.0
E08,134,2026-05-14,0,21,0.0
E08,135,2026-05-15,0,21,0.0
E08,136,2026-05-16,0,21,0.0
E08,137,2026-05-17,0,21,0.0
E08,138,2026-05-18,0,21,0.0
E08,139,2026-05-19,0,21,0.0
E08,140,2026-05-20,0,21,0.0
E08,141,2026-05-21,0,21,0.0
E08,142,2026-05-22,0,21,0.0
E08,143,2026-05-23,0,21,0.0
E08,144,2026-05-24,0,21,0.0
E08,145,2026-05-25,0,21,0.0
E08,146,2026-05-26,0,21,0.0
E08,147,2026-05-27,0,21,0.0
E08,148,2026-05-28,0,21,0.0
E08,149,2026-05-29,0,21,0.0
E08,150,2026-05-30,0,21,0.0
E08,151,2026-05-31,0,21,0.0
E08,152,2026-06-01,0,21,0.0
E08,153,2026-06-02,0,21,0.0
E08,154,2026-06-03,0,21,0.0
E08,155,2026-06-04,0,21,0.0
E08,156,2026-06-05,0,21,0.0
E08,157,2026-06-06,0,21,0.0
E08,158,2026-06-07,0,21,0.0
E08,159,2026-06-08,0,21,0.0
E08,160,2026-06-09,0,21,0.0
E08,161,2026-06-10,0,21,0.0
E08,162,2026-06-11,0,21,0.0
E08,163,2026-06-12,0,21,0.0
E08,164,2026-06-13,0,21,0.0
E08,165,2026-06-14,0,21,0.0
E09,5,2026-01-05,0,21,0.0
E09,6,2026-01-06,0,21,0.0
E09,7,2026-01-07,0,21,0.0
E09,8,2026-01-08,0,21,0.0
E09,9,2026-01-09,0,21,0.0
E09,10,2026-01-10,0,21,0.0
E09,11,2026-01-11,0,21,0.0
E09,12,2026-01-12,0,21,0.0
E09,13,2026-01-13,0,21,0.0
E09,14,2026-01-14,0,21,0.0
E09,15,2026-01-15,0,21,0.0
E09,16,2026-01-16,0,21,0.0
E09,17,2026-01-17,0,21,0.0
E09,18,2026-01-18,0,21,0.0
E09,19,2026-01-19,0,21,0.0
E09,20,2026-01-20,0,21,0.0
E09,21,2026-01-21,0,21,0.0
E09,22,2026-01-22,0,21,0.0
E09,23,2026-01-23,0,21,0.0
E09,24,2026-01-24,0,21,0.0
E09,25,2026-01-25,0,21,0.0
E09,26,2026-01-26,0,21,0.0
E09,27,2026-01-27,0,21,0.0
E09,28,2026-01-28,0,21,0.0
E09,29,2026-01-29,0,21,0.0
E09,30,2026-01-30,0,21,0.0
E09,31,2026-01-31,0,21,0.0
E09,32,2026-02-01,0,21,0.0
E09,33,2026-02-02,0,21,0.0
E09,34,2026-02-03,0,21,0.0
E09,35,2026-02-04,0,21,0.0
E09,36,2026-02-05,0,21,0.0
E09,37,2026-02-06,0,21,0.0
E09,38,2026-02-07,0,21,0.0
E09,39,2026-02-08,0,21,0.0
E09,40,2026-02-09,0,21,0.0
E09,41,2026-02-10,0,21,0.0
E09,42,2026-02-11,0,21,0.0
E09,43,2026-02-12,0,21,0.0
E09,44,2026-02-13,0,21,0.0
E09,45,2026-02-14,0,21,0.0
E09,46,2026-02-15,0,21,0.0
E09,47,2026-02-16,0,21,0.0
E09,48,2026-02-17,0,21,0.0
E09,49,2026-02-18,0,21,0.0
E09,50,2026-02-19,0,21,0.0
E09,51,2026-02-20,0,21,0.0
E09,52,2026-02-21,0,21,0.0
E09,53,2026-02-22,0,21,0.0
E09,54,2026-02-23,0,21,0.0
E09,55,2026-02-24,0,21,0.0
E09,56,2026-02-25,0,21,0.0
E09,57,2026-02-26,0,21,0.0
E09,58,2026-02-27,0,21,0.0
E09,59,2026-02-28,0,21,0.0
E09,60,2026-03-01,0,21,0.0
E09,61,2026-03-02,0,21,0.0
E09,62,2026-03-03,0,21,0.0
E09,63,2026-03-04,0,21,0.0
E09,64,2026-03-05,0,21,0.0
E09,65,2026-03-06,0,21,0.0
E09,66,2026-03-07,0,21,0.0
E09,67,2026-03-08,0,21,0.0
E09,68,2026-03-09,0,21,0.0
E09,69,2026-03-10,0,21,0.0
E09,70,2026-03-11,0,21,0.0
E09,71,2026-03-12,0,21,0.0
E09,72,2026-03-13,0,21,0.0
E09,73,2026-03-14,0,21,0.0
E09,74,2026-03-15,0,21,0.0
E09,75,2026-03-16,0,21,0.0
E09,76,2026-03-17,0,21,0.0
E09,77,2026-03-18,0,21,0.0
E09,78,2026-03-19,0,21,0.0
E09,79,2026-03-20,0,21,0.0
E09,80,2026-03-21,0,21,0.0
E09,81,2026-03-22,0,21,0.0
E09,82,2026-03-23,0,21,0.0
E09,83,2026-03-24,0,21,0.0
E09,84,2026-03-25,0,21,0.0
E09,85,2026-03-26,0,21,0.0
E09,86,2026-03-27,0,21,0.0
E09,87,2026-03-28,0,21,0.0
E09,88,2026-03-29,0,21,0.0
E09,89,2026-03-30,0,21,0.0
E09,90,2026-03-31,0,21,0.0
E09,91,2026-04-01,0,21,0.0
E09,92,2026-04-02,0,21,0.0
E09,93,2026-04-03,0,21,0.0
E09,94,2026-04-04,0,21,0.0
E09,95,2026-04-05,0,21,0.0
E09,96,2026-04-06,0,21,0.0
E09,97,2026-04-07,0,21,0.0
E09,98,2026-04-08,0,21,0.0
E09,99,2026-04-09,0,21,0.0
E09,100,2026-04-10,0,21,0.0
E09,101,2026-04-11,0,21,0.0
E09,102,2026-04-12,0,21,0.0
E09,103,2026-04-13,0,21,0.0
E09,104,2026-04-14,0,21,0.0
E09,105,2026-04-15,0,21,0.0
E09,106,2026-04-16,0,21,0.0
E09,107,2026-04-17,0,21,0.0
E09,108,2026-04-18,0,21,0.0
E09,109,2026-04-19,0,21,0.0
E09,110,2026-04-20,0,21,0.0
E09,111,2026-04-21,0,21,0.0
E09,112,2026-04-22,0,21,0.0
E09,113,2026-04-23,0,21,0.0
E09,114,2026-04-24,0,21,0.0
E09,115,2026-04-25,0,21,0.0
E09,116,2026-04-26,0,21,0.0
E09,117,2026-04-27,0,21,0.0
E09,118,2026-04-28,0,21,0.0
E09,119,2026-04-29,0,21,0.0
E09,120,2026-04-30,0,21,0.0
E09,121,2026-05-01,0,21,0.0
E09,122,2026-05-02,0,21,0.0
E09,123,2026-05-03,0,21,0.0
E09,124,2026-05-04,0,21,0.0
E09,125,2026-05-05,0,21,0.0
E09,126,2026-05-06,0,21,0.0
E09,127,2026-05-07,0,21,0.0
E09,128,2026-05-08,0,21,0.0
E09,129,2026-05-09,0,21,0.0
E09,130,2026-05-10,0,21,0.0
E09,131,2026-05-11,0,21,0.0
E09,132,2026-05-12,0,21,0.0
E09,133,2026-05-13,0,21,0.0
E09,134,2026-05-14,0,21,0.0
E09,135,2026-05-15,0,21,0.0
E09,136,2026-05-16,0,21,0.0
E09,137,2026-05-17,0,21,0.0
E09,138,2026-05-18,0,21,0.0
E09,139,2026-05-19,0,21,0.0
E09,140,2026-05-20,0,21,0.0
E09,141,2026-05-21,0,21,0.0
E09,142,2026-05-22,0,21,0.0
E09,143,2026-05-23,0,21,0.0
E09,144,2026-05-24,0,21,0.0
E09,145,2026-05-25,0,21,0.0
E09,146,2026-05-26,0,21,0.0
E09,147,2026-05-27,0,21,0.0
E09,148,2026-05-28,0,21,0.0
E09,149,2026-05-29,0,21,0.0
E09,150,2026-05-30,0,21,0.0
E09,151,2026-05-31,0,21,0.0
E09,152,2026-06-01,0,21,0.0
E09,153,2026-06-02,0,21,0.0
E09,154,2026-06-03,0,21,0.0
E09,155,2026-06-04,0,21,0.0
E09,156,2026-06-05,0,21,0.0
E09,157,2026-06-06,0,21,0.0
E09,158,2026-06-07,0,21,0.0
E09,159,2026-06-08,0,21,0.0
E09,160,2026-06-09,0,21,0.0
E09,161,2026-06-10,0,21,0.0
E09,162,2026-06-11,0,21,0.0
E09,163,2026-06-12,0,21,0.0
E09,164,2026-06-13,0,21,0.0
E09,165,2026-06-14,0,21,0.0
E10,5,2026-01-05,0,21,0.0
E10,6,2026-01-06,0,21,0.0
E10,7,2026-01-07,0,21,0.0
E10,8,2026-01-08,0,21,0.0
E10,9,2026-01-09,0,21,0.0
E10,10,2026-01-10,0,21,0.0
E10,11,2026-01-11,0,21,0.0
E10,12,2026-01-12,0,21,0.0
E10,13,2026-01-13,0,21,0.0
E10,14,2026-01-14,0,21,0.0
E10,15,2026-01-15,0,21,0.0
E10,16,2026-01-16,0,21,0.0
E10,17,2026-01-17,0,21,0.0
E10,18,2026-01-18,0,21,0.0
E10,19,2026-01-19,0,21,0.0
E10,20,2026-01-20,0,21,0.0
E10,21,2026-01-21,0,21,0.0
E10,22,2026-01-22,0,21,0.0
E10,23,2026-01-23,0,21,0.0
E10,24,2026-01-24,0,21,0.0
E10,25,2026-01-25,0,21,0.0
E10,26,2026-01-26,0,21,0.0
E10,27,2026-01-27,0,21,0.0
E10,28,2026-01-28,0,21,0.0
E10,29,2026-01-29,0,21,0.0
E10,30,2026-01-30,0,21,0.0
E10,31,2026-01-31,0,21,0.0
E10,32,2026-02-01,0,21,0.0
E10,33,2026-02-02,0,21,0.0
E10,34,2026-02-03,0,21,0.0
E10,35,2026-02-04,0,21,0.0
E10,36,2026-02-05,0,21,0.0
E10,37,2026-02-06,0,21,0.0
E10,38,2026-02-07,0,21,0.0
E10,39,2026-02-08,0,21,0.0
E10,40,2026-02-09,0,21,0.0
E10,41,2026-02-10,0,21,0.0
E10,42,2026-02-11,0,21,0.0
E10,43,2026-02-12,0,21,0.0
E10,44,2026-02-13,0,21,0.0
E10,45,2026-02-14,0,21,0.0
E10,46,2026-02-15,0,21,0.0
E10,47,2026-02-16,0,21,0.0
E10,48,2026-02-17,0,21,0.0
E10,49,2026-02-18,0,21,0.0
E10,50,2026-02-19,0,21,0.0
E10,51,2026-02-20,0,21,0.0
E10,52,2026-02-21,0,21,0.0
E10,53,2026-02-22,0,21,0.0
E10,54,2026-02-23,0,21,0.0
E10,55,2026-02-24,0,21,0.0
E10,56,2026-02-25,0,21,0.0
E10,57,2026-02-26,0,21,0.0
E10,58,2026-02-27,0,21,0.0
E10,59,2026-02-28,0,21,0.0
E10,60,2026-03-01,0,21,0.0
E10,61,2026-03-02,0,21,0.0
E10,62,2026-03-03,0,21,0.0
E10,63,2026-03-04,0,21,0.0
E10,64,2026-03-05,0,21,0.0
E10,65,2026-03-06,0,21,0.0
E10,66,2026-03-07,0,21,0.0
E10,67,2026-03-08,0,21,0.0
E10,68,2026-03-09,0,21,0.0
E10,69,2026-03-10,0,21,0.0
E10,70,2026-03-11,0,21,0.0
E10,71,2026-03-12,0,21,0.0
E10,72,2026-03-13,0,21,0.0
E10,73,2026-03-14,0,21,0.0
E10,74,2026-03-15,0,21,0.0
E10,75,2026-03-16,0,21,0.0
E10,76,2026-03-17,0,21,0.0
E10,77,2026-03-18,0,21,0.0
E10,78,2026-03-19,0,21,0.0
E10,79,2026-03-20,0,21,0.0
E10,80,2026-03-21,0,21,0.0
E10,81,2026-03-22,0,21,0.0
E10,82,2026-03-23,0,21,0.0
E10,83,2026-03-24,0,21,0.0
E10,84,2026-03-25,0,21,0.0
E10,85,2026-03-26,0,21,0.0
E10,86,2026-03-27,0,21,0.0
E10,87,2026-03-28,0,21,0.0
E10,88,2026-03-29,0,21,0.0
E10,89,2026-03-30,0,21,0.0
E10,90,2026-03-31,0,21,0.0
E10,91,2026-04-01,0,21,0.0
E10,92,2026-04-02,0,21,0.0
E10,93,2026-04-03,0,21,0.0
E10,94,2026-04-04,0,21,0.0
E10,95,2026-04-05,0,21,0.0
E10,96,2026-04-06,0,21,0.0
E10,97,2026-04-07,0,21,0.0
E10,98,2026-04-08,0,21,0.0
E10,99,2026-04-09,0,21,0.0
E10,100,2026-04-10,0,21,0.0
E10,101,2026-04-11,0,21,0.0
E10,102,2026-04-12,0,21,0.0
E10,103,2026-04-13,0,21,0.0
E10,104,2026-04-14,0,21,0.0
E10,105,2026-04-15,0,21,0.0
E10,106,2026-04-16,0,21,0.0
E10,107,2026-04-17,0,21,0.0
E10,108,2026-04-18,0,21,0.0
E10,109,2026-04-19,0,21,0.0
E10,110,2026-04-20,0,21,0.0
E10,111,2026-04-21,0,21,0.0
E10,112,2026-04-22,0,21,0.0
E10,113,2026-04-23,0,21,0.0
E10,114,2026-04-24,0,21,0.0
E10,115,2026-04-25,0,21,0.0
E10,116,2026-04-26,0,21,0.0
E10,117,2026-04-27,0,21,0.0
E10,118,2026-04-28,0,21,0.0
E10,119,2026-04-29,0,21,0.0
E10,120,2026-04-30,0,21,0.0
E10,121,2026-05-01,0,21,0.0
E10,122,2026-05-02,0,21,0.0
E10,123,2026-05-03,0,21,0.0
E10,124,2026-05-04,0,21,0.0
E10,125,2026-05-05,0,21,0.0
E10,126,2026-05-06,0,21,0.0
E10,127,2026-05-07,0,21,0.0
E10,128,2026-05-08,0,21,0.0
E10,129,2026-05-09,0,21,0.0
E10,130,2026-05-10,0,21,0.0
E10,131,2026-05-11,0,21,0.0
E10,132,2026-05-12,0,21,0.0
E10,133,2026-05-13,0,21,0.0
E10,134,2026-05-14,0,21,0.0
E10,135,2026-05-15,0,21,0.0
E10,136,2026-05-16,0,21,0.0
E10,137,2026-05-17,0,21,0.0
E10,138,2026-05-18,0,21,0.0
E10,139,2026-05-19,0,21,0.0
E10,140,2026-05-20,0,21,0.0
E10,141,2026-05-21,0,21,0.0
E10,142,2026-05-22,0,21,0.0
E10,143,2026-05-23,0,21,0.0
E10,144,2026-05-24,0,21,0.0
E10,145,2026-05-25,0,21,0.0
E10,146,2026-05-26,0,21,0.0
E10,147,2026-05-27,0,21,0.0
E10,148,2026-05-28,0,21,0.0
E10,149,2026-05-29,0,21,0.0
E10,150,2026-05-30,0,21,0.0
E10,151,2026-05-31,0,21,0.0
E10,152,2026-06-01,0,21,0.0
E10,153,2026-06-02,0,21,0.0
E10,154,2026-06-03,0,21,0.0
E10,155,2026-06-04,0,21,0.0
E10,156,2026-06-05,0,21,0.0
E10,157,2026-06-06,0,21,0.0
E10,158,2026-06-07,0,21,0.0
E10,159,2026-06-08,0,21,0.0
E10,160,2026-06-09,0,21,0.0
E10,161,2026-06-10,0,21,0.0
E10,162,2026-06-11,0,21,0.0
E10,163,2026-06-12,0,21,0.0
E10,164,2026-06-13,0,21,0.0
E10,165,2026-06-14,0,21,0.0
F01,5,2026-01-05,0,21,0.0
F01,6,2026-01-06,0,21,0.0
F01,7,2026-01-07,0,21,0.0
F01,8,2026-01-08,0,21,0.0
F01,9,2026-01-09,0,21,0.0
F01,10,2026-01-10,0,21,0.0
F01,11,2026-01-11,0,21,0.0
F01,12,2026-01-12,0,21,0.0
F01,13,2026-01-13,0,21,0.0
F01,14,2026-01-14,0,21,0.0
F01,15,2026-01-15,0,21,0.0
F01,16,2026-01-16,0,21,0.0
F01,17,2026-01-17,0,21,0.0
F01,18,2026-01-18,0,21,0.0
F01,19,2026-01-19,0,21,0.0
F01,20,2026-01-20,0,21,0.0
F01,21,2026-01-21,0,21,0.0
F01,22,2026-01-22,0,21,0.0
F01,23,2026-01-23,9,21,0.42857142857142855
F01,24,2026-01-24,16,21,0.7619047619047619
F01,25,2026-01-25,16,21,0.7619047619047619
F01,26,2026-01-26,16,21,0.7619047619047619
F01,27,2026-01-27,13,21,0.6190476190476191
F01,28,2026-01-28,13,21,0.6190476190476191
F01,29,2026-01-29,12,21,0.5714285714285714
F01,30,2026-01-30,12,21,0.5714285714285714
F01,31,2026-01-31,12,21,0.5714285714285714
F01,32,2026-02-01,12,21,0.5714285714285714
F01,33,2026-02-02,12,21,0.5714285714285714
F01,34,2026-02-03,12,21,0.5714285714285714
F01,35,2026-02-04,0,21,0.0
F01,36,2026-02-05,0,21,0.0
F01,37,2026-02-06,0,21,0.0
F01,38,2026-02-07,0,21,0.0
F01,39,2026-02-08,0,21,0.0
F01,40,2026-02-09,0,21,0.0
F01,41,2026-02-10,0,21,0.0
F01,42,2026-02-11,0,21,0.0
F01,43,2026-02-12,0,21,0.0
F01,44,2026-02-13,0,21,0.0
F01,45,2026-02-14,0,21,0.0
F01,46,2026-02-15,0,21,0.0
F01,47,2026-02-16,0,21,0.0
F01,48,2026-02-17,0,21,0.0
F01,49,2026-02-18,0,21,0.0
F01,50,2026-02-19,0,21,0.0
F01,51,2026-02-20,0,21,0.0
F01,52,2026-02-21,0,21,0.0
F01,53,2026-02-22,0,21,0.0
F01,54,2026-02-23,0,21,0.0
F01,55,2026-02-24,0,21,0.0
F01,56,2026-02-25,0,21,0.0
F01,57,2026-02-26,0,21,0.0
F01,58,2026-02-27,0,21,0.0
F01,59,2026-02-28,0,21,0.0
F01,60,2026-03-01,0,21,0.0
F01,61,2026-03-02,0,21,0.0
F01,62,2026-03-03,3,21,0.14285714285714285
F01,63,2026-03-04,11,21,0.5238095238095238
F01,64,2026-03-05,11,21,0.5238095238095238
F01,65,2026-03-06,11,21,0.5238095238095238
F01,66,2026-03-07,11,21,0.5238095238095238
F01,67,2026-03-08,11,21,0.5238095238095238
F01,68,2026-03-09,11,21,0.5238095238095238
F01,69,2026-03-10,11,21,0.5238095238095238
F01,70,2026-03-11,11,21,0.5238095238095238
F01,71,2026-03-12,11,21,0.5238095238095238
F01,72,2026-03-13,9,21,0.42857142857142855
F01,73,2026-03-14,9,21,0.42857142857142855
F01,74,2026-03-15,9,21,0.42857142857142855
F01,75,2026-03-16,13,21,0.6190476190476191
F01,76,2026-03-17,13,21,0.6190476190476191
F01,77,2026-03-18,13,21,0.6190476190476191
F01,78,2026-03-19,13,21,0.6190476190476191
F01,79,2026-03-20,8,21,0.38095238095238093
F01,80,2026-03-21,8,21,0.38095238095238093
F01,81,2026-03-22,8,21,0.38095238095238093
F01,82,2026-03-23,8,21,0.38095238095238093
F01,83,2026-03-24,8,21,0.38095238095238093
F01,84,2026-03-25,9,21,0.42857142857142855
F01,85,2026-03-26,11,21,0.5238095238095238
F01,86,2026-03-27,15,21,0.7142857142857143
F01,87,2026-03-28,9,21,0.42857142857142855
F01,88,2026-03-29,9,21,0.42857142857142855
F01,89,2026-03-30,8,21,0.38095238095238093
F01,90,2026-03-31,8,21,0.38095238095238093
F01,91,2026-04-01,8,21,0.38095238095238093
F01,92,2026-04-02,9,21,0.42857142857142855
F01,93,2026-04-03,8,21,0.38095238095238093
F01,94,2026-04-04,8,21,0.38095238095238093
F01,95,2026-04-05,8,21,0.38095238095238093
F01,96,2026-04-06,8,21,0.38095238095238093
F01,97,2026-04-07,5,21,0.23809523809523808
F01,98,2026-04-08,5,21,0.23809523809523808
F01,99,2026-04-09,5,21,0.23809523809523808
F01,100,2026-04-10,5,21,0.23809523809523808
F01,101,2026-04-11,5,21,0.23809523809523808
F01,102,2026-04-12,5,21,0.23809523809523808
F01,103,2026-04-13,5,21,0.23809523809523808
F01,104,2026-04-14,5,21,0.23809523809523808
F01,105,2026-04-15,5,21,0.23809523809523808
F01,106,2026-04-16,5,21,0.23809523809523808
F01,107,2026-04-17,8,21,0.38095238095238093
F01,108,2026-04-18,8,21,0.38095238095238093
F01,109,2026-04-19,5,21,0.23809523809523808
F01,110,2026-04-20,0,21,0.0
F01,111,2026-04-21,3,21,0.14285714285714285
F01,112,2026-04-22,10,21,0.47619047619047616
F01,113,2026-04-23,0,21,0.0
F01,114,2026-04-24,0,21,0.0
F01,115,2026-04-25,0,21,0.0
F01,116,2026-04-26,0,21,0.0
F01,117,2026-04-27,0,21,0.0
F01,118,2026-04-28,0,21,0.0
F01,119,2026-04-29,0,21,0.0
F01,120,2026-04-30,0,21,0.0
F01,121,2026-05-01,0,21,0.0
F01,122,2026-05-02,0,21,0.0
F01,123,2026-05-03,0,21,0.0
F01,124,2026-05-04,0,21,0.0
F01,125,2026-05-05,0,21,0.0
F01,126,2026-05-06,0,21,0.0
F01,127,2026-05-07,0,21,0.0
F01,128,2026-05-08,0,21,0.0
F01,129,2026-05-09,0,21,0.0
F01,130,2026-05-10,0,21,0.0
F01,131,2026-05-11,0,21,0.0
F01,132,2026-05-12,0,21,0.0
F01,133,2026-05-13,0,21,0.0
F01,134,2026-05-14,0,21,0.0
F01,135,2026-05-15,0,21,0.0
F01,136,2026-05-16,0,21,0.0
F01,137,2026-05-17,0,21,0.0
F01,138,2026-05-18,0,21,0.0
F01,139,2026-05-19,0,21,0.0
F01,140,2026-05-20,0,21,0.0
F01,141,2026-05-21,0,21,0.0
F01,142,2026-05-22,5,21,0.23809523809523808
F01,143,2026-05-23,0,21,0.0
F01,144,2026-05-24,0,21,0.0
F01,145,2026-05-25,0,21,0.0
F01,146,2026-05-26,0,21,0.0
F01,147,2026-05-27,0,21,0.0
F01,148,2026-05-28,0,21,0.0
F01,149,2026-05-29,0,21,0.0
F01,150,2026-05-30,0,21,0.0
F01,151,2026-05-31,0,21,0.0
F01,152,2026-06-01,0,21,0.0
F01,153,2026-06-02,0,21,0.0
F01,154,2026-06-03,0,21,0.0
F01,155,2026-06-04,0,21,0.0
F01,156,2026-06-05,0,21,0.0
F01,157,2026-06-06,0,21,0.0
F01,158,2026-06-07,0,21,0.0
F01,159,2026-06-08,0,21,0.0
F01,160,2026-06-09,0,21,0.0
F01,161,2026-06-10,0,21,0.0
F01,162,2026-06-11,0,21,0.0
F01,163,2026-06-12,0,21,0.0
F01,164,2026-06-13,0,21,0.0
F01,165,2026-06-14,0,21,0.0
F02,5,2026-01-05,0,21,0.0
F02,6,2026-01-06,0,21,0.0
F02,7,2026-01-07,0,21,0.0
F02,8,2026-01-08,0,21,0.0
F02,9,2026-01-09,0,21,0.0
F02,10,2026-01-10,0,21,0.0
F02,11,2026-01-11,0,21,0.0
F02,12,2026-01-12,0,21,0.0
F02,13,2026-01-13,0,21,0.0
F02,14,2026-01-14,0,21,0.0
F02,15,2026-01-15,0,21,0.0
F02,16,2026-01-16,0,21,0.0
F02,17,2026-01-17,0,21,0.0
F02,18,2026-01-18,0,21,0.0
F02,19,2026-01-19,0,21,0.0
F02,20,2026-01-20,1,21,0.047619047619047616
F02,21,2026-01-21,1,21,0.047619047619047616
F02,22,2026-01-22,0,21,0.0
F02,23,2026-01-23,0,21,0.0
F02,24,2026-01-24,1,21,0.047619047619047616
F02,25,2026-01-25,1,21,0.047619047619047616
F02,26,2026-01-26,1,21,0.047619047619047616
F02,27,2026-01-27,0,21,0.0
F02,28,2026-01-28,0,21,0.0
F02,29,2026-01-29,0,21,0.0
F02,30,2026-01-30,0,21,0.0
F02,31,2026-01-31,0,21,0.0
F02,32,2026-02-01,0,21,0.0
F02,33,2026-02-02,0,21,0.0
F02,34,2026-02-03,0,21,0.0
F02,35,2026-02-04,0,21,0.0
F02,36,2026-02-05,5,21,0.23809523809523808
F02,37,2026-02-06,11,21,0.5238095238095238
F02,38,2026-02-07,11,21,0.5238095238095238
F02,39,2026-02-08,11,21,0.5238095238095238
F02,40,2026-02-09,11,21,0.5238095238095238
F02,41,2026-02-10,11,21,0.5238095238095238
F02,42,2026-02-11,11,21,0.5238095238095238
F02,43,2026-02-12,11,21,0.5238095238095238
F02,44,2026-02-13,11,21,0.5238095238095238
F02,45,2026-02-14,11,21,0.5238095238095238
F02,46,2026-02-15,11,21,0.5238095238095238
F02,47,2026-02-16,11,21,0.5238095238095238
F02,48,2026-02-17,11,21,0.5238095238095238
F02,49,2026-02-18,11,21,0.5238095238095238
F02,50,2026-02-19,11,21,0.5238095238095238
F02,51,2026-02-20,11,21,0.5238095238095238
F02,52,2026-02-21,11,21,0.5238095238095238
F02,53,2026-02-22,11,21,0.5238095238095238
F02,54,2026-02-23,11,21,0.5238095238095238
F02,55,2026-02-24,11,21,0.5238095238095238
F02,56,2026-02-25,11,21,0.5238095238095238
F02,57,2026-02-26,11,21,0.5238095238095238
F02,58,2026-02-27,11,21,0.5238095238095238
F02,59,2026-02-28,11,21,0.5238095238095238
F02,60,2026-03-01,11,21,0.5238095238095238
F02,61,2026-03-02,11,21,0.5238095238095238
F02,62,2026-03-03,11,21,0.5238095238095238
F02,63,2026-03-04,11,21,0.5238095238095238
F02,64,2026-03-05,11,21,0.5238095238095238
F02,65,2026-03-06,11,21,0.5238095238095238
F02,66,2026-03-07,10,21,0.47619047619047616
F02,67,2026-03-08,10,21,0.47619047619047616
F02,68,2026-03-09,10,21,0.47619047619047616
F02,69,2026-03-10,10,21,0.47619047619047616
F02,70,2026-03-11,10,21,0.47619047619047616
F02,71,2026-03-12,10,21,0.47619047619047616
F02,72,2026-03-13,0,21,0.0
F02,73,2026-03-14,0,21,0.0
F02,74,2026-03-15,0,21,0.0
F02,75,2026-03-16,0,21,0.0
F02,76,2026-03-17,0,21,0.0
F02,77,2026-03-18,0,21,0.0
F02,78,2026-03-19,6,21,0.2857142857142857
F02,79,2026-03-20,6,21,0.2857142857142857
F02,80,2026-03-21,6,21,0.2857142857142857
F02,81,2026-03-22,6,21,0.2857142857142857
F02,82,2026-03-23,6,21,0.2857142857142857
F02,83,2026-03-24,6,21,0.2857142857142857
F02,84,2026-03-25,6,21,0.2857142857142857
F02,85,2026-03-26,6,21,0.2857142857142857
F02,86,2026-03-27,6,21,0.2857142857142857
F02,87,2026-03-28,6,21,0.2857142857142857
F02,88,2026-03-29,6,21,0.2857142857142857
F02,89,2026-03-30,6,21,0.2857142857142857
F02,90,2026-03-31,6,21,0.2857142857142857
F02,91,2026-04-01,6,21,0.2857142857142857
F02,92,2026-04-02,6,21,0.2857142857142857
F02,93,2026-04-03,6,21,0.2857142857142857
F02,94,2026-04-04,6,21,0.2857142857142857
F02,95,2026-04-05,6,21,0.2857142857142857
F02,96,2026-04-06,6,21,0.2857142857142857
F02,97,2026-04-07,6,21,0.2857142857142857
F02,98,2026-04-08,6,21,0.2857142857142857
F02,99,2026-04-09,6,21,0.2857142857142857
F02,100,2026-04-10,6,21,0.2857142857142857
F02,101,2026-04-11,6,21,0.2857142857142857
F02,102,2026-04-12,6,21,0.2857142857142857
F02,103,2026-04-13,6,21,0.2857142857142857
F02,104,2026-04-14,6,21,0.2857142857142857
F02,105,2026-04-15,6,21,0.2857142857142857
F02,106,2026-04-16,6,21,0.2857142857142857
F02,107,2026-04-17,6,21,0.2857142857142857
F02,108,2026-04-18,6,21,0.2857142857142857
F02,109,2026-04-19,6,21,0.2857142857142857
F02,110,2026-04-20,6,21,0.2857142857142857
F02,111,2026-04-21,6,21,0.2857142857142857
F02,112,2026-04-22,0,21,0.0
F02,113,2026-04-23,0,21,0.0
F02,114,2026-04-24,12,21,0.5714285714285714
F02,115,2026-04-25,3,21,0.14285714285714285
F02,116,2026-04-26,0,21,0.0
F02,117,2026-04-27,0,21,0.0
F02,118,2026-04-28,0,21,0.0
F02,119,2026-04-29,0,21,0.0
F02,120,2026-04-30,0,21,0.0
F02,121,2026-05-01,0,21,0.0
F02,122,2026-05-02,0,21,0.0
F02,123,2026-05-03,0,21,0.0
F02,124,2026-05-04,9,21,0.42857142857142855
F02,125,2026-05-05,9,21,0.42857142857142855
F02,126,2026-05-06,9,21,0.42857142857142855
F02,127,2026-05-07,9,21,0.42857142857142855
F02,128,2026-05-08,9,21,0.42857142857142855
F02,129,2026-05-09,0,21,0.0
F02,130,2026-05-10,0,21,0.0
F02,131,2026-05-11,0,21,0.0
F02,132,2026-05-12,0,21,0.0
F02,133,2026-05-13,0,21,0.0
F02,134,2026-05-14,0,21,0.0
F02,135,2026-05-15,0,21,0.0
F02,136,2026-05-16,0,21,0.0
F02,137,2026-05-17,0,21,0.0
F02,138,2026-05-18,0,21,0.0
F02,139,2026-05-19,0,21,0.0
F02,140,2026-05-20,0,21,0.0
F02,141,2026-05-21,0,21,0.0
F02,142,2026-05-22,0,21,0.0
F02,143,2026-05-23,0,21,0.0
F02,144,2026-05-24,0,21,0.0
F02,145,2026-05-25,0,21,0.0
F02,146,2026-05-26,0,21,0.0
F02,147,2026-05-27,0,21,0.0
F02,148,2026-05-28,7,21,0.3333333333333333
F02,149,2026-05-29,10,21,0.47619047619047616
F02,150,2026-05-30,0,21,0.0
F02,151,2026-05-31,0,21,0.0
F02,152,2026-06-01,0,21,0.0
F02,153,2026-06-02,1,21,0.047619047619047616
F02,154,2026-06-03,4,21,0.19047619047619047
F02,155,2026-06-04,8,21,0.38095238095238093
F02,156,2026-06-05,13,21,0.6190476190476191
F02,157,2026-06-06,15,21,0.7142857142857143
F02,158,2026-06-07,15,21,0.7142857142857143
F02,159,2026-06-08,15,21,0.7142857142857143
F02,160,2026-06-09,15,21,0.7142857142857143
F02,161,2026-06-10,15,21,0.7142857142857143
F02,162,2026-06-11,15,21,0.7142857142857143
F02,163,2026-06-12,15,21,0.7142857142857143
F02,164,2026-06-13,0,21,0.0
F02,165,2026-06-14,0,21,0.0
F03,5,2026-01-05,0,21,0.0
F03,6,2026-01-06,0,21,0.0
F03,7,2026-01-07,0,21,0.0
F03,8,2026-01-08,0,21,0.0
F03,9,2026-01-09,0,21,0.0
F03,10,2026-01-10,0,21,0.0
F03,11,2026-01-11,0,21,0.0
F03,12,2026-01-12,0,21,0.0
F03,13,2026-01-13,0,21,0.0
F03,14,2026-01-14,0,21,0.0
F03,15,2026-01-15,0,21,0.0
F03,16,2026-01-16,0,21,0.0
F03,17,2026-01-17,0,21,0.0
F03,18,2026-01-18,0,21,0.0
F03,19,2026-01-19,0,21,0.0
F03,20,2026-01-20,0,21,0.0
F03,21,2026-01-21,0,21,0.0
F03,22,2026-01-22,0,21,0.0
F03,23,2026-01-23,0,21,0.0
F03,24,2026-01-24,0,21,0.0
F03,25,2026-01-25,0,21,0.0
F03,26,2026-01-26,0,21,0.0
F03,27,2026-01-27,0,21,0.0
F03,28,2026-01-28,0,21,0.0
F03,29,2026-01-29,0,21,0.0
F03,30,2026-01-30,0,21,0.0
F03,31,2026-01-31,0,21,0.0
F03,32,2026-02-01,0,21,0.0
F03,33,2026-02-02,0,21,0.0
F03,34,2026-02-03,1,21,0.047619047619047616
F03,35,2026-02-04,16,21,0.7619047619047619
F03,36,2026-02-05,17,21,0.8095238095238095
F03,37,2026-02-06,17,21,0.8095238095238095
F03,38,2026-02-07,17,21,0.8095238095238095
F03,39,2026-02-08,17,21,0.8095238095238095
F03,40,2026-02-09,17,21,0.8095238095238095
F03,41,2026-02-10,17,21,0.8095238095238095
F03,42,2026-02-11,17,21,0.8095238095238095
F03,43,2026-02-12,17,21,0.8095238095238095
F03,44,2026-02-13,17,21,0.8095238095238095
F03,45,2026-02-14,17,21,0.8095238095238095
F03,46,2026-02-15,17,21,0.8095238095238095
F03,47,2026-02-16,17,21,0.8095238095238095
F03,48,2026-02-17,17,21,0.8095238095238095
F03,49,2026-02-18,17,21,0.8095238095238095
F03,50,2026-02-19,17,21,0.8095238095238095
F03,51,2026-02-20,17,21,0.8095238095238095
F03,52,2026-02-21,17,21,0.8095238095238095
F03,53,2026-02-22,17,21,0.8095238095238095
F03,54,2026-02-23,17,21,0.8095238095238095
F03,55,2026-02-24,11,21,0.5238095238095238
F03,56,2026-02-25,11,21,0.5238095238095238
F03,57,2026-02-26,11,21,0.5238095238095238
F03,58,2026-02-27,11,21,0.5238095238095238
F03,59,2026-02-28,11,21,0.5238095238095238
F03,60,2026-03-01,11,21,0.5238095238095238
F03,61,2026-03-02,11,21,0.5238095238095238
F03,62,2026-03-03,11,21,0.5238095238095238
F03,63,2026-03-04,11,21,0.5238095238095238
F03,64,2026-03-05,11,21,0.5238095238095238
F03,65,2026-03-06,11,21,0.5238095238095238
F03,66,2026-03-07,9,21,0.42857142857142855
F03,67,2026-03-08,9,21,0.42857142857142855
F03,68,2026-03-09,9,21,0.42857142857142855
F03,69,2026-03-10,9,21,0.42857142857142855
F03,70,2026-03-11,9,21,0.42857142857142855
F03,71,2026-03-12,9,21,0.42857142857142855
F03,72,2026-03-13,18,21,0.8571428571428571
F03,73,2026-03-14,18,21,0.8571428571428571
F03,74,2026-03-15,18,21,0.8571428571428571
F03,75,2026-03-16,21,21,1.0
F03,76,2026-03-17,21,21,1.0
F03,77,2026-03-18,11,21,0.5238095238095238
F03,78,2026-03-19,13,21,0.6190476190476191
F03,79,2026-03-20,13,21,0.6190476190476191
F03,80,2026-03-21,13,21,0.6190476190476191
F03,81,2026-03-22,13,21,0.6190476190476191
F03,82,2026-03-23,13,21,0.6190476190476191
F03,83,2026-03-24,13,21,0.6190476190476191
F03,84,2026-03-25,13,21,0.6190476190476191
F03,85,2026-03-26,13,21,0.6190476190476191
F03,86,2026-03-27,13,21,0.6190476190476191
F03,87,2026-03-28,13,21,0.6190476190476191
F03,88,2026-03-29,13,21,0.6190476190476191
F03,89,2026-03-30,0,21,0.0
F03,90,2026-03-31,0,21,0.0
F03,91,2026-04-01,6,21,0.2857142857142857
F03,92,2026-04-02,17,21,0.8095238095238095
F03,93,2026-04-03,15,21,0.7142857142857143
F03,94,2026-04-04,15,21,0.7142857142857143
F03,95,2026-04-05,15,21,0.7142857142857143
F03,96,2026-04-06,15,21,0.7142857142857143
F03,97,2026-04-07,15,21,0.7142857142857143
F03,98,2026-04-08,4,21,0.19047619047619047
F03,99,2026-04-09,4,21,0.19047619047619047
F03,100,2026-04-10,4,21,0.19047619047619047
F03,101,2026-04-11,4,21,0.19047619047619047
F03,102,2026-04-12,4,21,0.19047619047619047
F03,103,2026-04-13,4,21,0.19047619047619047
F03,104,2026-04-14,4,21,0.19047619047619047
F03,105,2026-04-15,7,21,0.3333333333333333
F03,106,2026-04-16,14,21,0.6666666666666666
F03,107,2026-04-17,14,21,0.6666666666666666
F03,108,2026-04-18,0,21,0.0
F03,109,2026-04-19,0,21,0.0
F03,110,2026-04-20,0,21,0.0
F03,111,2026-04-21,0,21,0.0
F03,112,2026-04-22,0,21,0.0
F03,113,2026-04-23,0,21,0.0
F03,114,2026-04-24,1,21,0.047619047619047616
F03,115,2026-04-25,0,21,0.0
F03,116,2026-04-26,0,21,0.0
F03,117,2026-04-27,0,21,0.0
F03,118,2026-04-28,0,21,0.0
F03,119,2026-04-29,0,21,0.0
F03,120,2026-04-30,0,21,0.0
F03,121,2026-05-01,0,21,0.0
F03,122,2026-05-02,0,21,0.0
F03,123,2026-05-03,0,21,0.0
F03,124,2026-05-04,0,21,0.0
F03,125,2026-05-05,0,21,0.0
F03,126,2026-05-06,0,21,0.0
F03,127,2026-05-07,0,21,0.0
F03,128,2026-05-08,0,21,0.0
F03,129,2026-05-09,0,21,0.0
F03,130,2026-05-10,0,21,0.0
F03,131,2026-05-11,0,21,0.0
F03,132,2026-05-12,0,21,0.0
F03,133,2026-05-13,0,21,0.0
F03,134,2026-05-14,0,21,0.0
F03,135,2026-05-15,0,21,0.0
F03,136,2026-05-16,0,21,0.0
F03,137,2026-05-17,0,21,0.0
F03,138,2026-05-18,0,21,0.0
F03,139,2026-05-19,0,21,0.0
F03,140,2026-05-20,0,21,0.0
F03,141,2026-05-21,0,21,0.0
F03,142,2026-05-22,4,21,0.19047619047619047
F03,143,2026-05-23,4,21,0.19047619047619047
F03,144,2026-05-24,4,21,0.19047619047619047
F03,145,2026-05-25,4,21,0.19047619047619047
F03,146,2026-05-26,4,21,0.19047619047619047
F03,147,2026-05-27,4,21,0.19047619047619047
F03,148,2026-05-28,4,21,0.19047619047619047
F03,149,2026-05-29,9,21,0.42857142857142855
F03,150,2026-05-30,9,21,0.42857142857142855
F03,151,2026-05-31,9,21,0.42857142857142855
F03,152,2026-06-01,4,21,0.19047619047619047
F03,153,2026-06-02,4,21,0.19047619047619047
F03,154,2026-06-03,4,21,0.19047619047619047
F03,155,2026-06-04,0,21,0.0
F03,156,2026-06-05,0,21,0.0
F03,157,2026-06-06,1,21,0.047619047619047616
F03,158,2026-06-07,1,21,0.047619047619047616
F03,159,2026-06-08,4,21,0.19047619047619047
F03,160,2026-06-09,4,21,0.19047619047619047
F03,161,2026-06-10,4,21,0.19047619047619047
F03,162,2026-06-11,4,21,0.19047619047619047
F03,163,2026-06-12,4,21,0.19047619047619047
F03,164,2026-06-13,0,21,0.0
F03,165,2026-06-14,0,21,0.0
F04,5,2026-01-05,0,21,0.0
F04,6,2026-01-06,0,21,0.0
F04,7,2026-01-07,0,21,0.0
F04,8,2026-01-08,0,21,0.0
F04,9,2026-01-09,0,21,0.0
F04,10,2026-01-10,0,21,0.0
F04,11,2026-01-11,0,21,0.0
F04,12,2026-01-12,0,21,0.0
F04,13,2026-01-13,0,21,0.0
F04,14,2026-01-14,0,21,0.0
F04,15,2026-01-15,0,21,0.0
F04,16,2026-01-16,0,21,0.0
F04,17,2026-01-17,0,21,0.0
F04,18,2026-01-18,0,21,0.0
F04,19,2026-01-19,1,21,0.047619047619047616
F04,20,2026-01-20,7,21,0.3333333333333333
F04,21,2026-01-21,7,21,0.3333333333333333
F04,22,2026-01-22,7,21,0.3333333333333333
F04,23,2026-01-23,7,21,0.3333333333333333
F04,24,2026-01-24,7,21,0.3333333333333333
F04,25,2026-01-25,7,21,0.3333333333333333
F04,26,2026-01-26,7,21,0.3333333333333333
F04,27,2026-01-27,2,21,0.09523809523809523
F04,28,2026-01-28,2,21,0.09523809523809523
F04,29,2026-01-29,2,21,0.09523809523809523
F04,30,2026-01-30,2,21,0.09523809523809523
F04,31,2026-01-31,2,21,0.09523809523809523
F04,32,2026-02-01,2,21,0.09523809523809523
F04,33,2026-02-02,2,21,0.09523809523809523
F04,34,2026-02-03,2,21,0.09523809523809523
F04,35,2026-02-04,0,21,0.0
F04,36,2026-02-05,0,21,0.0
F04,37,2026-02-06,2,21,0.09523809523809523
F04,38,2026-02-07,2,21,0.09523809523809523
F04,39,2026-02-08,2,21,0.09523809523809523
F04,40,2026-02-09,2,21,0.09523809523809523
F04,41,2026-02-10,2,21,0.09523809523809523
F04,42,2026-02-11,2,21,0.09523809523809523
F04,43,2026-02-12,2,21,0.09523809523809523
F04,44,2026-02-13,2,21,0.09523809523809523
F04,45,2026-02-14,2,21,0.09523809523809523
F04,46,2026-02-15,2,21,0.09523809523809523
F04,47,2026-02-16,2,21,0.09523809523809523
F04,48,2026-02-17,2,21,0.09523809523809523
F04,49,2026-02-18,2,21,0.09523809523809523
F04,50,2026-02-19,2,21,0.09523809523809523
F04,51,2026-02-20,2,21,0.09523809523809523
F04,52,2026-02-21,2,21,0.09523809523809523
F04,53,2026-02-22,2,21,0.09523809523809523
F04,54,2026-02-23,15,21,0.7142857142857143
F04,55,2026-02-24,19,21,0.9047619047619048
F04,56,2026-02-25,19,21,0.9047619047619048
F04,57,2026-02-26,19,21,0.9047619047619048
F04,58,2026-02-27,18,21,0.8571428571428571
F04,59,2026-02-28,18,21,0.8571428571428571
F04,60,2026-03-01,18,21,0.8571428571428571
F04,61,2026-03-02,18,21,0.8571428571428571
F04,62,2026-03-03,18,21,0.8571428571428571
F04,63,2026-03-04,18,21,0.8571428571428571
F04,64,2026-03-05,18,21,0.8571428571428571
F04,65,2026-03-06,16,21,0.7619047619047619
F04,66,2026-03-07,16,21,0.7619047619047619
F04,67,2026-03-08,16,21,0.7619047619047619
F04,68,2026-03-09,16,21,0.7619047619047619
F04,69,2026-03-10,16,21,0.7619047619047619
F04,70,2026-03-11,10,21,0.47619047619047616
F04,71,2026-03-12,10,21,0.47619047619047616
F04,72,2026-03-13,0,21,0.0
F04,73,2026-03-14,0,21,0.0
F04,74,2026-03-15,0,21,0.0
F04,75,2026-03-16,0,21,0.0
F04,76,2026-03-17,12,21,0.5714285714285714
F04,77,2026-03-18,12,21,0.5714285714285714
F04,78,2026-03-19,12,21,0.5714285714285714
F04,79,2026-03-20,12,21,0.5714285714285714
F04,80,2026-03-21,12,21,0.5714285714285714
F04,81,2026-03-22,12,21,0.5714285714285714
F04,82,2026-03-23,12,21,0.5714285714285714
F04,83,2026-03-24,12,21,0.5714285714285714
F04,84,2026-03-25,12,21,0.5714285714285714
F04,85,2026-03-26,12,21,0.5714285714285714
F04,86,2026-03-27,12,21,0.5714285714285714
F04,87,2026-03-28,12,21,0.5714285714285714
F04,88,2026-03-29,12,21,0.5714285714285714
F04,89,2026-03-30,0,21,0.0
F04,90,2026-03-31,0,21,0.0
F04,91,2026-04-01,0,21,0.0
F04,92,2026-04-02,0,21,0.0
F04,93,2026-04-03,0,21,0.0
F04,94,2026-04-04,0,21,0.0
F04,95,2026-04-05,0,21,0.0
F04,96,2026-04-06,0,21,0.0
F04,97,2026-04-07,0,21,0.0
F04,98,2026-04-08,0,21,0.0
F04,99,2026-04-09,0,21,0.0
F04,100,2026-04-10,0,21,0.0
F04,101,2026-04-11,0,21,0.0
F04,102,2026-04-12,0,21,0.0
F04,103,2026-04-13,0,21,0.0
F04,104,2026-04-14,0,21,0.0
F04,105,2026-04-15,0,21,0.0
F04,106,2026-04-16,0,21,0.0
F04,107,2026-04-17,0,21,0.0
F04,108,2026-04-18,0,21,0.0
F04,109,2026-04-19,0,21,0.0
F04,110,2026-04-20,0,21,0.0
F04,111,2026-04-21,0,21,0.0
F04,112,2026-04-22,0,21,0.0
F04,113,2026-04-23,0,21,0.0
F04,114,2026-04-24,0,21,0.0
F04,115,2026-04-25,0,21,0.0
F04,116,2026-04-26,0,21,0.0
F04,117,2026-04-27,0,21,0.0
F04,118,2026-04-28,0,21,0.0
F04,119,2026-04-29,0,21,0.0
F04,120,2026-04-30,0,21,0.0
F04,121,2026-05-01,0,21,0.0
F04,122,2026-05-02,0,21,0.0
F04,123,2026-05-03,0,21,0.0
F04,124,2026-05-04,0,21,0.0
F04,125,2026-05-05,0,21,0.0
F04,126,2026-05-06,0,21,0.0
F04,127,2026-05-07,0,21,0.0
F04,128,2026-05-08,0,21,0.0
F04,129,2026-05-09,0,21,0.0
F04,130,2026-05-10,0,21,0.0
F04,131,2026-05-11,0,21,0.0
F04,132,2026-05-12,0,21,0.0
F04,133,2026-05-13,0,21,0.0
F04,134,2026-05-14,0,21,0.0
F04,135,2026-05-15,0,21,0.0
F04,136,2026-05-16,0,21,0.0
F04,137,2026-05-17,0,21,0.0
F04,138,2026-05-18,0,21,0.0
F04,139,2026-05-19,0,21,0.0
F04,140,2026-05-20,0,21,0.0
F04,141,2026-05-21,4,21,0.19047619047619047
F04,142,2026-05-22,4,21,0.19047619047619047
F04,143,2026-05-23,4,21,0.19047619047619047
F04,144,2026-05-24,4,21,0.19047619047619047
F04,145,2026-05-25,0,21,0.0
F04,146,2026-05-26,0,21,0.0
F04,147,2026-05-27,0,21,0.0
F04,148,2026-05-28,0,21,0.0
F04,149,2026-05-29,0,21,0.0
F04,150,2026-05-30,0,21,0.0
F04,151,2026-05-31,0,21,0.0
F04,152,2026-06-01,0,21,0.0
F04,153,2026-06-02,0,21,0.0
F04,154,2026-06-03,0,21,0.0
F04,155,2026-06-04,0,21,0.0
F04,156,2026-06-05,0,21,0.0
F04,157,2026-06-06,0,21,0.0
F04,158,2026-06-07,0,21,0.0
F04,159,2026-06-08,0,21,0.0
F04,160,2026-06-09,9,21,0.42857142857142855
F04,161,2026-06-10,9,21,0.42857142857142855
F04,162,2026-06-11,0,21,0.0
F04,163,2026-06-12,0,21,0.0
F04,164,2026-06-13,0,21,0.0
F04,165,2026-06-14,0,21,0.0
F05,5,2026-01-05,0,21,0.0
F05,6,2026-01-06,0,21,0.0
F05,7,2026-01-07,0,21,0.0
F05,8,2026-01-08,0,21,0.0
F05,9,2026-01-09,0,21,0.0
F05,10,2026-01-10,0,21,0.0
F05,11,2026-01-11,0,21,0.0
F05,12,2026-01-12,0,21,0.0
F05,13,2026-01-13,0,21,0.0
F05,14,2026-01-14,0,21,0.0
F05,15,2026-01-15,0,21,0.0
F05,16,2026-01-16,0,21,0.0
F05,17,2026-01-17,0,21,0.0
F05,18,2026-01-18,0,21,0.0
F05,19,2026-01-19,0,21,0.0
F05,20,2026-01-20,5,21,0.23809523809523808
F05,21,2026-01-21,11,21,0.5238095238095238
F05,22,2026-01-22,0,21,0.0
F05,23,2026-01-23,0,21,0.0
F05,24,2026-01-24,0,21,0.0
F05,25,2026-01-25,0,21,0.0
F05,26,2026-01-26,0,21,0.0
F05,27,2026-01-27,0,21,0.0
F05,28,2026-01-28,0,21,0.0
F05,29,2026-01-29,0,21,0.0
F05,30,2026-01-30,0,21,0.0
F05,31,2026-01-31,0,21,0.0
F05,32,2026-02-01,0,21,0.0
F05,33,2026-02-02,0,21,0.0
F05,34,2026-02-03,0,21,0.0
F05,35,2026-02-04,0,21,0.0
F05,36,2026-02-05,0,21,0.0
F05,37,2026-02-06,0,21,0.0
F05,38,2026-02-07,0,21,0.0
F05,39,2026-02-08,0,21,0.0
F05,40,2026-02-09,0,21,0.0
F05,41,2026-02-10,0,21,0.0
F05,42,2026-02-11,0,21,0.0
F05,43,2026-02-12,0,21,0.0
F05,44,2026-02-13,0,21,0.0
F05,45,2026-02-14,0,21,0.0
F05,46,2026-02-15,0,21,0.0
F05,47,2026-02-16,0,21,0.0
F05,48,2026-02-17,0,21,0.0
F05,49,2026-02-18,0,21,0.0
F05,50,2026-02-19,0,21,0.0
F05,51,2026-02-20,0,21,0.0
F05,52,2026-02-21,0,21,0.0
F05,53,2026-02-22,0,21,0.0
F05,54,2026-02-23,0,21,0.0
F05,55,2026-02-24,8,21,0.38095238095238093
F05,56,2026-02-25,8,21,0.38095238095238093
F05,57,2026-02-26,8,21,0.38095238095238093
F05,58,2026-02-27,8,21,0.38095238095238093
F05,59,2026-02-28,8,21,0.38095238095238093
F05,60,2026-03-01,8,21,0.38095238095238093
F05,61,2026-03-02,8,21,0.38095238095238093
F05,62,2026-03-03,8,21,0.38095238095238093
F05,63,2026-03-04,8,21,0.38095238095238093
F05,64,2026-03-05,8,21,0.38095238095238093
F05,65,2026-03-06,8,21,0.38095238095238093
F05,66,2026-03-07,8,21,0.38095238095238093
F05,67,2026-03-08,8,21,0.38095238095238093
F05,68,2026-03-09,8,21,0.38095238095238093
F05,69,2026-03-10,8,21,0.38095238095238093
F05,70,2026-03-11,5,21,0.23809523809523808
F05,71,2026-03-12,5,21,0.23809523809523808
F05,72,2026-03-13,0,21,0.0
F05,73,2026-03-14,0,21,0.0
F05,74,2026-03-15,0,21,0.0
F05,75,2026-03-16,0,21,0.0
F05,76,2026-03-17,0,21,0.0
F05,77,2026-03-18,0,21,0.0
F05,78,2026-03-19,11,21,0.5238095238095238
F05,79,2026-03-20,15,21,0.7142857142857143
F05,80,2026-03-21,15,21,0.7142857142857143
F05,81,2026-03-22,15,21,0.7142857142857143
F05,82,2026-03-23,15,21,0.7142857142857143
F05,83,2026-03-24,15,21,0.7142857142857143
F05,84,2026-03-25,15,21,0.7142857142857143
F05,85,2026-03-26,15,21,0.7142857142857143
F05,86,2026-03-27,15,21,0.7142857142857143
F05,87,2026-03-28,15,21,0.7142857142857143
F05,88,2026-03-29,15,21,0.7142857142857143
F05,89,2026-03-30,15,21,0.7142857142857143
F05,90,2026-03-31,15,21,0.7142857142857143
F05,91,2026-04-01,15,21,0.7142857142857143
F05,92,2026-04-02,13,21,0.6190476190476191
F05,93,2026-04-03,13,21,0.6190476190476191
F05,94,2026-04-04,13,21,0.6190476190476191
F05,95,2026-04-05,13,21,0.6190476190476191
F05,96,2026-04-06,13,21,0.6190476190476191
F05,97,2026-04-07,13,21,0.6190476190476191
F05,98,2026-04-08,13,21,0.6190476190476191
F05,99,2026-04-09,13,21,0.6190476190476191
F05,100,2026-04-10,13,21,0.6190476190476191
F05,101,2026-04-11,13,21,0.6190476190476191
F05,102,2026-04-12,13,21,0.6190476190476191
F05,103,2026-04-13,13,21,0.6190476190476191
F05,104,2026-04-14,13,21,0.6190476190476191
F05,105,2026-04-15,13,21,0.6190476190476191
F05,106,2026-04-16,3,21,0.14285714285714285
F05,107,2026-04-17,3,21,0.14285714285714285
F05,108,2026-04-18,3,21,0.14285714285714285
F05,109,2026-04-19,3,21,0.14285714285714285
F05,110,2026-04-20,3,21,0.14285714285714285
F05,111,2026-04-21,3,21,0.14285714285714285
F05,112,2026-04-22,0,21,0.0
F05,113,2026-04-23,0,21,0.0
F05,114,2026-04-24,0,21,0.0
F05,115,2026-04-25,0,21,0.0
F05,116,2026-04-26,0,21,0.0
F05,117,2026-04-27,0,21,0.0
F05,118,2026-04-28,0,21,0.0
F05,119,2026-04-29,0,21,0.0
F05,120,2026-04-30,0,21,0.0
F05,121,2026-05-01,0,21,0.0
F05,122,2026-05-02,0,21,0.0
F05,123,2026-05-03,0,21,0.0
F05,124,2026-05-04,0,21,0.0
F05,125,2026-05-05,0,21,0.0
F05,126,2026-05-06,0,21,0.0
F05,127,2026-05-07,0,21,0.0
F05,128,2026-05-08,12,21,0.5714285714285714
F05,129,2026-05-09,12,21,0.5714285714285714
F05,130,2026-05-10,12,21,0.5714285714285714
F05,131,2026-05-11,0,21,0.0
F05,132,2026-05-12,0,21,0.0
F05,133,2026-05-13,0,21,0.0
F05,134,2026-05-14,0,21,0.0
F05,135,2026-05-15,0,21,0.0
F05,136,2026-05-16,0,21,0.0
F05,137,2026-05-17,0,21,0.0
F05,138,2026-05-18,0,21,0.0
F05,139,2026-05-19,0,21,0.0
F05,140,2026-05-20,0,21,0.0
F05,141,2026-05-21,0,21,0.0
F05,142,2026-05-22,0,21,0.0
F05,143,2026-05-23,0,21,0.0
F05,144,2026-05-24,0,21,0.0
F05,145,2026-05-25,0,21,0.0
F05,146,2026-05-26,0,21,0.0
F05,147,2026-05-27,0,21,0.0
F05,148,2026-05-28,0,21,0.0
F05,149,2026-05-29,6,21,0.2857142857142857
F05,150,2026-05-30,6,21,0.2857142857142857
F05,151,2026-05-31,6,21,0.2857142857142857
F05,152,2026-06-01,6,21,0.2857142857142857
F05,153,2026-06-02,6,21,0.2857142857142857
F05,154,2026-06-03,6,21,0.2857142857142857
F05,155,2026-06-04,6,21,0.2857142857142857
F05,156,2026-06-05,6,21,0.2857142857142857
F05,157,2026-06-06,8,21,0.38095238095238093
F05,158,2026-06-07,8,21,0.38095238095238093
F05,159,2026-06-08,11,21,0.5238095238095238
F05,160,2026-06-09,11,21,0.5238095238095238
F05,161,2026-06-10,3,21,0.14285714285714285
F05,162,2026-06-11,10,21,0.47619047619047616
F05,163,2026-06-12,10,21,0.47619047619047616
F05,164,2026-06-13,0,21,0.0
F05,165,2026-06-14,0,21,0.0
F06,5,2026-01-05,0,21,0.0
F06,6,2026-01-06,0,21,0.0
F06,7,2026-01-07,0,21,0.0
F06,8,2026-01-08,0,21,0.0
F06,9,2026-01-09,0,21,0.0
F06,10,2026-01-10,0,21,0.0
F06,11,2026-01-11,0,21,0.0
F06,12,2026-01-12,0,21,0.0
F06,13,2026-01-13,0,21,0.0
F06,14,2026-01-14,0,21,0.0
F06,15,2026-01-15,0,21,0.0
F06,16,2026-01-16,0,21,0.0
F06,17,2026-01-17,0,21,0.0
F06,18,2026-01-18,0,21,0.0
F06,19,2026-01-19,0,21,0.0
F06,20,2026-01-20,0,21,0.0
F06,21,2026-01-21,0,21,0.0
F06,22,2026-01-22,0,21,0.0
F06,23,2026-01-23,0,21,0.0
F06,24,2026-01-24,0,21,0.0
F06,25,2026-01-25,0,21,0.0
F06,26,2026-01-26,0,21,0.0
F06,27,2026-01-27,0,21,0.0
F06,28,2026-01-28,0,21,0.0
F06,29,2026-01-29,0,21,0.0
F06,30,2026-01-30,0,21,0.0
F06,31,2026-01-31,0,21,0.0
F06,32,2026-02-01,0,21,0.0
F06,33,2026-02-02,0,21,0.0
F06,34,2026-02-03,0,21,0.0
F06,35,2026-02-04,0,21,0.0
F06,36,2026-02-05,0,21,0.0
F06,37,2026-02-06,0,21,0.0
F06,38,2026-02-07,0,21,0.0
F06,39,2026-02-08,0,21,0.0
F06,40,2026-02-09,0,21,0.0
F06,41,2026-02-10,0,21,0.0
F06,42,2026-02-11,0,21,0.0
F06,43,2026-02-12,0,21,0.0
F06,44,2026-02-13,0,21,0.0
F06,45,2026-02-14,0,21,0.0
F06,46,2026-02-15,0,21,0.0
F06,47,2026-02-16,0,21,0.0
F06,48,2026-02-17,0,21,0.0
F06,49,2026-02-18,0,21,0.0
F06,50,2026-02-19,0,21,0.0
F06,51,2026-02-20,0,21,0.0
F06,52,2026-02-21,0,21,0.0
F06,53,2026-02-22,0,21,0.0
F06,54,2026-02-23,0,21,0.0
F06,55,2026-02-24,0,21,0.0
F06,56,2026-02-25,0,21,0.0
F06,57,2026-02-26,0,21,0.0
F06,58,2026-02-27,0,21,0.0
F06,59,2026-02-28,0,21,0.0
F06,60,2026-03-01,0,21,0.0
F06,61,2026-03-02,0,21,0.0
F06,62,2026-03-03,0,21,0.0
F06,63,2026-03-04,0,21,0.0
F06,64,2026-03-05,0,21,0.0
F06,65,2026-03-06,0,21,0.0
F06,66,2026-03-07,0,21,0.0
F06,67,2026-03-08,0,21,0.0
F06,68,2026-03-09,0,21,0.0
F06,69,2026-03-10,0,21,0.0
F06,70,2026-03-11,0,21,0.0
F06,71,2026-03-12,0,21,0.0
F06,72,2026-03-13,0,21,0.0
F06,73,2026-03-14,0,21,0.0
F06,74,2026-03-15,0,21,0.0
F06,75,2026-03-16,0,21,0.0
F06,76,2026-03-17,0,21,0.0
F06,77,2026-03-18,0,21,0.0
F06,78,2026-03-19,0,21,0.0
F06,79,2026-03-20,5,21,0.23809523809523808
F06,80,2026-03-21,5,21,0.23809523809523808
F06,81,2026-03-22,5,21,0.23809523809523808
F06,82,2026-03-23,10,21,0.47619047619047616
F06,83,2026-03-24,10,21,0.47619047619047616
F06,84,2026-03-25,10,21,0.47619047619047616
F06,85,2026-03-26,10,21,0.47619047619047616
F06,86,2026-03-27,10,21,0.47619047619047616
F06,87,2026-03-28,10,21,0.47619047619047616
F06,88,2026-03-29,10,21,0.47619047619047616
F06,89,2026-03-30,10,21,0.47619047619047616
F06,90,2026-03-31,10,21,0.47619047619047616
F06,91,2026-04-01,10,21,0.47619047619047616
F06,92,2026-04-02,6,21,0.2857142857142857
F06,93,2026-04-03,6,21,0.2857142857142857
F06,94,2026-04-04,6,21,0.2857142857142857
F06,95,2026-04-05,6,21,0.2857142857142857
F06,96,2026-04-06,6,21,0.2857142857142857
F06,97,2026-04-07,6,21,0.2857142857142857
F06,98,2026-04-08,6,21,0.2857142857142857
F06,99,2026-04-09,6,21,0.2857142857142857
F06,100,2026-04-10,6,21,0.2857142857142857
F06,101,2026-04-11,6,21,0.2857142857142857
F06,102,2026-04-12,6,21,0.2857142857142857
F06,103,2026-04-13,6,21,0.2857142857142857
F06,104,2026-04-14,6,21,0.2857142857142857
F06,105,2026-04-15,6,21,0.2857142857142857
F06,106,2026-04-16,6,21,0.2857142857142857
F06,107,2026-04-17,6,21,0.2857142857142857
F06,108,2026-04-18,6,21,0.2857142857142857
F06,109,2026-04-19,6,21,0.2857142857142857
F06,110,2026-04-20,6,21,0.2857142857142857
F06,111,2026-04-21,6,21,0.2857142857142857
F06,112,2026-04-22,0,21,0.0
F06,113,2026-04-23,0,21,0.0
F06,114,2026-04-24,0,21,0.0
F06,115,2026-04-25,0,21,0.0
F06,116,2026-04-26,0,21,0.0
F06,117,2026-04-27,0,21,0.0
F06,118,2026-04-28,0,21,0.0
F06,119,2026-04-29,0,21,0.0
F06,120,2026-04-30,0,21,0.0
F06,121,2026-05-01,0,21,0.0
F06,122,2026-05-02,0,21,0.0
F06,123,2026-05-03,0,21,0.0
F06,124,2026-05-04,0,21,0.0
F06,125,2026-05-05,0,21,0.0
F06,126,2026-05-06,0,21,0.0
F06,127,2026-05-07,0,21,0.0
F06,128,2026-05-08,0,21,0.0
F06,129,2026-05-09,0,21,0.0
F06,130,2026-05-10,0,21,0.0
F06,131,2026-05-11,0,21,0.0
F06,132,2026-05-12,0,21,0.0
F06,133,2026-05-13,0,21,0.0
F06,134,2026-05-14,0,21,0.0
F06,135,2026-05-15,0,21,0.0
F06,136,2026-05-16,0,21,0.0
F06,137,2026-05-17,0,21,0.0
F06,138,2026-05-18,0,21,0.0
F06,139,2026-05-19,0,21,0.0
F06,140,2026-05-20,0,21,0.0
F06,141,2026-05-21,0,21,0.0
F06,142,2026-05-22,0,21,0.0
F06,143,2026-05-23,0,21,0.0
F06,144,2026-05-24,0,21,0.0
F06,145,2026-05-25,0,21,0.0
F06,146,2026-05-26,0,21,0.0
F06,147,2026-05-27,0,21,0.0
F06,148,2026-05-28,0,21,0.0
F06,149,2026-05-29,0,21,0.0
F06,150,2026-05-30,0,21,0.0
F06,151,2026-05-31,0,21,0.0
F06,152,2026-06-01,0,21,0.0
F06,153,2026-06-02,0,21,0.0
F06,154,2026-06-03,0,21,0.0
F06,155,2026-06-04,0,21,0.0
F06,156,2026-06-05,0,21,0.0
F06,157,2026-06-06,0,21,0.0
F06,158,2026-06-07,0,21,0.0
F06,159,2026-06-08,0,21,0.0
F06,160,2026-06-09,0,21,0.0
F06,161,2026-06-10,0,21,0.0
F06,162,2026-06-11,0,21,0.0
F06,163,2026-06-12,0,21,0.0
F06,164,2026-06-13,0,21,0.0
F06,165,2026-06-14,0,21,0.0
F07,5,2026-01-05,0,21,0.0
F07,6,2026-01-06,0,21,0.0
F07,7,2026-01-07,0,21,0.0
F07,8,2026-01-08,0,21,0.0
F07,9,2026-01-09,0,21,0.0
F07,10,2026-01-10,0,21,0.0
F07,11,2026-01-11,0,21,0.0
F07,12,2026-01-12,0,21,0.0
F07,13,2026-01-13,0,21,0.0
F07,14,2026-01-14,0,21,0.0
F07,15,2026-01-15,0,21,0.0
F07,16,2026-01-16,0,21,0.0
F07,17,2026-01-17,0,21,0.0
F07,18,2026-01-18,0,21,0.0
F07,19,2026-01-19,0,21,0.0
F07,20,2026-01-20,0,21,0.0
F07,21,2026-01-21,0,21,0.0
F07,22,2026-01-22,0,21,0.0
F07,23,2026-01-23,0,21,0.0
F07,24,2026-01-24,0,21,0.0
F07,25,2026-01-25,0,21,0.0
F07,26,2026-01-26,0,21,0.0
F07,27,2026-01-27,0,21,0.0
F07,28,2026-01-28,0,21,0.0
F07,29,2026-01-29,0,21,0.0
F07,30,2026-01-30,0,21,0.0
F07,31,2026-01-31,0,21,0.0
F07,32,2026-02-01,0,21,0.0
F07,33,2026-02-02,0,21,0.0
F07,34,2026-02-03,0,21,0.0
F07,35,2026-02-04,0,21,0.0
F07,36,2026-02-05,0,21,0.0
F07,37,2026-02-06,0,21,0.0
F07,38,2026-02-07,0,21,0.0
F07,39,2026-02-08,0,21,0.0
F07,40,2026-02-09,0,21,0.0
F07,41,2026-02-10,0,21,0.0
F07,42,2026-02-11,0,21,0.0
F07,43,2026-02-12,0,21,0.0
F07,44,2026-02-13,0,21,0.0
F07,45,2026-02-14,0,21,0.0
F07,46,2026-02-15,0,21,0.0
F07,47,2026-02-16,0,21,0.0
F07,48,2026-02-17,0,21,0.0
F07,49,2026-02-18,0,21,0.0
F07,50,2026-02-19,0,21,0.0
F07,51,2026-02-20,0,21,0.0
F07,52,2026-02-21,0,21,0.0
F07,53,2026-02-22,0,21,0.0
F07,54,2026-02-23,0,21,0.0
F07,55,2026-02-24,0,21,0.0
F07,56,2026-02-25,0,21,0.0
F07,57,2026-02-26,0,21,0.0
F07,58,2026-02-27,0,21,0.0
F07,59,2026-02-28,0,21,0.0
F07,60,2026-03-01,0,21,0.0
F07,61,2026-03-02,0,21,0.0
F07,62,2026-03-03,0,21,0.0
F07,63,2026-03-04,0,21,0.0
F07,64,2026-03-05,0,21,0.0
F07,65,2026-03-06,0,21,0.0
F07,66,2026-03-07,0,21,0.0
F07,67,2026-03-08,0,21,0.0
F07,68,2026-03-09,0,21,0.0
F07,69,2026-03-10,0,21,0.0
F07,70,2026-03-11,0,21,0.0
F07,71,2026-03-12,0,21,0.0
F07,72,2026-03-13,0,21,0.0
F07,73,2026-03-14,0,21,0.0
F07,74,2026-03-15,0,21,0.0
F07,75,2026-03-16,0,21,0.0
F07,76,2026-03-17,0,21,0.0
F07,77,2026-03-18,0,21,0.0
F07,78,2026-03-19,0,21,0.0
F07,79,2026-03-20,0,21,0.0
F07,80,2026-03-21,0,21,0.0
F07,81,2026-03-22,0,21,0.0
F07,82,2026-03-23,0,21,0.0
F07,83,2026-03-24,0,21,0.0
F07,84,2026-03-25,0,21,0.0
F07,85,2026-03-26,0,21,0.0
F07,86,2026-03-27,0,21,0.0
F07,87,2026-03-28,0,21,0.0
F07,88,2026-03-29,0,21,0.0
F07,89,2026-03-30,0,21,0.0
F07,90,2026-03-31,1,21,0.047619047619047616
F07,91,2026-04-01,4,21,0.19047619047619047
F07,92,2026-04-02,5,21,0.23809523809523808
F07,93,2026-04-03,5,21,0.23809523809523808
F07,94,2026-04-04,5,21,0.23809523809523808
F07,95,2026-04-05,5,21,0.23809523809523808
F07,96,2026-04-06,1,21,0.047619047619047616
F07,97,2026-04-07,17,21,0.8095238095238095
F07,98,2026-04-08,17,21,0.8095238095238095
F07,99,2026-04-09,17,21,0.8095238095238095
F07,100,2026-04-10,17,21,0.8095238095238095
F07,101,2026-04-11,17,21,0.8095238095238095
F07,102,2026-04-12,17,21,0.8095238095238095
F07,103,2026-04-13,17,21,0.8095238095238095
F07,104,2026-04-14,16,21,0.7619047619047619
F07,105,2026-04-15,0,21,0.0
F07,106,2026-04-16,0,21,0.0
F07,107,2026-04-17,0,21,0.0
F07,108,2026-04-18,0,21,0.0
F07,109,2026-04-19,0,21,0.0
F07,110,2026-04-20,0,21,0.0
F07,111,2026-04-21,0,21,0.0
F07,112,2026-04-22,0,21,0.0
F07,113,2026-04-23,0,21,0.0
F07,114,2026-04-24,0,21,0.0
F07,115,2026-04-25,0,21,0.0
F07,116,2026-04-26,0,21,0.0
F07,117,2026-04-27,0,21,0.0
F07,118,2026-04-28,0,21,0.0
F07,119,2026-04-29,0,21,0.0
F07,120,2026-04-30,0,21,0.0
F07,121,2026-05-01,0,21,0.0
F07,122,2026-05-02,0,21,0.0
F07,123,2026-05-03,0,21,0.0
F07,124,2026-05-04,0,21,0.0
F07,125,2026-05-05,0,21,0.0
F07,126,2026-05-06,0,21,0.0
F07,127,2026-05-07,0,21,0.0
F07,128,2026-05-08,0,21,0.0
F07,129,2026-05-09,0,21,0.0
F07,130,2026-05-10,0,21,0.0
F07,131,2026-05-11,0,21,0.0
F07,132,2026-05-12,0,21,0.0
F07,133,2026-05-13,0,21,0.0
F07,134,2026-05-14,0,21,0.0
F07,135,2026-05-15,0,21,0.0
F07,136,2026-05-16,0,21,0.0
F07,137,2026-05-17,0,21,0.0
F07,138,2026-05-18,0,21,0.0
F07,139,2026-05-19,0,21,0.0
F07,140,2026-05-20,0,21,0.0
F07,141,2026-05-21,0,21,0.0
F07,142,2026-05-22,0,21,0.0
F07,143,2026-05-23,0,21,0.0
F07,144,2026-05-24,0,21,0.0
F07,145,2026-05-25,0,21,0.0
F07,146,2026-05-26,0,21,0.0
F07,147,2026-05-27,0,21,0.0
F07,148,2026-05-28,0,21,0.0
F07,149,2026-05-29,0,21,0.0
F07,150,2026-05-30,0,21,0.0
F07,151,2026-05-31,0,21,0.0
F07,152,2026-06-01,0,21,0.0
F07,153,2026-06-02,0,21,0.0
F07,154,2026-06-03,0,21,0.0
F07,155,2026-06-04,0,21,0.0
F07,156,2026-06-05,0,21,0.0
F07,157,2026-06-06,0,21,0.0
F07,158,2026-06-07,0,21,0.0
F07,159,2026-06-08,0,21,0.0
F07,160,2026-06-09,0,21,0.0
F07,161,2026-06-10,0,21,0.0
F07,162,2026-06-11,11,21,0.5238095238095238
F07,163,2026-06-12,0,21,0.0
F07,164,2026-06-13,0,21,0.0
F07,165,2026-06-14,0,21,0.0
F08,5,2026-01-05,0,21,0.0
F08,6,2026-01-06,0,21,0.0
F08,7,2026-01-07,0,21,0.0
F08,8,2026-01-08,0,21,0.0
F08,9,2026-01-09,0,21,0.0
F08,10,2026-01-10,0,21,0.0
F08,11,2026-01-11,0,21,0.0
F08,12,2026-01-12,0,21,0.0
F08,13,2026-01-13,0,21,0.0
F08,14,2026-01-14,0,21,0.0
F08,15,2026-01-15,0,21,0.0
F08,16,2026-01-16,0,21,0.0
F08,17,2026-01-17,0,21,0.0
F08,18,2026-01-18,0,21,0.0
F08,19,2026-01-19,0,21,0.0
F08,20,2026-01-20,0,21,0.0
F08,21,2026-01-21,0,21,0.0
F08,22,2026-01-22,0,21,0.0
F08,23,2026-01-23,0,21,0.0
F08,24,2026-01-24,0,21,0.0
F08,25,2026-01-25,0,21,0.0
F08,26,2026-01-26,0,21,0.0
F08,27,2026-01-27,0,21,0.0
F08,28,2026-01-28,0,21,0.0
F08,29,2026-01-29,0,21,0.0
F08,30,2026-01-30,0,21,0.0
F08,31,2026-01-31,0,21,0.0
F08,32,2026-02-01,0,21,0.0
F08,33,2026-02-02,0,21,0.0
F08,34,2026-02-03,0,21,0.0
F08,35,2026-02-04,0,21,0.0
F08,36,2026-02-05,0,21,0.0
F08,37,2026-02-06,0,21,0.0
F08,38,2026-02-07,0,21,0.0
F08,39,2026-02-08,0,21,0.0
F08,40,2026-02-09,0,21,0.0
F08,41,2026-02-10,0,21,0.0
F08,42,2026-02-11,0,21,0.0
F08,43,2026-02-12,0,21,0.0
F08,44,2026-02-13,0,21,0.0
F08,45,2026-02-14,0,21,0.0
F08,46,2026-02-15,0,21,0.0
F08,47,2026-02-16,0,21,0.0
F08,48,2026-02-17,0,21,0.0
F08,49,2026-02-18,0,21,0.0
F08,50,2026-02-19,0,21,0.0
F08,51,2026-02-20,0,21,0.0
F08,52,2026-02-21,0,21,0.0
F08,53,2026-02-22,0,21,0.0
F08,54,2026-02-23,0,21,0.0
F08,55,2026-02-24,7,21,0.3333333333333333
F08,56,2026-02-25,12,21,0.5714285714285714
F08,57,2026-02-26,12,21,0.5714285714285714
F08,58,2026-02-27,12,21,0.5714285714285714
F08,59,2026-02-28,12,21,0.5714285714285714
F08,60,2026-03-01,12,21,0.5714285714285714
F08,61,2026-03-02,12,21,0.5714285714285714
F08,62,2026-03-03,12,21,0.5714285714285714
F08,63,2026-03-04,12,21,0.5714285714285714
F08,64,2026-03-05,12,21,0.5714285714285714
F08,65,2026-03-06,0,21,0.0
F08,66,2026-03-07,0,21,0.0
F08,67,2026-03-08,0,21,0.0
F08,68,2026-03-09,3,21,0.14285714285714285
F08,69,2026-03-10,3,21,0.14285714285714285
F08,70,2026-03-11,3,21,0.14285714285714285
F08,71,2026-03-12,3,21,0.14285714285714285
F08,72,2026-03-13,3,21,0.14285714285714285
F08,73,2026-03-14,0,21,0.0
F08,74,2026-03-15,0,21,0.0
F08,75,2026-03-16,0,21,0.0
F08,76,2026-03-17,0,21,0.0
F08,77,2026-03-18,0,21,0.0
F08,78,2026-03-19,0,21,0.0
F08,79,2026-03-20,0,21,0.0
F08,80,2026-03-21,0,21,0.0
F08,81,2026-03-22,0,21,0.0
F08,82,2026-03-23,10,21,0.47619047619047616
F08,83,2026-03-24,12,21,0.5714285714285714
F08,84,2026-03-25,35,21,1.6666666666666667
F08,85,2026-03-26,25,21,1.1904761904761905
F08,86,2026-03-27,12,21,0.5714285714285714
F08,87,2026-03-28,12,21,0.5714285714285714
F08,88,2026-03-29,12,21,0.5714285714285714
F08,89,2026-03-30,12,21,0.5714285714285714
F08,90,2026-03-31,13,21,0.6190476190476191
F08,91,2026-04-01,19,21,0.9047619047619048
F08,92,2026-04-02,24,21,1.1428571428571428
F08,93,2026-04-03,24,21,1.1428571428571428
F08,94,2026-04-04,18,21,0.8571428571428571
F08,95,2026-04-05,18,21,0.8571428571428571
F08,96,2026-04-06,17,21,0.8095238095238095
F08,97,2026-04-07,14,21,0.6666666666666666
F08,98,2026-04-08,10,21,0.47619047619047616
F08,99,2026-04-09,6,21,0.2857142857142857
F08,100,2026-04-10,6,21,0.2857142857142857
F08,101,2026-04-11,6,21,0.2857142857142857
F08,102,2026-04-12,6,21,0.2857142857142857
F08,103,2026-04-13,6,21,0.2857142857142857
F08,104,2026-04-14,12,21,0.5714285714285714
F08,105,2026-04-15,12,21,0.5714285714285714
F08,106,2026-04-16,12,21,0.5714285714285714
F08,107,2026-04-17,12,21,0.5714285714285714
F08,108,2026-04-18,6,21,0.2857142857142857
F08,109,2026-04-19,6,21,0.2857142857142857
F08,110,2026-04-20,0,21,0.0
F08,111,2026-04-21,0,21,0.0
F08,112,2026-04-22,0,21,0.0
F08,113,2026-04-23,0,21,0.0
F08,114,2026-04-24,0,21,0.0
F08,115,2026-04-25,0,21,0.0
F08,116,2026-04-26,0,21,0.0
F08,117,2026-04-27,0,21,0.0
F08,118,2026-04-28,0,21,0.0
F08,119,2026-04-29,0,21,0.0
F08,120,2026-04-30,0,21,0.0
F08,121,2026-05-01,0,21,0.0
F08,122,2026-05-02,0,21,0.0
F08,123,2026-05-03,0,21,0.0
F08,124,2026-05-04,0,21,0.0
F08,125,2026-05-05,0,21,0.0
F08,126,2026-05-06,0,21,0.0
F08,127,2026-05-07,0,21,0.0
F08,128,2026-05-08,0,21,0.0
F08,129,2026-05-09,0,21,0.0
F08,130,2026-05-10,0,21,0.0
F08,131,2026-05-11,0,21,0.0
F08,132,2026-05-12,0,21,0.0
F08,133,2026-05-13,0,21,0.0
F08,134,2026-05-14,0,21,0.0
F08,135,2026-05-15,0,21,0.0
F08,136,2026-05-16,0,21,0.0
F08,137,2026-05-17,0,21,0.0
F08,138,2026-05-18,0,21,0.0
F08,139,2026-05-19,0,21,0.0
F08,140,2026-05-20,0,21,0.0
F08,141,2026-05-21,0,21,0.0
F08,142,2026-05-22,0,21,0.0
F08,143,2026-05-23,0,21,0.0
F08,144,2026-05-24,0,21,0.0
F08,145,2026-05-25,0,21,0.0
F08,146,2026-05-26,0,21,0.0
F08,147,2026-05-27,0,21,0.0
F08,148,2026-05-28,0,21,0.0
F08,149,2026-05-29,0,21,0.0
F08,150,2026-05-30,0,21,0.0
F08,151,2026-05-31,0,21,0.0
F08,152,2026-06-01,0,21,0.0
F08,153,2026-06-02,0,21,0.0
F08,154,2026-06-03,0,21,0.0
F08,155,2026-06-04,0,21,0.0
F08,156,2026-06-05,0,21,0.0
F08,157,2026-06-06,0,21,0.0
F08,158,2026-06-07,0,21,0.0
F08,159,2026-06-08,0,21,0.0
F08,160,2026-06-09,0,21,0.0
F08,161,2026-06-10,0,21,0.0
F08,162,2026-06-11,0,21,0.0
F08,163,2026-06-12,0,21,0.0
F08,164,2026-06-13,0,21,0.0
F08,165,2026-06-14,0,21,0.0
F09,5,2026-01-05,0,21,0.0
F09,6,2026-01-06,0,21,0.0
F09,7,2026-01-07,0,21,0.0
F09,8,2026-01-08,0,21,0.0
F09,9,2026-01-09,0,21,0.0
F09,10,2026-01-10,0,21,0.0
F09,11,2026-01-11,0,21,0.0
F09,12,2026-01-12,0,21,0.0
F09,13,2026-01-13,0,21,0.0
F09,14,2026-01-14,1,21,0.047619047619047616
F09,15,2026-01-15,8,21,0.38095238095238093
F09,16,2026-01-16,8,21,0.38095238095238093
F09,17,2026-01-17,8,21,0.38095238095238093
F09,18,2026-01-18,8,21,0.38095238095238093
F09,19,2026-01-19,8,21,0.38095238095238093
F09,20,2026-01-20,8,21,0.38095238095238093
F09,21,2026-01-21,1,21,0.047619047619047616
F09,22,2026-01-22,1,21,0.047619047619047616
F09,23,2026-01-23,1,21,0.047619047619047616
F09,24,2026-01-24,1,21,0.047619047619047616
F09,25,2026-01-25,1,21,0.047619047619047616
F09,26,2026-01-26,1,21,0.047619047619047616
F09,27,2026-01-27,1,21,0.047619047619047616
F09,28,2026-01-28,1,21,0.047619047619047616
F09,29,2026-01-29,1,21,0.047619047619047616
F09,30,2026-01-30,0,21,0.0
F09,31,2026-01-31,0,21,0.0
F09,32,2026-02-01,0,21,0.0
F09,33,2026-02-02,0,21,0.0
F09,34,2026-02-03,1,21,0.047619047619047616
F09,35,2026-02-04,4,21,0.19047619047619047
F09,36,2026-02-05,4,21,0.19047619047619047
F09,37,2026-02-06,4,21,0.19047619047619047
F09,38,2026-02-07,4,21,0.19047619047619047
F09,39,2026-02-08,4,21,0.19047619047619047
F09,40,2026-02-09,4,21,0.19047619047619047
F09,41,2026-02-10,4,21,0.19047619047619047
F09,42,2026-02-11,4,21,0.19047619047619047
F09,43,2026-02-12,0,21,0.0
F09,44,2026-02-13,0,21,0.0
F09,45,2026-02-14,0,21,0.0
F09,46,2026-02-15,0,21,0.0
F09,47,2026-02-16,0,21,0.0
F09,48,2026-02-17,0,21,0.0
F09,49,2026-02-18,0,21,0.0
F09,50,2026-02-19,0,21,0.0
F09,51,2026-02-20,0,21,0.0
F09,52,2026-02-21,0,21,0.0
F09,53,2026-02-22,0,21,0.0
F09,54,2026-02-23,0,21,0.0
F09,55,2026-02-24,0,21,0.0
F09,56,2026-02-25,0,21,0.0
F09,57,2026-02-26,0,21,0.0
F09,58,2026-02-27,0,21,0.0
F09,59,2026-02-28,0,21,0.0
F09,60,2026-03-01,0,21,0.0
F09,61,2026-03-02,0,21,0.0
F09,62,2026-03-03,0,21,0.0
F09,63,2026-03-04,0,21,0.0
F09,64,2026-03-05,0,21,0.0
F09,65,2026-03-06,0,21,0.0
F09,66,2026-03-07,0,21,0.0
F09,67,2026-03-08,0,21,0.0
F09,68,2026-03-09,0,21,0.0
F09,69,2026-03-10,0,21,0.0
F09,70,2026-03-11,0,21,0.0
F09,71,2026-03-12,0,21,0.0
F09,72,2026-03-13,0,21,0.0
F09,73,2026-03-14,0,21,0.0
F09,74,2026-03-15,0,21,0.0
F09,75,2026-03-16,0,21,0.0
F09,76,2026-03-17,2,21,0.09523809523809523
F09,77,2026-03-18,6,21,0.2857142857142857
F09,78,2026-03-19,11,21,0.5238095238095238
F09,79,2026-03-20,11,21,0.5238095238095238
F09,80,2026-03-21,11,21,0.5238095238095238
F09,81,2026-03-22,11,21,0.5238095238095238
F09,82,2026-03-23,11,21,0.5238095238095238
F09,83,2026-03-24,11,21,0.5238095238095238
F09,84,2026-03-25,11,21,0.5238095238095238
F09,85,2026-03-26,11,21,0.5238095238095238
F09,86,2026-03-27,11,21,0.5238095238095238
F09,87,2026-03-28,6,21,0.2857142857142857
F09,88,2026-03-29,6,21,0.2857142857142857
F09,89,2026-03-30,6,21,0.2857142857142857
F09,90,2026-03-31,6,21,0.2857142857142857
F09,91,2026-04-01,6,21,0.2857142857142857
F09,92,2026-04-02,6,21,0.2857142857142857
F09,93,2026-04-03,6,21,0.2857142857142857
F09,94,2026-04-04,6,21,0.2857142857142857
F09,95,2026-04-05,6,21,0.2857142857142857
F09,96,2026-04-06,6,21,0.2857142857142857
F09,97,2026-04-07,5,21,0.23809523809523808
F09,98,2026-04-08,5,21,0.23809523809523808
F09,99,2026-04-09,5,21,0.23809523809523808
F09,100,2026-04-10,5,21,0.23809523809523808
F09,101,2026-04-11,5,21,0.23809523809523808
F09,102,2026-04-12,5,21,0.23809523809523808
F09,103,2026-04-13,5,21,0.23809523809523808
F09,104,2026-04-14,5,21,0.23809523809523808
F09,105,2026-04-15,5,21,0.23809523809523808
F09,106,2026-04-16,5,21,0.23809523809523808
F09,107,2026-04-17,5,21,0.23809523809523808
F09,108,2026-04-18,5,21,0.23809523809523808
F09,109,2026-04-19,5,21,0.23809523809523808
F09,110,2026-04-20,0,21,0.0
F09,111,2026-04-21,0,21,0.0
F09,112,2026-04-22,0,21,0.0
F09,113,2026-04-23,0,21,0.0
F09,114,2026-04-24,0,21,0.0
F09,115,2026-04-25,0,21,0.0
F09,116,2026-04-26,0,21,0.0
F09,117,2026-04-27,0,21,0.0
F09,118,2026-04-28,0,21,0.0
F09,119,2026-04-29,0,21,0.0
F09,120,2026-04-30,0,21,0.0
F09,121,2026-05-01,0,21,0.0
F09,122,2026-05-02,0,21,0.0
F09,123,2026-05-03,0,21,0.0
F09,124,2026-05-04,0,21,0.0
F09,125,2026-05-05,1,21,0.047619047619047616
F09,126,2026-05-06,0,21,0.0
F09,127,2026-05-07,0,21,0.0
F09,128,2026-05-08,0,21,0.0
F09,129,2026-05-09,0,21,0.0
F09,130,2026-05-10,0,21,0.0
F09,131,2026-05-11,0,21,0.0
F09,132,2026-05-12,0,21,0.0
F09,133,2026-05-13,0,21,0.0
F09,134,2026-05-14,0,21,0.0
F09,135,2026-05-15,0,21,0.0
F09,136,2026-05-16,0,21,0.0
F09,137,2026-05-17,0,21,0.0
F09,138,2026-05-18,0,21,0.0
F09,139,2026-05-19,0,21,0.0
F09,140,2026-05-20,0,21,0.0
F09,141,2026-05-21,0,21,0.0
F09,142,2026-05-22,0,21,0.0
F09,143,2026-05-23,0,21,0.0
F09,144,2026-05-24,0,21,0.0
F09,145,2026-05-25,0,21,0.0
F09,146,2026-05-26,0,21,0.0
F09,147,2026-05-27,0,21,0.0
F09,148,2026-05-28,0,21,0.0
F09,149,2026-05-29,0,21,0.0
F09,150,2026-05-30,0,21,0.0
F09,151,2026-05-31,0,21,0.0
F09,152,2026-06-01,0,21,0.0
F09,153,2026-06-02,5,21,0.23809523809523808
F09,154,2026-06-03,8,21,0.38095238095238093
F09,155,2026-06-04,8,21,0.38095238095238093
F09,156,2026-06-05,15,21,0.7142857142857143
F09,157,2026-06-06,15,21,0.7142857142857143
F09,158,2026-06-07,15,21,0.7142857142857143
F09,159,2026-06-08,15,21,0.7142857142857143
F09,160,2026-06-09,15,21,0.7142857142857143
F09,161,2026-06-10,17,21,0.8095238095238095
F09,162,2026-06-11,4,21,0.19047619047619047
F09,163,2026-06-12,4,21,0.19047619047619047
F09,164,2026-06-13,0,21,0.0
F09,165,2026-06-14,0,21,0.0
F10,5,2026-01-05,0,21,0.0
F10,6,2026-01-06,0,21,0.0
F10,7,2026-01-07,0,21,0.0
F10,8,2026-01-08,0,21,0.0
F10,9,2026-01-09,0,21,0.0
F10,10,2026-01-10,0,21,0.0
F10,11,2026-01-11,0,21,0.0
F10,12,2026-01-12,0,21,0.0
F10,13,2026-01-13,0,21,0.0
F10,14,2026-01-14,0,21,0.0
F10,15,2026-01-15,0,21,0.0
F10,16,2026-01-16,0,21,0.0
F10,17,2026-01-17,0,21,0.0
F10,18,2026-01-18,0,21,0.0
F10,19,2026-01-19,0,21,0.0
F10,20,2026-01-20,0,21,0.0
F10,21,2026-01-21,0,21,0.0
F10,22,2026-01-22,0,21,0.0
F10,23,2026-01-23,0,21,0.0
F10,24,2026-01-24,0,21,0.0
F10,25,2026-01-25,0,21,0.0
F10,26,2026-01-26,0,21,0.0
F10,27,2026-01-27,0,21,0.0
F10,28,2026-01-28,0,21,0.0
F10,29,2026-01-29,0,21,0.0
F10,30,2026-01-30,0,21,0.0
F10,31,2026-01-31,0,21,0.0
F10,32,2026-02-01,0,21,0.0
F10,33,2026-02-02,0,21,0.0
F10,34,2026-02-03,1,21,0.047619047619047616
F10,35,2026-02-04,1,21,0.047619047619047616
F10,36,2026-02-05,1,21,0.047619047619047616
F10,37,2026-02-06,1,21,0.047619047619047616
F10,38,2026-02-07,1,21,0.047619047619047616
F10,39,2026-02-08,1,21,0.047619047619047616
F10,40,2026-02-09,1,21,0.047619047619047616
F10,41,2026-02-10,1,21,0.047619047619047616
F10,42,2026-02-11,1,21,0.047619047619047616
F10,43,2026-02-12,0,21,0.0
F10,44,2026-02-13,0,21,0.0
F10,45,2026-02-14,0,21,0.0
F10,46,2026-02-15,0,21,0.0
F10,47,2026-02-16,0,21,0.0
F10,48,2026-02-17,0,21,0.0
F10,49,2026-02-18,0,21,0.0
F10,50,2026-02-19,0,21,0.0
F10,51,2026-02-20,0,21,0.0
F10,52,2026-02-21,0,21,0.0
F10,53,2026-02-22,0,21,0.0
F10,54,2026-02-23,0,21,0.0
F10,55,2026-02-24,0,21,0.0
F10,56,2026-02-25,0,21,0.0
F10,57,2026-02-26,0,21,0.0
F10,58,2026-02-27,0,21,0.0
F10,59,2026-02-28,0,21,0.0
F10,60,2026-03-01,0,21,0.0
F10,61,2026-03-02,0,21,0.0
F10,62,2026-03-03,0,21,0.0
F10,63,2026-03-04,0,21,0.0
F10,64,2026-03-05,0,21,0.0
F10,65,2026-03-06,2,21,0.09523809523809523
F10,66,2026-03-07,2,21,0.09523809523809523
F10,67,2026-03-08,2,21,0.09523809523809523
F10,68,2026-03-09,2,21,0.09523809523809523
F10,69,2026-03-10,2,21,0.09523809523809523
F10,70,2026-03-11,2,21,0.09523809523809523
F10,71,2026-03-12,2,21,0.09523809523809523
F10,72,2026-03-13,2,21,0.09523809523809523
F10,73,2026-03-14,2,21,0.09523809523809523
F10,74,2026-03-15,2,21,0.09523809523809523
F10,75,2026-03-16,2,21,0.09523809523809523
F10,76,2026-03-17,2,21,0.09523809523809523
F10,77,2026-03-18,2,21,0.09523809523809523
F10,78,2026-03-19,2,21,0.09523809523809523
F10,79,2026-03-20,2,21,0.09523809523809523
F10,80,2026-03-21,2,21,0.09523809523809523
F10,81,2026-03-22,2,21,0.09523809523809523
F10,82,2026-03-23,2,21,0.09523809523809523
F10,83,2026-03-24,2,21,0.09523809523809523
F10,84,2026-03-25,2,21,0.09523809523809523
F10,85,2026-03-26,2,21,0.09523809523809523
F10,86,2026-03-27,2,21,0.09523809523809523
F10,87,2026-03-28,2,21,0.09523809523809523
F10,88,2026-03-29,2,21,0.09523809523809523
F10,89,2026-03-30,2,21,0.09523809523809523
F10,90,2026-03-31,2,21,0.09523809523809523
F10,91,2026-04-01,2,21,0.09523809523809523
F10,92,2026-04-02,2,21,0.09523809523809523
F10,93,2026-04-03,2,21,0.09523809523809523
F10,94,2026-04-04,2,21,0.09523809523809523
F10,95,2026-04-05,2,21,0.09523809523809523
F10,96,2026-04-06,2,21,0.09523809523809523
F10,97,2026-04-07,2,21,0.09523809523809523
F10,98,2026-04-08,2,21,0.09523809523809523
F10,99,2026-04-09,2,21,0.09523809523809523
F10,100,2026-04-10,2,21,0.09523809523809523
F10,101,2026-04-11,1,21,0.047619047619047616
F10,102,2026-04-12,1,21,0.047619047619047616
F10,103,2026-04-13,1,21,0.047619047619047616
F10,104,2026-04-14,1,21,0.047619047619047616
F10,105,2026-04-15,0,21,0.0
F10,106,2026-04-16,0,21,0.0
F10,107,2026-04-17,0,21,0.0
F10,108,2026-04-18,0,21,0.0
F10,109,2026-04-19,0,21,0.0
F10,110,2026-04-20,0,21,0.0
F10,111,2026-04-21,0,21,0.0
F10,112,2026-04-22,0,21,0.0
F10,113,2026-04-23,0,21,0.0
F10,114,2026-04-24,0,21,0.0
F10,115,2026-04-25,0,21,0.0
F10,116,2026-04-26,0,21,0.0
F10,117,2026-04-27,0,21,0.0
F10,118,2026-04-28,0,21,0.0
F10,119,2026-04-29,0,21,0.0
F10,120,2026-04-30,0,21,0.0
F10,121,2026-05-01,0,21,0.0
F10,122,2026-05-02,0,21,0.0
F10,123,2026-05-03,0,21,0.0
F10,124,2026-05-04,0,21,0.0
F10,125,2026-05-05,0,21,0.0
F10,126,2026-05-06,0,21,0.0
F10,127,2026-05-07,0,21,0.0
F10,128,2026-05-08,0,21,0.0
F10,129,2026-05-09,0,21,0.0
F10,130,2026-05-10,0,21,0.0
F10,131,2026-05-11,0,21,0.0
F10,132,2026-05-12,0,21,0.0
F10,133,2026-05-13,0,21,0.0
F10,134,2026-05-14,0,21,0.0
F10,135,2026-05-15,0,21,0.0
F10,136,2026-05-16,0,21,0.0
F10,137,2026-05-17,0,21,0.0
F10,138,2026-05-18,0,21,0.0
F10,139,2026-05-19,0,21,0.0
F10,140,2026-05-20,0,21,0.0
F10,141,2026-05-21,0,21,0.0
F10,142,2026-05-22,0,21,0.0
F10,143,2026-05-23,0,21,0.0
F10,144,2026-05-24,0,21,0.0
F10,145,2026-05-25,0,21,0.0
F10,146,2026-05-26,0,21,0.0
F10,147,2026-05-27,0,21,0.0
F10,148,2026-05-28,0,21,0.0
F10,149,2026-05-29,0,21,0.0
F10,150,2026-05-30,0,21,0.0
F10,151,2026-05-31,0,21,0.0
F10,152,2026-06-01,0,21,0.0
F10,153,2026-06-02,0,21,0.0
F10,154,2026-06-03,0,21,0.0
F10,155,2026-06-04,0,21,0.0
F10,156,2026-06-05,0,21,0.0
F10,157,2026-06-06,0,21,0.0
F10,158,2026-06-07,0,21,0.0
F10,159,2026-06-08,0,21,0.0
F10,160,2026-06-09,0,21,0.0
F10,161,2026-06-10,0,21,0.0
F10,162,2026-06-11,0,21,0.0
F10,163,2026-06-12,0,21,0.0
F10,164,2026-06-13,0,21,0.0
F10,165,2026-06-14,0,21,0.0
F11,5,2026-01-05,0,21,0.0
F11,6,2026-01-06,0,21,0.0
F11,7,2026-01-07,0,21,0.0
F11,8,2026-01-08,0,21,0.0
F11,9,2026-01-09,0,21,0.0
F11,10,2026-01-10,0,21,0.0
F11,11,2026-01-11,0,21,0.0
F11,12,2026-01-12,0,21,0.0
F11,13,2026-01-13,0,21,0.0
F11,14,2026-01-14,0,21,0.0
F11,15,2026-01-15,0,21,0.0
F11,16,2026-01-16,0,21,0.0
F11,17,2026-01-17,0,21,0.0
F11,18,2026-01-18,0,21,0.0
F11,19,2026-01-19,0,21,0.0
F11,20,2026-01-20,0,21,0.0
F11,21,2026-01-21,0,21,0.0
F11,22,2026-01-22,0,21,0.0
F11,23,2026-01-23,0,21,0.0
F11,24,2026-01-24,0,21,0.0
F11,25,2026-01-25,0,21,0.0
F11,26,2026-01-26,0,21,0.0
F11,27,2026-01-27,0,21,0.0
F11,28,2026-01-28,0,21,0.0
F11,29,2026-01-29,0,21,0.0
F11,30,2026-01-30,0,21,0.0
F11,31,2026-01-31,0,21,0.0
F11,32,2026-02-01,0,21,0.0
F11,33,2026-02-02,0,21,0.0
F11,34,2026-02-03,0,21,0.0
F11,35,2026-02-04,0,21,0.0
F11,36,2026-02-05,0,21,0.0
F11,37,2026-02-06,0,21,0.0
F11,38,2026-02-07,0,21,0.0
F11,39,2026-02-08,0,21,0.0
F11,40,2026-02-09,0,21,0.0
F11,41,2026-02-10,0,21,0.0
F11,42,2026-02-11,0,21,0.0
F11,43,2026-02-12,0,21,0.0
F11,44,2026-02-13,0,21,0.0
F11,45,2026-02-14,0,21,0.0
F11,46,2026-02-15,0,21,0.0
F11,47,2026-02-16,0,21,0.0
F11,48,2026-02-17,0,21,0.0
F11,49,2026-02-18,0,21,0.0
F11,50,2026-02-19,0,21,0.0
F11,51,2026-02-20,0,21,0.0
F11,52,2026-02-21,0,21,0.0
F11,53,2026-02-22,0,21,0.0
F11,54,2026-02-23,0,21,0.0
F11,55,2026-02-24,0,21,0.0
F11,56,2026-02-25,0,21,0.0
F11,57,2026-02-26,0,21,0.0
F11,58,2026-02-27,0,21,0.0
F11,59,2026-02-28,0,21,0.0
F11,60,2026-03-01,0,21,0.0
F11,61,2026-03-02,0,21,0.0
F11,62,2026-03-03,0,21,0.0
F11,63,2026-03-04,0,21,0.0
F11,64,2026-03-05,0,21,0.0
F11,65,2026-03-06,0,21,0.0
F11,66,2026-03-07,0,21,0.0
F11,67,2026-03-08,0,21,0.0
F11,68,2026-03-09,0,21,0.0
F11,69,2026-03-10,0,21,0.0
F11,70,2026-03-11,0,21,0.0
F11,71,2026-03-12,0,21,0.0
F11,72,2026-03-13,0,21,0.0
F11,73,2026-03-14,0,21,0.0
F11,74,2026-03-15,0,21,0.0
F11,75,2026-03-16,0,21,0.0
F11,76,2026-03-17,0,21,0.0
F11,77,2026-03-18,0,21,0.0
F11,78,2026-03-19,0,21,0.0
F11,79,2026-03-20,0,21,0.0
F11,80,2026-03-21,0,21,0.0
F11,81,2026-03-22,0,21,0.0
F11,82,2026-03-23,0,21,0.0
F11,83,2026-03-24,0,21,0.0
F11,84,2026-03-25,0,21,0.0
F11,85,2026-03-26,0,21,0.0
F11,86,2026-03-27,0,21,0.0
F11,87,2026-03-28,0,21,0.0
F11,88,2026-03-29,0,21,0.0
F11,89,2026-03-30,0,21,0.0
F11,90,2026-03-31,0,21,0.0
F11,91,2026-04-01,0,21,0.0
F11,92,2026-04-02,0,21,0.0
F11,93,2026-04-03,0,21,0.0
F11,94,2026-04-04,0,21,0.0
F11,95,2026-04-05,0,21,0.0
F11,96,2026-04-06,0,21,0.0
F11,97,2026-04-07,0,21,0.0
F11,98,2026-04-08,0,21,0.0
F11,99,2026-04-09,0,21,0.0
F11,100,2026-04-10,0,21,0.0
F11,101,2026-04-11,0,21,0.0
F11,102,2026-04-12,0,21,0.0
F11,103,2026-04-13,0,21,0.0
F11,104,2026-04-14,0,21,0.0
F11,105,2026-04-15,0,21,0.0
F11,106,2026-04-16,0,21,0.0
F11,107,2026-04-17,0,21,0.0
F11,108,2026-04-18,0,21,0.0
F11,109,2026-04-19,0,21,0.0
F11,110,2026-04-20,0,21,0.0
F11,111,2026-04-21,0,21,0.0
F11,112,2026-04-22,0,21,0.0
F11,113,2026-04-23,0,21,0.0
F11,114,2026-04-24,0,21,0.0
F11,115,2026-04-25,0,21,0.0
F11,116,2026-04-26,0,21,0.0
F11,117,2026-04-27,0,21,0.0
F11,118,2026-04-28,0,21,0.0
F11,119,2026-04-29,0,21,0.0
F11,120,2026-04-30,0,21,0.0
F11,121,2026-05-01,0,21,0.0
F11,122,2026-05-02,0,21,0.0
F11,123,2026-05-03,0,21,0.0
F11,124,2026-05-04,0,21,0.0
F11,125,2026-05-05,0,21,0.0
F11,126,2026-05-06,0,21,0.0
F11,127,2026-05-07,0,21,0.0
F11,128,2026-05-08,0,21,0.0
F11,129,2026-05-09,0,21,0.0
F11,130,2026-05-10,0,21,0.0
F11,131,2026-05-11,0,21,0.0
F11,132,2026-05-12,0,21,0.0
F11,133,2026-05-13,0,21,0.0
F11,134,2026-05-14,0,21,0.0
F11,135,2026-05-15,0,21,0.0
F11,136,2026-05-16,0,21,0.0
F11,137,2026-05-17,0,21,0.0
F11,138,2026-05-18,0,21,0.0
F11,139,2026-05-19,0,21,0.0
F11,140,2026-05-20,0,21,0.0
F11,141,2026-05-21,0,21,0.0
F11,142,2026-05-22,0,21,0.0
F11,143,2026-05-23,0,21,0.0
F11,144,2026-05-24,0,21,0.0
F11,145,2026-05-25,0,21,0.0
F11,146,2026-05-26,0,21,0.0
F11,147,2026-05-27,0,21,0.0
F11,148,2026-05-28,0,21,0.0
F11,149,2026-05-29,0,21,0.0
F11,150,2026-05-30,0,21,0.0
F11,151,2026-05-31,0,21,0.0
F11,152,2026-06-01,0,21,0.0
F11,153,2026-06-02,0,21,0.0
F11,154,2026-06-03,0,21,0.0
F11,155,2026-06-04,0,21,0.0
F11,156,2026-06-05,0,21,0.0
F11,157,2026-06-06,0,21,0.0
F11,158,2026-06-07,0,21,0.0
F11,159,2026-06-08,0,21,0.0
F11,160,2026-06-09,0,21,0.0
F11,161,2026-06-10,0,21,0.0
F11,162,2026-06-11,0,21,0.0
F11,163,2026-06-12,0,21,0.0
F11,164,2026-06-13,0,21,0.0
F11,165,2026-06-14,0,21,0.0
F12,5,2026-01-05,0,21,0.0
F12,6,2026-01-06,0,21,0.0
F12,7,2026-01-07,0,21,0.0
F12,8,2026-01-08,0,21,0.0
F12,9,2026-01-09,0,21,0.0
F12,10,2026-01-10,0,21,0.0
F12,11,2026-01-11,0,21,0.0
F12,12,2026-01-12,0,21,0.0
F12,13,2026-01-13,0,21,0.0
F12,14,2026-01-14,0,21,0.0
F12,15,2026-01-15,0,21,0.0
F12,16,2026-01-16,0,21,0.0
F12,17,2026-01-17,0,21,0.0
F12,18,2026-01-18,0,21,0.0
F12,19,2026-01-19,0,21,0.0
F12,20,2026-01-20,0,21,0.0
F12,21,2026-01-21,0,21,0.0
F12,22,2026-01-22,0,21,0.0
F12,23,2026-01-23,0,21,0.0
F12,24,2026-01-24,0,21,0.0
F12,25,2026-01-25,0,21,0.0
F12,26,2026-01-26,0,21,0.0
F12,27,2026-01-27,0,21,0.0
F12,28,2026-01-28,0,21,0.0
F12,29,2026-01-29,0,21,0.0
F12,30,2026-01-30,0,21,0.0
F12,31,2026-01-31,0,21,0.0
F12,32,2026-02-01,0,21,0.0
F12,33,2026-02-02,0,21,0.0
F12,34,2026-02-03,0,21,0.0
F12,35,2026-02-04,0,21,0.0
F12,36,2026-02-05,0,21,0.0
F12,37,2026-02-06,1,21,0.047619047619047616
F12,38,2026-02-07,1,21,0.047619047619047616
F12,39,2026-02-08,1,21,0.047619047619047616
F12,40,2026-02-09,1,21,0.047619047619047616
F12,41,2026-02-10,1,21,0.047619047619047616
F12,42,2026-02-11,1,21,0.047619047619047616
F12,43,2026-02-12,0,21,0.0
F12,44,2026-02-13,0,21,0.0
F12,45,2026-02-14,0,21,0.0
F12,46,2026-02-15,0,21,0.0
F12,47,2026-02-16,0,21,0.0
F12,48,2026-02-17,0,21,0.0
F12,49,2026-02-18,0,21,0.0
F12,50,2026-02-19,0,21,0.0
F12,51,2026-02-20,0,21,0.0
F12,52,2026-02-21,0,21,0.0
F12,53,2026-02-22,0,21,0.0
F12,54,2026-02-23,0,21,0.0
F12,55,2026-02-24,0,21,0.0
F12,56,2026-02-25,0,21,0.0
F12,57,2026-02-26,0,21,0.0
F12,58,2026-02-27,0,21,0.0
F12,59,2026-02-28,0,21,0.0
F12,60,2026-03-01,0,21,0.0
F12,61,2026-03-02,0,21,0.0
F12,62,2026-03-03,0,21,0.0
F12,63,2026-03-04,0,21,0.0
F12,64,2026-03-05,0,21,0.0
F12,65,2026-03-06,0,21,0.0
F12,66,2026-03-07,0,21,0.0
F12,67,2026-03-08,0,21,0.0
F12,68,2026-03-09,0,21,0.0
F12,69,2026-03-10,0,21,0.0
F12,70,2026-03-11,0,21,0.0
F12,71,2026-03-12,0,21,0.0
F12,72,2026-03-13,0,21,0.0
F12,73,2026-03-14,0,21,0.0
F12,74,2026-03-15,0,21,0.0
F12,75,2026-03-16,0,21,0.0
F12,76,2026-03-17,0,21,0.0
F12,77,2026-03-18,0,21,0.0
F12,78,2026-03-19,0,21,0.0
F12,79,2026-03-20,0,21,0.0
F12,80,2026-03-21,0,21,0.0
F12,81,2026-03-22,0,21,0.0
F12,82,2026-03-23,0,21,0.0
F12,83,2026-03-24,0,21,0.0
F12,84,2026-03-25,0,21,0.0
F12,85,2026-03-26,0,21,0.0
F12,86,2026-03-27,0,21,0.0
F12,87,2026-03-28,0,21,0.0
F12,88,2026-03-29,0,21,0.0
F12,89,2026-03-30,0,21,0.0
F12,90,2026-03-31,0,21,0.0
F12,91,2026-04-01,0,21,0.0
F12,92,2026-04-02,0,21,0.0
F12,93,2026-04-03,0,21,0.0
F12,94,2026-04-04,0,21,0.0
F12,95,2026-04-05,0,21,0.0
F12,96,2026-04-06,0,21,0.0
F12,97,2026-04-07,0,21,0.0
F12,98,2026-04-08,0,21,0.0
F12,99,2026-04-09,0,21,0.0
F12,100,2026-04-10,0,21,0.0
F12,101,2026-04-11,0,21,0.0
F12,102,2026-04-12,0,21,0.0
F12,103,2026-04-13,0,21,0.0
F12,104,2026-04-14,0,21,0.0
F12,105,2026-04-15,0,21,0.0
F12,106,2026-04-16,0,21,0.0
F12,107,2026-04-17,0,21,0.0
F12,108,2026-04-18,0,21,0.0
F12,109,2026-04-19,0,21,0.0
F12,110,2026-04-20,0,21,0.0
F12,111,2026-04-21,0,21,0.0
F12,112,2026-04-22,0,21,0.0
F12,113,2026-04-23,0,21,0.0
F12,114,2026-04-24,0,21,0.0
F12,115,2026-04-25,0,21,0.0
F12,116,2026-04-26,0,21,0.0
F12,117,2026-04-27,0,21,0.0
F12,118,2026-04-28,0,21,0.0
F12,119,2026-04-29,0,21,0.0
F12,120,2026-04-30,0,21,0.0
F12,121,2026-05-01,0,21,0.0
F12,122,2026-05-02,0,21,0.0
F12,123,2026-05-03,0,21,0.0
F12,124,2026-05-04,0,21,0.0
F12,125,2026-05-05,0,21,0.0
F12,126,2026-05-06,0,21,0.0
F12,127,2026-05-07,0,21,0.0
F12,128,2026-05-08,0,21,0.0
F12,129,2026-05-09,0,21,0.0
F12,130,2026-05-10,0,21,0.0
F12,131,2026-05-11,0,21,0.0
F12,132,2026-05-12,0,21,0.0
F12,133,2026-05-13,0,21,0.0
F12,134,2026-05-14,0,21,0.0
F12,135,2026-05-15,0,21,0.0
F12,136,2026-05-16,0,21,0.0
F12,137,2026-05-17,0,21,0.0
F12,138,2026-05-18,0,21,0.0
F12,139,2026-05-19,0,21,0.0
F12,140,2026-05-20,0,21,0.0
F12,141,2026-05-21,0,21,0.0
F12,142,2026-05-22,0,21,0.0
F12,143,2026-05-23,0,21,0.0
F12,144,2026-05-24,0,21,0.0
F12,145,2026-05-25,0,21,0.0
F12,146,2026-05-26,0,21,0.0
F12,147,2026-05-27,0,21,0.0
F12,148,2026-05-28,0,21,0.0
F12,149,2026-05-29,0,21,0.0
F12,150,2026-05-30,0,21,0.0
F12,151,2026-05-31,0,21,0.0
F12,152,2026-06-01,0,21,0.0
F12,153,2026-06-02,0,21,0.0
F12,154,2026-06-03,0,21,0.0
F12,155,2026-06-04,0,21,0.0
F12,156,2026-06-05,0,21,0.0
F12,157,2026-06-06,0,21,0.0
F12,158,2026-06-07,0,21,0.0
F12,159,2026-06-08,0,21,0.0
F12,160,2026-06-09,0,21,0.0
F12,161,2026-06-10,0,21,0.0
F12,162,2026-06-11,0,21,0.0
F12,163,2026-06-12,0,21,0.0
F12,164,2026-06-13,0,21,0.0
F12,165,2026-06-14,0,21,0.0
F13,5,2026-01-05,0,21,0.0
F13,6,2026-01-06,0,21,0.0
F13,7,2026-01-07,0,21,0.0
F13,8,2026-01-08,0,21,0.0
F13,9,2026-01-09,0,21,0.0
F13,10,2026-01-10,0,21,0.0
F13,11,2026-01-11,0,21,0.0
F13,12,2026-01-12,0,21,0.0
F13,13,2026-01-13,0,21,0.0
F13,14,2026-01-14,0,21,0.0
F13,15,2026-01-15,0,21,0.0
F13,16,2026-01-16,0,21,0.0
F13,17,2026-01-17,0,21,0.0
F13,18,2026-01-18,0,21,0.0
F13,19,2026-01-19,0,21,0.0
F13,20,2026-01-20,0,21,0.0
F13,21,2026-01-21,0,21,0.0
F13,22,2026-01-22,0,21,0.0
F13,23,2026-01-23,0,21,0.0
F13,24,2026-01-24,0,21,0.0
F13,25,2026-01-25,0,21,0.0
F13,26,2026-01-26,0,21,0.0
F13,27,2026-01-27,0,21,0.0
F13,28,2026-01-28,0,21,0.0
F13,29,2026-01-29,0,21,0.0
F13,30,2026-01-30,0,21,0.0
F13,31,2026-01-31,0,21,0.0
F13,32,2026-02-01,0,21,0.0
F13,33,2026-02-02,0,21,0.0
F13,34,2026-02-03,0,21,0.0
F13,35,2026-02-04,0,21,0.0
F13,36,2026-02-05,0,21,0.0
F13,37,2026-02-06,0,21,0.0
F13,38,2026-02-07,0,21,0.0
F13,39,2026-02-08,0,21,0.0
F13,40,2026-02-09,0,21,0.0
F13,41,2026-02-10,0,21,0.0
F13,42,2026-02-11,0,21,0.0
F13,43,2026-02-12,0,21,0.0
F13,44,2026-02-13,0,21,0.0
F13,45,2026-02-14,0,21,0.0
F13,46,2026-02-15,0,21,0.0
F13,47,2026-02-16,0,21,0.0
F13,48,2026-02-17,0,21,0.0
F13,49,2026-02-18,0,21,0.0
F13,50,2026-02-19,0,21,0.0
F13,51,2026-02-20,0,21,0.0
F13,52,2026-02-21,0,21,0.0
F13,53,2026-02-22,0,21,0.0
F13,54,2026-02-23,0,21,0.0
F13,55,2026-02-24,0,21,0.0
F13,56,2026-02-25,0,21,0.0
F13,57,2026-02-26,0,21,0.0
F13,58,2026-02-27,0,21,0.0
F13,59,2026-02-28,0,21,0.0
F13,60,2026-03-01,0,21,0.0
F13,61,2026-03-02,0,21,0.0
F13,62,2026-03-03,0,21,0.0
F13,63,2026-03-04,0,21,0.0
F13,64,2026-03-05,0,21,0.0
F13,65,2026-03-06,0,21,0.0
F13,66,2026-03-07,0,21,0.0
F13,67,2026-03-08,0,21,0.0
F13,68,2026-03-09,0,21,0.0
F13,69,2026-03-10,0,21,0.0
F13,70,2026-03-11,0,21,0.0
F13,71,2026-03-12,0,21,0.0
F13,72,2026-03-13,0,21,0.0
F13,73,2026-03-14,0,21,0.0
F13,74,2026-03-15,0,21,0.0
F13,75,2026-03-16,0,21,0.0
F13,76,2026-03-17,0,21,0.0
F13,77,2026-03-18,0,21,0.0
F13,78,2026-03-19,0,21,0.0
F13,79,2026-03-20,0,21,0.0
F13,80,2026-03-21,0,21,0.0
F13,81,2026-03-22,0,21,0.0
F13,82,2026-03-23,0,21,0.0
F13,83,2026-03-24,0,21,0.0
F13,84,2026-03-25,0,21,0.0
F13,85,2026-03-26,0,21,0.0
F13,86,2026-03-27,0,21,0.0
F13,87,2026-03-28,0,21,0.0
F13,88,2026-03-29,0,21,0.0
F13,89,2026-03-30,0,21,0.0
F13,90,2026-03-31,0,21,0.0
F13,91,2026-04-01,0,21,0.0
F13,92,2026-04-02,0,21,0.0
F13,93,2026-04-03,0,21,0.0
F13,94,2026-04-04,0,21,0.0
F13,95,2026-04-05,0,21,0.0
F13,96,2026-04-06,0,21,0.0
F13,97,2026-04-07,0,21,0.0
F13,98,2026-04-08,0,21,0.0
F13,99,2026-04-09,0,21,0.0
F13,100,2026-04-10,0,21,0.0
F13,101,2026-04-11,0,21,0.0
F13,102,2026-04-12,0,21,0.0
F13,103,2026-04-13,0,21,0.0
F13,104,2026-04-14,0,21,0.0
F13,105,2026-04-15,0,21,0.0
F13,106,2026-04-16,0,21,0.0
F13,107,2026-04-17,0,21,0.0
F13,108,2026-04-18,0,21,0.0
F13,109,2026-04-19,0,21,0.0
F13,110,2026-04-20,0,21,0.0
F13,111,2026-04-21,0,21,0.0
F13,112,2026-04-22,0,21,0.0
F13,113,2026-04-23,0,21,0.0
F13,114,2026-04-24,0,21,0.0
F13,115,2026-04-25,0,21,0.0
F13,116,2026-04-26,0,21,0.0
F13,117,2026-04-27,0,21,0.0
F13,118,2026-04-28,0,21,0.0
F13,119,2026-04-29,0,21,0.0
F13,120,2026-04-30,0,21,0.0
F13,121,2026-05-01,0,21,0.0
F13,122,2026-05-02,0,21,0.0
F13,123,2026-05-03,0,21,0.0
F13,124,2026-05-04,0,21,0.0
F13,125,2026-05-05,0,21,0.0
F13,126,2026-05-06,0,21,0.0
F13,127,2026-05-07,0,21,0.0
F13,128,2026-05-08,0,21,0.0
F13,129,2026-05-09,0,21,0.0
F13,130,2026-05-10,0,21,0.0
F13,131,2026-05-11,0,21,0.0
F13,132,2026-05-12,0,21,0.0
F13,133,2026-05-13,0,21,0.0
F13,134,2026-05-14,0,21,0.0
F13,135,2026-05-15,0,21,0.0
F13,136,2026-05-16,0,21,0.0
F13,137,2026-05-17,0,21,0.0
F13,138,2026-05-18,0,21,0.0
F13,139,2026-05-19,0,21,0.0
F13,140,2026-05-20,0,21,0.0
F13,141,2026-05-21,0,21,0.0
F13,142,2026-05-22,0,21,0.0
F13,143,2026-05-23,0,21,0.0
F13,144,2026-05-24,0,21,0.0
F13,145,2026-05-25,0,21,0.0
F13,146,2026-05-26,0,21,0.0
F13,147,2026-05-27,0,21,0.0
F13,148,2026-05-28,0,21,0.0
F13,149,2026-05-29,0,21,0.0
F13,150,2026-05-30,0,21,0.0
F13,151,2026-05-31,0,21,0.0
F13,152,2026-06-01,0,21,0.0
F13,153,2026-06-02,0,21,0.0
F13,154,2026-06-03,0,21,0.0
F13,155,2026-06-04,0,21,0.0
F13,156,2026-06-05,0,21,0.0
F13,157,2026-06-06,0,21,0.0
F13,158,2026-06-07,0,21,0.0
F13,159,2026-06-08,0,21,0.0
F13,160,2026-06-09,0,21,0.0
F13,161,2026-06-10,0,21,0.0
F13,162,2026-06-11,0,21,0.0
F13,163,2026-06-12,0,21,0.0
F13,164,2026-06-13,0,21,0.0
F13,165,2026-06-14,0,21,0.0
F14,5,2026-01-05,0,21,0.0
F14,6,2026-01-06,0,21,0.0
F14,7,2026-01-07,0,21,0.0
F14,8,2026-01-08,0,21,0.0
F14,9,2026-01-09,0,21,0.0
F14,10,2026-01-10,0,21,0.0
F14,11,2026-01-11,0,21,0.0
F14,12,2026-01-12,0,21,0.0
F14,13,2026-01-13,0,21,0.0
F14,14,2026-01-14,0,21,0.0
F14,15,2026-01-15,0,21,0.0
F14,16,2026-01-16,0,21,0.0
F14,17,2026-01-17,0,21,0.0
F14,18,2026-01-18,0,21,0.0
F14,19,2026-01-19,0,21,0.0
F14,20,2026-01-20,0,21,0.0
F14,21,2026-01-21,0,21,0.0
F14,22,2026-01-22,0,21,0.0
F14,23,2026-01-23,0,21,0.0
F14,24,2026-01-24,0,21,0.0
F14,25,2026-01-25,0,21,0.0
F14,26,2026-01-26,0,21,0.0
F14,27,2026-01-27,0,21,0.0
F14,28,2026-01-28,0,21,0.0
F14,29,2026-01-29,0,21,0.0
F14,30,2026-01-30,0,21,0.0
F14,31,2026-01-31,0,21,0.0
F14,32,2026-02-01,0,21,0.0
F14,33,2026-02-02,0,21,0.0
F14,34,2026-02-03,0,21,0.0
F14,35,2026-02-04,0,21,0.0
F14,36,2026-02-05,0,21,0.0
F14,37,2026-02-06,0,21,0.0
F14,38,2026-02-07,0,21,0.0
F14,39,2026-02-08,0,21,0.0
F14,40,2026-02-09,0,21,0.0
F14,41,2026-02-10,0,21,0.0
F14,42,2026-02-11,0,21,0.0
F14,43,2026-02-12,0,21,0.0
F14,44,2026-02-13,0,21,0.0
F14,45,2026-02-14,0,21,0.0
F14,46,2026-02-15,0,21,0.0
F14,47,2026-02-16,0,21,0.0
F14,48,2026-02-17,0,21,0.0
F14,49,2026-02-18,0,21,0.0
F14,50,2026-02-19,0,21,0.0
F14,51,2026-02-20,0,21,0.0
F14,52,2026-02-21,0,21,0.0
F14,53,2026-02-22,0,21,0.0
F14,54,2026-02-23,0,21,0.0
F14,55,2026-02-24,0,21,0.0
F14,56,2026-02-25,0,21,0.0
F14,57,2026-02-26,0,21,0.0
F14,58,2026-02-27,0,21,0.0
F14,59,2026-02-28,0,21,0.0
F14,60,2026-03-01,0,21,0.0
F14,61,2026-03-02,0,21,0.0
F14,62,2026-03-03,0,21,0.0
F14,63,2026-03-04,0,21,0.0
F14,64,2026-03-05,0,21,0.0
F14,65,2026-03-06,0,21,0.0
F14,66,2026-03-07,0,21,0.0
F14,67,2026-03-08,0,21,0.0
F14,68,2026-03-09,0,21,0.0
F14,69,2026-03-10,0,21,0.0
F14,70,2026-03-11,0,21,0.0
F14,71,2026-03-12,0,21,0.0
F14,72,2026-03-13,0,21,0.0
F14,73,2026-03-14,0,21,0.0
F14,74,2026-03-15,0,21,0.0
F14,75,2026-03-16,0,21,0.0
F14,76,2026-03-17,0,21,0.0
F14,77,2026-03-18,0,21,0.0
F14,78,2026-03-19,0,21,0.0
F14,79,2026-03-20,0,21,0.0
F14,80,2026-03-21,0,21,0.0
F14,81,2026-03-22,0,21,0.0
F14,82,2026-03-23,0,21,0.0
F14,83,2026-03-24,0,21,0.0
F14,84,2026-03-25,0,21,0.0
F14,85,2026-03-26,0,21,0.0
F14,86,2026-03-27,0,21,0.0
F14,87,2026-03-28,0,21,0.0
F14,88,2026-03-29,0,21,0.0
F14,89,2026-03-30,0,21,0.0
F14,90,2026-03-31,0,21,0.0
F14,91,2026-04-01,0,21,0.0
F14,92,2026-04-02,0,21,0.0
F14,93,2026-04-03,0,21,0.0
F14,94,2026-04-04,0,21,0.0
F14,95,2026-04-05,0,21,0.0
F14,96,2026-04-06,0,21,0.0
F14,97,2026-04-07,0,21,0.0
F14,98,2026-04-08,0,21,0.0
F14,99,2026-04-09,0,21,0.0
F14,100,2026-04-10,0,21,0.0
F14,101,2026-04-11,0,21,0.0
F14,102,2026-04-12,0,21,0.0
F14,103,2026-04-13,0,21,0.0
F14,104,2026-04-14,0,21,0.0
F14,105,2026-04-15,0,21,0.0
F14,106,2026-04-16,0,21,0.0
F14,107,2026-04-17,0,21,0.0
F14,108,2026-04-18,0,21,0.0
F14,109,2026-04-19,0,21,0.0
F14,110,2026-04-20,0,21,0.0
F14,111,2026-04-21,0,21,0.0
F14,112,2026-04-22,0,21,0.0
F14,113,2026-04-23,0,21,0.0
F14,114,2026-04-24,0,21,0.0
F14,115,2026-04-25,0,21,0.0
F14,116,2026-04-26,0,21,0.0
F14,117,2026-04-27,0,21,0.0
F14,118,2026-04-28,0,21,0.0
F14,119,2026-04-29,0,21,0.0
F14,120,2026-04-30,0,21,0.0
F14,121,2026-05-01,0,21,0.0
F14,122,2026-05-02,0,21,0.0
F14,123,2026-05-03,0,21,0.0
F14,124,2026-05-04,0,21,0.0
F14,125,2026-05-05,0,21,0.0
F14,126,2026-05-06,0,21,0.0
F14,127,2026-05-07,0,21,0.0
F14,128,2026-05-08,0,21,0.0
F14,129,2026-05-09,0,21,0.0
F14,130,2026-05-10,0,21,0.0
F14,131,2026-05-11,0,21,0.0
F14,132,2026-05-12,0,21,0.0
F14,133,2026-05-13,0,21,0.0
F14,134,2026-05-14,0,21,0.0
F14,135,2026-05-15,0,21,0.0
F14,136,2026-05-16,0,21,0.0
F14,137,2026-05-17,0,21,0.0
F14,138,2026-05-18,0,21,0.0
F14,139,2026-05-19,0,21,0.0
F14,140,2026-05-20,0,21,0.0
F14,141,2026-05-21,0,21,0.0
F14,142,2026-05-22,0,21,0.0
F14,143,2026-05-23,0,21,0.0
F14,144,2026-05-24,0,21,0.0
F14,145,2026-05-25,0,21,0.0
F14,146,2026-05-26,0,21,0.0
F14,147,2026-05-27,0,21,0.0
F14,148,2026-05-28,0,21,0.0
F14,149,2026-05-29,0,21,0.0
F14,150,2026-05-30,0,21,0.0
F14,151,2026-05-31,0,21,0.0
F14,152,2026-06-01,0,21,0.0
F14,153,2026-06-02,0,21,0.0
F14,154,2026-06-03,0,21,0.0
F14,155,2026-06-04,0,21,0.0
F14,156,2026-06-05,0,21,0.0
F14,157,2026-06-06,0,21,0.0
F14,158,2026-06-07,0,21,0.0
F14,159,2026-06-08,0,21,0.0
F14,160,2026-06-09,0,21,0.0
F14,161,2026-06-10,0,21,0.0
F14,162,2026-06-11,0,21,0.0
F14,163,2026-06-12,0,21,0.0
F14,164,2026-06-13,0,21,0.0
F14,165,2026-06-14,0,21,0.0
F15,5,2026-01-05,0,21,0.0
F15,6,2026-01-06,0,21,0.0
F15,7,2026-01-07,0,21,0.0
F15,8,2026-01-08,0,21,0.0
F15,9,2026-01-09,0,21,0.0
F15,10,2026-01-10,0,21,0.0
F15,11,2026-01-11,0,21,0.0
F15,12,2026-01-12,0,21,0.0
F15,13,2026-01-13,0,21,0.0
F15,14,2026-01-14,0,21,0.0
F15,15,2026-01-15,0,21,0.0
F15,16,2026-01-16,0,21,0.0
F15,17,2026-01-17,0,21,0.0
F15,18,2026-01-18,0,21,0.0
F15,19,2026-01-19,0,21,0.0
F15,20,2026-01-20,0,21,0.0
F15,21,2026-01-21,0,21,0.0
F15,22,2026-01-22,0,21,0.0
F15,23,2026-01-23,0,21,0.0
F15,24,2026-01-24,0,21,0.0
F15,25,2026-01-25,0,21,0.0
F15,26,2026-01-26,0,21,0.0
F15,27,2026-01-27,0,21,0.0
F15,28,2026-01-28,0,21,0.0
F15,29,2026-01-29,0,21,0.0
F15,30,2026-01-30,0,21,0.0
F15,31,2026-01-31,0,21,0.0
F15,32,2026-02-01,0,21,0.0
F15,33,2026-02-02,0,21,0.0
F15,34,2026-02-03,0,21,0.0
F15,35,2026-02-04,0,21,0.0
F15,36,2026-02-05,0,21,0.0
F15,37,2026-02-06,0,21,0.0
F15,38,2026-02-07,0,21,0.0
F15,39,2026-02-08,0,21,0.0
F15,40,2026-02-09,0,21,0.0
F15,41,2026-02-10,0,21,0.0
F15,42,2026-02-11,0,21,0.0
F15,43,2026-02-12,0,21,0.0
F15,44,2026-02-13,0,21,0.0
F15,45,2026-02-14,0,21,0.0
F15,46,2026-02-15,0,21,0.0
F15,47,2026-02-16,0,21,0.0
F15,48,2026-02-17,0,21,0.0
F15,49,2026-02-18,0,21,0.0
F15,50,2026-02-19,0,21,0.0
F15,51,2026-02-20,0,21,0.0
F15,52,2026-02-21,0,21,0.0
F15,53,2026-02-22,0,21,0.0
F15,54,2026-02-23,0,21,0.0
F15,55,2026-02-24,0,21,0.0
F15,56,2026-02-25,0,21,0.0
F15,57,2026-02-26,0,21,0.0
F15,58,2026-02-27,0,21,0.0
F15,59,2026-02-28,0,21,0.0
F15,60,2026-03-01,0,21,0.0
F15,61,2026-03-02,0,21,0.0
F15,62,2026-03-03,0,21,0.0
F15,63,2026-03-04,0,21,0.0
F15,64,2026-03-05,0,21,0.0
F15,65,2026-03-06,0,21,0.0
F15,66,2026-03-07,0,21,0.0
F15,67,2026-03-08,0,21,0.0
F15,68,2026-03-09,0,21,0.0
F15,69,2026-03-10,0,21,0.0
F15,70,2026-03-11,0,21,0.0
F15,71,2026-03-12,0,21,0.0
F15,72,2026-03-13,0,21,0.0
F15,73,2026-03-14,0,21,0.0
F15,74,2026-03-15,0,21,0.0
F15,75,2026-03-16,0,21,0.0
F15,76,2026-03-17,0,21,0.0
F15,77,2026-03-18,0,21,0.0
F15,78,2026-03-19,0,21,0.0
F15,79,2026-03-20,0,21,0.0
F15,80,2026-03-21,0,21,0.0
F15,81,2026-03-22,0,21,0.0
F15,82,2026-03-23,0,21,0.0
F15,83,2026-03-24,0,21,0.0
F15,84,2026-03-25,0,21,0.0
F15,85,2026-03-26,0,21,0.0
F15,86,2026-03-27,0,21,0.0
F15,87,2026-03-28,0,21,0.0
F15,88,2026-03-29,0,21,0.0
F15,89,2026-03-30,0,21,0.0
F15,90,2026-03-31,0,21,0.0
F15,91,2026-04-01,0,21,0.0
F15,92,2026-04-02,0,21,0.0
F15,93,2026-04-03,0,21,0.0
F15,94,2026-04-04,0,21,0.0
F15,95,2026-04-05,0,21,0.0
F15,96,2026-04-06,0,21,0.0
F15,97,2026-04-07,0,21,0.0
F15,98,2026-04-08,0,21,0.0
F15,99,2026-04-09,0,21,0.0
F15,100,2026-04-10,0,21,0.0
F15,101,2026-04-11,0,21,0.0
F15,102,2026-04-12,0,21,0.0
F15,103,2026-04-13,0,21,0.0
F15,104,2026-04-14,0,21,0.0
F15,105,2026-04-15,0,21,0.0
F15,106,2026-04-16,0,21,0.0
F15,107,2026-04-17,0,21,0.0
F15,108,2026-04-18,0,21,0.0
F15,109,2026-04-19,0,21,0.0
F15,110,2026-04-20,0,21,0.0
F15,111,2026-04-21,0,21,0.0
F15,112,2026-04-22,0,21,0.0
F15,113,2026-04-23,0,21,0.0
F15,114,2026-04-24,0,21,0.0
F15,115,2026-04-25,0,21,0.0
F15,116,2026-04-26,0,21,0.0
F15,117,2026-04-27,0,21,0.0
F15,118,2026-04-28,0,21,0.0
F15,119,2026-04-29,0,21,0.0
F15,120,2026-04-30,0,21,0.0
F15,121,2026-05-01,0,21,0.0
F15,122,2026-05-02,0,21,0.0
F15,123,2026-05-03,0,21,0.0
F15,124,2026-05-04,0,21,0.0
F15,125,2026-05-05,0,21,0.0
F15,126,2026-05-06,0,21,0.0
F15,127,2026-05-07,0,21,0.0
F15,128,2026-05-08,0,21,0.0
F15,129,2026-05-09,0,21,0.0
F15,130,2026-05-10,0,21,0.0
F15,131,2026-05-11,0,21,0.0
F15,132,2026-05-12,0,21,0.0
F15,133,2026-05-13,0,21,0.0
F15,134,2026-05-14,0,21,0.0
F15,135,2026-05-15,0,21,0.0
F15,136,2026-05-16,0,21,0.0
F15,137,2026-05-17,0,21,0.0
F15,138,2026-05-18,0,21,0.0
F15,139,2026-05-19,0,21,0.0
F15,140,2026-05-20,0,21,0.0
F15,141,2026-05-21,0,21,0.0
F15,142,2026-05-22,0,21,0.0
F15,143,2026-05-23,0,21,0.0
F15,144,2026-05-24,0,21,0.0
F15,145,2026-05-25,0,21,0.0
F15,146,2026-05-26,0,21,0.0
F15,147,2026-05-27,0,21,0.0
F15,148,2026-05-28,0,21,0.0
F15,149,2026-05-29,0,21,0.0
F15,150,2026-05-30,0,21,0.0
F15,151,2026-05-31,0,21,0.0
F15,152,2026-06-01,0,21,0.0
F15,153,2026-06-02,0,21,0.0
F15,154,2026-06-03,0,21,0.0
F15,155,2026-06-04,0,21,0.0
F15,156,2026-06-05,0,21,0.0
F15,157,2026-06-06,0,21,0.0
F15,158,2026-06-07,0,21,0.0
F15,159,2026-06-08,0,21,0.0
F15,160,2026-06-09,0,21,0.0
F15,161,2026-06-10,0,21,0.0
F15,162,2026-06-11,0,21,0.0
F15,163,2026-06-12,0,21,0.0
F15,164,2026-06-13,0,21,0.0
F15,165,2026-06-14,0,21,0.0
F16,5,2026-01-05,0,21,0.0
F16,6,2026-01-06,0,21,0.0
F16,7,2026-01-07,0,21,0.0
F16,8,2026-01-08,0,21,0.0
F16,9,2026-01-09,0,21,0.0
F16,10,2026-01-10,0,21,0.0
F16,11,2026-01-11,0,21,0.0
F16,12,2026-01-12,0,21,0.0
F16,13,2026-01-13,0,21,0.0
F16,14,2026-01-14,0,21,0.0
F16,15,2026-01-15,0,21,0.0
F16,16,2026-01-16,0,21,0.0
F16,17,2026-01-17,0,21,0.0
F16,18,2026-01-18,0,21,0.0
F16,19,2026-01-19,0,21,0.0
F16,20,2026-01-20,0,21,0.0
F16,21,2026-01-21,0,21,0.0
F16,22,2026-01-22,0,21,0.0
F16,23,2026-01-23,0,21,0.0
F16,24,2026-01-24,0,21,0.0
F16,25,2026-01-25,0,21,0.0
F16,26,2026-01-26,0,21,0.0
F16,27,2026-01-27,0,21,0.0
F16,28,2026-01-28,0,21,0.0
F16,29,2026-01-29,0,21,0.0
F16,30,2026-01-30,0,21,0.0
F16,31,2026-01-31,0,21,0.0
F16,32,2026-02-01,0,21,0.0
F16,33,2026-02-02,0,21,0.0
F16,34,2026-02-03,0,21,0.0
F16,35,2026-02-04,0,21,0.0
F16,36,2026-02-05,0,21,0.0
F16,37,2026-02-06,0,21,0.0
F16,38,2026-02-07,0,21,0.0
F16,39,2026-02-08,0,21,0.0
F16,40,2026-02-09,0,21,0.0
F16,41,2026-02-10,0,21,0.0
F16,42,2026-02-11,0,21,0.0
F16,43,2026-02-12,0,21,0.0
F16,44,2026-02-13,0,21,0.0
F16,45,2026-02-14,0,21,0.0
F16,46,2026-02-15,0,21,0.0
F16,47,2026-02-16,0,21,0.0
F16,48,2026-02-17,0,21,0.0
F16,49,2026-02-18,0,21,0.0
F16,50,2026-02-19,0,21,0.0
F16,51,2026-02-20,0,21,0.0
F16,52,2026-02-21,0,21,0.0
F16,53,2026-02-22,0,21,0.0
F16,54,2026-02-23,0,21,0.0
F16,55,2026-02-24,0,21,0.0
F16,56,2026-02-25,0,21,0.0
F16,57,2026-02-26,0,21,0.0
F16,58,2026-02-27,0,21,0.0
F16,59,2026-02-28,0,21,0.0
F16,60,2026-03-01,0,21,0.0
F16,61,2026-03-02,0,21,0.0
F16,62,2026-03-03,0,21,0.0
F16,63,2026-03-04,0,21,0.0
F16,64,2026-03-05,0,21,0.0
F16,65,2026-03-06,0,21,0.0
F16,66,2026-03-07,0,21,0.0
F16,67,2026-03-08,0,21,0.0
F16,68,2026-03-09,0,21,0.0
F16,69,2026-03-10,0,21,0.0
F16,70,2026-03-11,0,21,0.0
F16,71,2026-03-12,0,21,0.0
F16,72,2026-03-13,0,21,0.0
F16,73,2026-03-14,0,21,0.0
F16,74,2026-03-15,0,21,0.0
F16,75,2026-03-16,0,21,0.0
F16,76,2026-03-17,0,21,0.0
F16,77,2026-03-18,0,21,0.0
F16,78,2026-03-19,0,21,0.0
F16,79,2026-03-20,0,21,0.0
F16,80,2026-03-21,0,21,0.0
F16,81,2026-03-22,0,21,0.0
F16,82,2026-03-23,0,21,0.0
F16,83,2026-03-24,0,21,0.0
F16,84,2026-03-25,0,21,0.0
F16,85,2026-03-26,0,21,0.0
F16,86,2026-03-27,0,21,0.0
F16,87,2026-03-28,0,21,0.0
F16,88,2026-03-29,0,21,0.0
F16,89,2026-03-30,0,21,0.0
F16,90,2026-03-31,0,21,0.0
F16,91,2026-04-01,0,21,0.0
F16,92,2026-04-02,0,21,0.0
F16,93,2026-04-03,0,21,0.0
F16,94,2026-04-04,0,21,0.0
F16,95,2026-04-05,0,21,0.0
F16,96,2026-04-06,0,21,0.0
F16,97,2026-04-07,0,21,0.0
F16,98,2026-04-08,0,21,0.0
F16,99,2026-04-09,0,21,0.0
F16,100,2026-04-10,0,21,0.0
F16,101,2026-04-11,0,21,0.0
F16,102,2026-04-12,0,21,0.0
F16,103,2026-04-13,0,21,0.0
F16,104,2026-04-14,0,21,0.0
F16,105,2026-04-15,0,21,0.0
F16,106,2026-04-16,0,21,0.0
F16,107,2026-04-17,0,21,0.0
F16,108,2026-04-18,0,21,0.0
F16,109,2026-04-19,0,21,0.0
F16,110,2026-04-20,0,21,0.0
F16,111,2026-04-21,0,21,0.0
F16,112,2026-04-22,0,21,0.0
F16,113,2026-04-23,0,21,0.0
F16,114,2026-04-24,0,21,0.0
F16,115,2026-04-25,0,21,0.0
F16,116,2026-04-26,0,21,0.0
F16,117,2026-04-27,0,21,0.0
F16,118,2026-04-28,0,21,0.0
F16,119,2026-04-29,0,21,0.0
F16,120,2026-04-30,0,21,0.0
F16,121,2026-05-01,0,21,0.0
F16,122,2026-05-02,0,21,0.0
F16,123,2026-05-03,0,21,0.0
F16,124,2026-05-04,0,21,0.0
F16,125,2026-05-05,0,21,0.0
F16,126,2026-05-06,0,21,0.0
F16,127,2026-05-07,0,21,0.0
F16,128,2026-05-08,0,21,0.0
F16,129,2026-05-09,0,21,0.0
F16,130,2026-05-10,0,21,0.0
F16,131,2026-05-11,0,21,0.0
F16,132,2026-05-12,0,21,0.0
F16,133,2026-05-13,0,21,0.0
F16,134,2026-05-14,0,21,0.0
F16,135,2026-05-15,0,21,0.0
F16,136,2026-05-16,0,21,0.0
F16,137,2026-05-17,0,21,0.0
F16,138,2026-05-18,0,21,0.0
F16,139,2026-05-19,0,21,0.0
F16,140,2026-05-20,0,21,0.0
F16,141,2026-05-21,0,21,0.0
F16,142,2026-05-22,0,21,0.0
F16,143,2026-05-23,0,21,0.0
F16,144,2026-05-24,0,21,0.0
F16,145,2026-05-25,0,21,0.0
F16,146,2026-05-26,0,21,0.0
F16,147,2026-05-27,0,21,0.0
F16,148,2026-05-28,0,21,0.0
F16,149,2026-05-29,0,21,0.0
F16,150,2026-05-30,0,21,0.0
F16,151,2026-05-31,0,21,0.0
F16,152,2026-06-01,0,21,0.0
F16,153,2026-06-02,0,21,0.0
F16,154,2026-06-03,0,21,0.0
F16,155,2026-06-04,0,21,0.0
F16,156,2026-06-05,0,21,0.0
F16,157,2026-06-06,0,21,0.0
F16,158,2026-06-07,0,21,0.0
F16,159,2026-06-08,0,21,0.0
F16,160,2026-06-09,0,21,0.0
F16,161,2026-06-10,0,21,0.0
F16,162,2026-06-11,0,21,0.0
F16,163,2026-06-12,0,21,0.0
F16,164,2026-06-13,0,21,0.0
F16,165,2026-06-14,0,21,0.0
F17,5,2026-01-05,0,21,0.0
F17,6,2026-01-06,0,21,0.0
F17,7,2026-01-07,0,21,0.0
F17,8,2026-01-08,0,21,0.0
F17,9,2026-01-09,0,21,0.0
F17,10,2026-01-10,0,21,0.0
F17,11,2026-01-11,0,21,0.0
F17,12,2026-01-12,0,21,0.0
F17,13,2026-01-13,0,21,0.0
F17,14,2026-01-14,0,21,0.0
F17,15,2026-01-15,0,21,0.0
F17,16,2026-01-16,0,21,0.0
F17,17,2026-01-17,0,21,0.0
F17,18,2026-01-18,0,21,0.0
F17,19,2026-01-19,0,21,0.0
F17,20,2026-01-20,0,21,0.0
F17,21,2026-01-21,0,21,0.0
F17,22,2026-01-22,0,21,0.0
F17,23,2026-01-23,0,21,0.0
F17,24,2026-01-24,0,21,0.0
F17,25,2026-01-25,0,21,0.0
F17,26,2026-01-26,0,21,0.0
F17,27,2026-01-27,0,21,0.0
F17,28,2026-01-28,0,21,0.0
F17,29,2026-01-29,0,21,0.0
F17,30,2026-01-30,0,21,0.0
F17,31,2026-01-31,0,21,0.0
F17,32,2026-02-01,0,21,0.0
F17,33,2026-02-02,0,21,0.0
F17,34,2026-02-03,0,21,0.0
F17,35,2026-02-04,0,21,0.0
F17,36,2026-02-05,0,21,0.0
F17,37,2026-02-06,0,21,0.0
F17,38,2026-02-07,0,21,0.0
F17,39,2026-02-08,0,21,0.0
F17,40,2026-02-09,0,21,0.0
F17,41,2026-02-10,0,21,0.0
F17,42,2026-02-11,0,21,0.0
F17,43,2026-02-12,0,21,0.0
F17,44,2026-02-13,0,21,0.0
F17,45,2026-02-14,0,21,0.0
F17,46,2026-02-15,0,21,0.0
F17,47,2026-02-16,0,21,0.0
F17,48,2026-02-17,0,21,0.0
F17,49,2026-02-18,0,21,0.0
F17,50,2026-02-19,0,21,0.0
F17,51,2026-02-20,0,21,0.0
F17,52,2026-02-21,0,21,0.0
F17,53,2026-02-22,0,21,0.0
F17,54,2026-02-23,0,21,0.0
F17,55,2026-02-24,0,21,0.0
F17,56,2026-02-25,0,21,0.0
F17,57,2026-02-26,0,21,0.0
F17,58,2026-02-27,0,21,0.0
F17,59,2026-02-28,0,21,0.0
F17,60,2026-03-01,0,21,0.0
F17,61,2026-03-02,0,21,0.0
F17,62,2026-03-03,0,21,0.0
F17,63,2026-03-04,0,21,0.0
F17,64,2026-03-05,0,21,0.0
F17,65,2026-03-06,0,21,0.0
F17,66,2026-03-07,0,21,0.0
F17,67,2026-03-08,0,21,0.0
F17,68,2026-03-09,0,21,0.0
F17,69,2026-03-10,0,21,0.0
F17,70,2026-03-11,0,21,0.0
F17,71,2026-03-12,0,21,0.0
F17,72,2026-03-13,0,21,0.0
F17,73,2026-03-14,0,21,0.0
F17,74,2026-03-15,0,21,0.0
F17,75,2026-03-16,0,21,0.0
F17,76,2026-03-17,0,21,0.0
F17,77,2026-03-18,0,21,0.0
F17,78,2026-03-19,0,21,0.0
F17,79,2026-03-20,0,21,0.0
F17,80,2026-03-21,0,21,0.0
F17,81,2026-03-22,0,21,0.0
F17,82,2026-03-23,0,21,0.0
F17,83,2026-03-24,0,21,0.0
F17,84,2026-03-25,0,21,0.0
F17,85,2026-03-26,0,21,0.0
F17,86,2026-03-27,0,21,0.0
F17,87,2026-03-28,0,21,0.0
F17,88,2026-03-29,0,21,0.0
F17,89,2026-03-30,0,21,0.0
F17,90,2026-03-31,0,21,0.0
F17,91,2026-04-01,0,21,0.0
F17,92,2026-04-02,0,21,0.0
F17,93,2026-04-03,0,21,0.0
F17,94,2026-04-04,0,21,0.0
F17,95,2026-04-05,0,21,0.0
F17,96,2026-04-06,0,21,0.0
F17,97,2026-04-07,0,21,0.0
F17,98,2026-04-08,0,21,0.0
F17,99,2026-04-09,0,21,0.0
F17,100,2026-04-10,0,21,0.0
F17,101,2026-04-11,0,21,0.0
F17,102,2026-04-12,0,21,0.0
F17,103,2026-04-13,0,21,0.0
F17,104,2026-04-14,0,21,0.0
F17,105,2026-04-15,0,21,0.0
F17,106,2026-04-16,0,21,0.0
F17,107,2026-04-17,0,21,0.0
F17,108,2026-04-18,0,21,0.0
F17,109,2026-04-19,0,21,0.0
F17,110,2026-04-20,0,21,0.0
F17,111,2026-04-21,0,21,0.0
F17,112,2026-04-22,0,21,0.0
F17,113,2026-04-23,0,21,0.0
F17,114,2026-04-24,0,21,0.0
F17,115,2026-04-25,0,21,0.0
F17,116,2026-04-26,0,21,0.0
F17,117,2026-04-27,0,21,0.0
F17,118,2026-04-28,0,21,0.0
F17,119,2026-04-29,0,21,0.0
F17,120,2026-04-30,0,21,0.0
F17,121,2026-05-01,0,21,0.0
F17,122,2026-05-02,0,21,0.0
F17,123,2026-05-03,0,21,0.0
F17,124,2026-05-04,0,21,0.0
F17,125,2026-05-05,0,21,0.0
F17,126,2026-05-06,0,21,0.0
F17,127,2026-05-07,0,21,0.0
F17,128,2026-05-08,0,21,0.0
F17,129,2026-05-09,0,21,0.0
F17,130,2026-05-10,0,21,0.0
F17,131,2026-05-11,0,21,0.0
F17,132,2026-05-12,0,21,0.0
F17,133,2026-05-13,0,21,0.0
F17,134,2026-05-14,0,21,0.0
F17,135,2026-05-15,0,21,0.0
F17,136,2026-05-16,0,21,0.0
F17,137,2026-05-17,0,21,0.0
F17,138,2026-05-18,0,21,0.0
F17,139,2026-05-19,0,21,0.0
F17,140,2026-05-20,0,21,0.0
F17,141,2026-05-21,0,21,0.0
F17,142,2026-05-22,0,21,0.0
F17,143,2026-05-23,0,21,0.0
F17,144,2026-05-24,0,21,0.0
F17,145,2026-05-25,0,21,0.0
F17,146,2026-05-26,0,21,0.0
F17,147,2026-05-27,0,21,0.0
F17,148,2026-05-28,0,21,0.0
F17,149,2026-05-29,0,21,0.0
F17,150,2026-05-30,0,21,0.0
F17,151,2026-05-31,0,21,0.0
F17,152,2026-06-01,0,21,0.0
F17,153,2026-06-02,0,21,0.0
F17,154,2026-06-03,0,21,0.0
F17,155,2026-06-04,0,21,0.0
F17,156,2026-06-05,0,21,0.0
F17,157,2026-06-06,0,21,0.0
F17,158,2026-06-07,0,21,0.0
F17,159,2026-06-08,0,21,0.0
F17,160,2026-06-09,0,21,0.0
F17,161,2026-06-10,0,21,0.0
F17,162,2026-06-11,0,21,0.0
F17,163,2026-06-12,0,21,0.0
F17,164,2026-06-13,0,21,0.0
F17,165,2026-06-14,0,21,0.0
G01,5,2026-01-05,0,6,0.0
G01,6,2026-01-06,0,6,0.0
G01,7,2026-01-07,0,6,0.0
G01,8,2026-01-08,0,6,0.0
G01,9,2026-01-09,0,6,0.0
G01,10,2026-01-10,0,6,0.0
G01,11,2026-01-11,0,6,0.0
G01,12,2026-01-12,0,6,0.0
G01,13,2026-01-13,0,6,0.0
G01,14,2026-01-14,0,6,0.0
G01,15,2026-01-15,0,6,0.0
G01,16,2026-01-16,0,6,0.0
G01,17,2026-01-17,0,6,0.0
G01,18,2026-01-18,0,6,0.0
G01,19,2026-01-19,1,6,0.16666666666666666
G01,20,2026-01-20,0,6,0.0
G01,21,2026-01-21,3,6,0.5
G01,22,2026-01-22,3,6,0.5
G01,23,2026-01-23,6,6,1.0
G01,24,2026-01-24,6,6,1.0
G01,25,2026-01-25,6,6,1.0
G01,26,2026-01-26,6,6,1.0
G01,27,2026-01-27,6,6,1.0
G01,28,2026-01-28,6,6,1.0
G01,29,2026-01-29,3,6,0.5
G01,30,2026-01-30,6,6,1.0
G01,31,2026-01-31,6,6,1.0
G01,32,2026-02-01,6,6,1.0
G01,33,2026-02-02,6,6,1.0
G01,34,2026-02-03,6,6,1.0
G01,35,2026-02-04,6,6,1.0
G01,36,2026-02-05,6,6,1.0
G01,37,2026-02-06,5,6,0.8333333333333334
G01,38,2026-02-07,4,6,0.6666666666666666
G01,39,2026-02-08,4,6,0.6666666666666666
G01,40,2026-02-09,5,6,0.8333333333333334
G01,41,2026-02-10,5,6,0.8333333333333334
G01,42,2026-02-11,3,6,0.5
G01,43,2026-02-12,3,6,0.5
G01,44,2026-02-13,1,6,0.16666666666666666
G01,45,2026-02-14,1,6,0.16666666666666666
G01,46,2026-02-15,1,6,0.16666666666666666
G01,47,2026-02-16,1,6,0.16666666666666666
G01,48,2026-02-17,1,6,0.16666666666666666
G01,49,2026-02-18,1,6,0.16666666666666666
G01,50,2026-02-19,1,6,0.16666666666666666
G01,51,2026-02-20,1,6,0.16666666666666666
G01,52,2026-02-21,1,6,0.16666666666666666
G01,53,2026-02-22,1,6,0.16666666666666666
G01,54,2026-02-23,0,6,0.0
G01,55,2026-02-24,0,6,0.0
G01,56,2026-02-25,0,6,0.0
G01,57,2026-02-26,3,6,0.5
G01,58,2026-02-27,3,6,0.5
G01,59,2026-02-28,3,6,0.5
G01,60,2026-03-01,3,6,0.5
G01,61,2026-03-02,3,6,0.5
G01,62,2026-03-03,3,6,0.5
G01,63,2026-03-04,7,6,1.1666666666666667
G01,64,2026-03-05,6,6,1.0
G01,65,2026-03-06,6,6,1.0
G01,66,2026-03-07,6,6,1.0
G01,67,2026-03-08,6,6,1.0
G01,68,2026-03-09,6,6,1.0
G01,69,2026-03-10,7,6,1.1666666666666667
G01,70,2026-03-11,8,6,1.3333333333333333
G01,71,2026-03-12,0,6,0.0
G01,72,2026-03-13,0,6,0.0
G01,73,2026-03-14,0,6,0.0
G01,74,2026-03-15,0,6,0.0
G01,75,2026-03-16,1,6,0.16666666666666666
G01,76,2026-03-17,1,6,0.16666666666666666
G01,77,2026-03-18,9,6,1.5
G01,78,2026-03-19,9,6,1.5
G01,79,2026-03-20,9,6,1.5
G01,80,2026-03-21,9,6,1.5
G01,81,2026-03-22,9,6,1.5
G01,82,2026-03-23,9,6,1.5
G01,83,2026-03-24,9,6,1.5
G01,84,2026-03-25,9,6,1.5
G01,85,2026-03-26,1,6,0.16666666666666666
G01,86,2026-03-27,6,6,1.0
G01,87,2026-03-28,10,6,1.6666666666666667
G01,88,2026-03-29,10,6,1.6666666666666667
G01,89,2026-03-30,9,6,1.5
G01,90,2026-03-31,9,6,1.5
G01,91,2026-04-01,9,6,1.5
G01,92,2026-04-02,7,6,1.1666666666666667
G01,93,2026-04-03,7,6,1.1666666666666667
G01,94,2026-04-04,7,6,1.1666666666666667
G01,95,2026-04-05,7,6,1.1666666666666667
G01,96,2026-04-06,7,6,1.1666666666666667
G01,97,2026-04-07,3,6,0.5
G01,98,2026-04-08,3,6,0.5
G01,99,2026-04-09,3,6,0.5
G01,100,2026-04-10,3,6,0.5
G01,101,2026-04-11,2,6,0.3333333333333333
G01,102,2026-04-12,2,6,0.3333333333333333
G01,103,2026-04-13,10,6,1.6666666666666667
G01,104,2026-04-14,5,6,0.8333333333333334
G01,105,2026-04-15,5,6,0.8333333333333334
G01,106,2026-04-16,5,6,0.8333333333333334
G01,107,2026-04-17,5,6,0.8333333333333334
G01,108,2026-04-18,4,6,0.6666666666666666
G01,109,2026-04-19,4,6,0.6666666666666666
G01,110,2026-04-20,4,6,0.6666666666666666
G01,111,2026-04-21,11,6,1.8333333333333333
G01,112,2026-04-22,11,6,1.8333333333333333
G01,113,2026-04-23,4,6,0.6666666666666666
G01,114,2026-04-24,4,6,0.6666666666666666
G01,115,2026-04-25,4,6,0.6666666666666666
G01,116,2026-04-26,4,6,0.6666666666666666
G01,117,2026-04-27,4,6,0.6666666666666666
G01,118,2026-04-28,10,6,1.6666666666666667
G01,119,2026-04-29,8,6,1.3333333333333333
G01,120,2026-04-30,9,6,1.5
G01,121,2026-05-01,9,6,1.5
G01,122,2026-05-02,9,6,1.5
G01,123,2026-05-03,9,6,1.5
G01,124,2026-05-04,9,6,1.5
G01,125,2026-05-05,9,6,1.5
G01,126,2026-05-06,9,6,1.5
G01,127,2026-05-07,4,6,0.6666666666666666
G01,128,2026-05-08,4,6,0.6666666666666666
G01,129,2026-05-09,2,6,0.3333333333333333
G01,130,2026-05-10,2,6,0.3333333333333333
G01,131,2026-05-11,2,6,0.3333333333333333
G01,132,2026-05-12,2,6,0.3333333333333333
G01,133,2026-05-13,2,6,0.3333333333333333
G01,134,2026-05-14,2,6,0.3333333333333333
G01,135,2026-05-15,3,6,0.5
G01,136,2026-05-16,2,6,0.3333333333333333
G01,137,2026-05-17,2,6,0.3333333333333333
G01,138,2026-05-18,2,6,0.3333333333333333
G01,139,2026-05-19,3,6,0.5
G01,140,2026-05-20,3,6,0.5
G01,141,2026-05-21,2,6,0.3333333333333333
G01,142,2026-05-22,2,6,0.3333333333333333
G01,143,2026-05-23,2,6,0.3333333333333333
G01,144,2026-05-24,2,6,0.3333333333333333
G01,145,2026-05-25,2,6,0.3333333333333333
G01,146,2026-05-26,1,6,0.16666666666666666
G01,147,2026-05-27,2,6,0.3333333333333333
G01,148,2026-05-28,4,6,0.6666666666666666
G01,149,2026-05-29,4,6,0.6666666666666666
G01,150,2026-05-30,5,6,0.8333333333333334
G01,151,2026-05-31,5,6,0.8333333333333334
G01,152,2026-06-01,1,6,0.16666666666666666
G01,153,2026-06-02,4,6,0.6666666666666666
G01,154,2026-06-03,5,6,0.8333333333333334
G01,155,2026-06-04,5,6,0.8333333333333334
G01,156,2026-06-05,5,6,0.8333333333333334
G01,157,2026-06-06,5,6,0.8333333333333334
G01,158,2026-06-07,5,6,0.8333333333333334
G01,159,2026-06-08,5,6,0.8333333333333334
G01,160,2026-06-09,5,6,0.8333333333333334
G01,161,2026-06-10,5,6,0.8333333333333334
G01,162,2026-06-11,5,6,0.8333333333333334
G01,163,2026-06-12,4,6,0.6666666666666666
G01,164,2026-06-13,0,6,0.0
G01,165,2026-06-14,0,6,0.0
G02,5,2026-01-05,0,12,0.0
G02,6,2026-01-06,0,12,0.0
G02,7,2026-01-07,0,12,0.0
G02,8,2026-01-08,0,12,0.0
G02,9,2026-01-09,0,12,0.0
G02,10,2026-01-10,0,12,0.0
G02,11,2026-01-11,0,12,0.0
G02,12,2026-01-12,0,12,0.0
G02,13,2026-01-13,0,12,0.0
G02,14,2026-01-14,0,12,0.0
G02,15,2026-01-15,0,12,0.0
G02,16,2026-01-16,0,12,0.0
G02,17,2026-01-17,0,12,0.0
G02,18,2026-01-18,0,12,0.0
G02,19,2026-01-19,0,12,0.0
G02,20,2026-01-20,0,12,0.0
G02,21,2026-01-21,0,12,0.0
G02,22,2026-01-22,0,12,0.0
G02,23,2026-01-23,0,12,0.0
G02,24,2026-01-24,0,12,0.0
G02,25,2026-01-25,0,12,0.0
G02,26,2026-01-26,0,12,0.0
G02,27,2026-01-27,1,12,0.08333333333333333
G02,28,2026-01-28,2,12,0.16666666666666666
G02,29,2026-01-29,1,12,0.08333333333333333
G02,30,2026-01-30,1,12,0.08333333333333333
G02,31,2026-01-31,2,12,0.16666666666666666
G02,32,2026-02-01,2,12,0.16666666666666666
G02,33,2026-02-02,6,12,0.5
G02,34,2026-02-03,6,12,0.5
G02,35,2026-02-04,6,12,0.5
G02,36,2026-02-05,6,12,0.5
G02,37,2026-02-06,7,12,0.5833333333333334
G02,38,2026-02-07,7,12,0.5833333333333334
G02,39,2026-02-08,7,12,0.5833333333333334
G02,40,2026-02-09,7,12,0.5833333333333334
G02,41,2026-02-10,6,12,0.5
G02,42,2026-02-11,6,12,0.5
G02,43,2026-02-12,11,12,0.9166666666666666
G02,44,2026-02-13,11,12,0.9166666666666666
G02,45,2026-02-14,11,12,0.9166666666666666
G02,46,2026-02-15,11,12,0.9166666666666666
G02,47,2026-02-16,11,12,0.9166666666666666
G02,48,2026-02-17,11,12,0.9166666666666666
G02,49,2026-02-18,11,12,0.9166666666666666
G02,50,2026-02-19,11,12,0.9166666666666666
G02,51,2026-02-20,5,12,0.4166666666666667
G02,52,2026-02-21,5,12,0.4166666666666667
G02,53,2026-02-22,5,12,0.4166666666666667
G02,54,2026-02-23,7,12,0.5833333333333334
G02,55,2026-02-24,7,12,0.5833333333333334
G02,56,2026-02-25,4,12,0.3333333333333333
G02,57,2026-02-26,6,12,0.5
G02,58,2026-02-27,6,12,0.5
G02,59,2026-02-28,6,12,0.5
G02,60,2026-03-01,6,12,0.5
G02,61,2026-03-02,6,12,0.5
G02,62,2026-03-03,6,12,0.5
G02,63,2026-03-04,6,12,0.5
G02,64,2026-03-05,6,12,0.5
G02,65,2026-03-06,7,12,0.5833333333333334
G02,66,2026-03-07,1,12,0.08333333333333333
G02,67,2026-03-08,1,12,0.08333333333333333
G02,68,2026-03-09,3,12,0.25
G02,69,2026-03-10,3,12,0.25
G02,70,2026-03-11,3,12,0.25
G02,71,2026-03-12,1,12,0.08333333333333333
G02,72,2026-03-13,1,12,0.08333333333333333
G02,73,2026-03-14,1,12,0.08333333333333333
G02,74,2026-03-15,1,12,0.08333333333333333
G02,75,2026-03-16,3,12,0.25
G02,76,2026-03-17,3,12,0.25
G02,77,2026-03-18,3,12,0.25
G02,78,2026-03-19,3,12,0.25
G02,79,2026-03-20,2,12,0.16666666666666666
G02,80,2026-03-21,2,12,0.16666666666666666
G02,81,2026-03-22,2,12,0.16666666666666666
G02,82,2026-03-23,7,12,0.5833333333333334
G02,83,2026-03-24,6,12,0.5
G02,84,2026-03-25,6,12,0.5
G02,85,2026-03-26,6,12,0.5
G02,86,2026-03-27,6,12,0.5
G02,87,2026-03-28,7,12,0.5833333333333334
G02,88,2026-03-29,7,12,0.5833333333333334
G02,89,2026-03-30,7,12,0.5833333333333334
G02,90,2026-03-31,5,12,0.4166666666666667
G02,91,2026-04-01,9,12,0.75
G02,92,2026-04-02,9,12,0.75
G02,93,2026-04-03,9,12,0.75
G02,94,2026-04-04,9,12,0.75
G02,95,2026-04-05,9,12,0.75
G02,96,2026-04-06,9,12,0.75
G02,97,2026-04-07,6,12,0.5
G02,98,2026-04-08,5,12,0.4166666666666667
G02,99,2026-04-09,5,12,0.4166666666666667
G02,100,2026-04-10,3,12,0.25
G02,101,2026-04-11,4,12,0.3333333333333333
G02,102,2026-04-12,4,12,0.3333333333333333
G02,103,2026-04-13,1,12,0.08333333333333333
G02,104,2026-04-14,2,12,0.16666666666666666
G02,105,2026-04-15,1,12,0.08333333333333333
G02,106,2026-04-16,1,12,0.08333333333333333
G02,107,2026-04-17,1,12,0.08333333333333333
G02,108,2026-04-18,1,12,0.08333333333333333
G02,109,2026-04-19,1,12,0.08333333333333333
G02,110,2026-04-20,3,12,0.25
G02,111,2026-04-21,4,12,0.3333333333333333
G02,112,2026-04-22,3,12,0.25
G02,113,2026-04-23,2,12,0.16666666666666666
G02,114,2026-04-24,4,12,0.3333333333333333
G02,115,2026-04-25,7,12,0.5833333333333334
G02,116,2026-04-26,7,12,0.5833333333333334
G02,117,2026-04-27,3,12,0.25
G02,118,2026-04-28,3,12,0.25
G02,119,2026-04-29,1,12,0.08333333333333333
G02,120,2026-04-30,1,12,0.08333333333333333
G02,121,2026-05-01,5,12,0.4166666666666667
G02,122,2026-05-02,1,12,0.08333333333333333
G02,123,2026-05-03,1,12,0.08333333333333333
G02,124,2026-05-04,2,12,0.16666666666666666
G02,125,2026-05-05,2,12,0.16666666666666666
G02,126,2026-05-06,2,12,0.16666666666666666
G02,127,2026-05-07,2,12,0.16666666666666666
G02,128,2026-05-08,2,12,0.16666666666666666
G02,129,2026-05-09,1,12,0.08333333333333333
G02,130,2026-05-10,1,12,0.08333333333333333
G02,131,2026-05-11,1,12,0.08333333333333333
G02,132,2026-05-12,1,12,0.08333333333333333
G02,133,2026-05-13,3,12,0.25
G02,134,2026-05-14,5,12,0.4166666666666667
G02,135,2026-05-15,5,12,0.4166666666666667
G02,136,2026-05-16,3,12,0.25
G02,137,2026-05-17,3,12,0.25
G02,138,2026-05-18,6,12,0.5
G02,139,2026-05-19,6,12,0.5
G02,140,2026-05-20,6,12,0.5
G02,141,2026-05-21,1,12,0.08333333333333333
G02,142,2026-05-22,1,12,0.08333333333333333
G02,143,2026-05-23,1,12,0.08333333333333333
G02,144,2026-05-24,1,12,0.08333333333333333
G02,145,2026-05-25,1,12,0.08333333333333333
G02,146,2026-05-26,1,12,0.08333333333333333
G02,147,2026-05-27,1,12,0.08333333333333333
G02,148,2026-05-28,1,12,0.08333333333333333
G02,149,2026-05-29,1,12,0.08333333333333333
G02,150,2026-05-30,1,12,0.08333333333333333
G02,151,2026-05-31,1,12,0.08333333333333333
G02,152,2026-06-01,1,12,0.08333333333333333
G02,153,2026-06-02,1,12,0.08333333333333333
G02,154,2026-06-03,1,12,0.08333333333333333
G02,155,2026-06-04,1,12,0.08333333333333333
G02,156,2026-06-05,3,12,0.25
G02,157,2026-06-06,3,12,0.25
G02,158,2026-06-07,3,12,0.25
G02,159,2026-06-08,3,12,0.25
G02,160,2026-06-09,2,12,0.16666666666666666
G02,161,2026-06-10,2,12,0.16666666666666666
G02,162,2026-06-11,2,12,0.16666666666666666
G02,163,2026-06-12,2,12,0.16666666666666666
G02,164,2026-06-13,2,12,0.16666666666666666
G02,165,2026-06-14,2,12,0.16666666666666666
G03,5,2026-01-05,0,12,0.0
G03,6,2026-01-06,0,12,0.0
G03,7,2026-01-07,0,12,0.0
G03,8,2026-01-08,0,12,0.0
G03,9,2026-01-09,0,12,0.0
G03,10,2026-01-10,0,12,0.0
G03,11,2026-01-11,0,12,0.0
G03,12,2026-01-12,5,12,0.4166666666666667
G03,13,2026-01-13,5,12,0.4166666666666667
G03,14,2026-01-14,5,12,0.4166666666666667
G03,15,2026-01-15,0,12,0.0
G03,16,2026-01-16,6,12,0.5
G03,17,2026-01-17,6,12,0.5
G03,18,2026-01-18,6,12,0.5
G03,19,2026-01-19,6,12,0.5
G03,20,2026-01-20,7,12,0.5833333333333334
G03,21,2026-01-21,7,12,0.5833333333333334
G03,22,2026-01-22,7,12,0.5833333333333334
G03,23,2026-01-23,7,12,0.5833333333333334
G03,24,2026-01-24,7,12,0.5833333333333334
G03,25,2026-01-25,7,12,0.5833333333333334
G03,26,2026-01-26,7,12,0.5833333333333334
G03,27,2026-01-27,7,12,0.5833333333333334
G03,28,2026-01-28,7,12,0.5833333333333334
G03,29,2026-01-29,6,12,0.5
G03,30,2026-01-30,1,12,0.08333333333333333
G03,31,2026-01-31,1,12,0.08333333333333333
G03,32,2026-02-01,1,12,0.08333333333333333
G03,33,2026-02-02,2,12,0.16666666666666666
G03,34,2026-02-03,2,12,0.16666666666666666
G03,35,2026-02-04,2,12,0.16666666666666666
G03,36,2026-02-05,3,12,0.25
G03,37,2026-02-06,3,12,0.25
G03,38,2026-02-07,3,12,0.25
G03,39,2026-02-08,3,12,0.25
G03,40,2026-02-09,4,12,0.3333333333333333
G03,41,2026-02-10,3,12,0.25
G03,42,2026-02-11,5,12,0.4166666666666667
G03,43,2026-02-12,3,12,0.25
G03,44,2026-02-13,3,12,0.25
G03,45,2026-02-14,3,12,0.25
G03,46,2026-02-15,3,12,0.25
G03,47,2026-02-16,3,12,0.25
G03,48,2026-02-17,3,12,0.25
G03,49,2026-02-18,3,12,0.25
G03,50,2026-02-19,4,12,0.3333333333333333
G03,51,2026-02-20,6,12,0.5
G03,52,2026-02-21,11,12,0.9166666666666666
G03,53,2026-02-22,11,12,0.9166666666666666
G03,54,2026-02-23,10,12,0.8333333333333334
G03,55,2026-02-24,10,12,0.8333333333333334
G03,56,2026-02-25,9,12,0.75
G03,57,2026-02-26,14,12,1.1666666666666667
G03,58,2026-02-27,16,12,1.3333333333333333
G03,59,2026-02-28,16,12,1.3333333333333333
G03,60,2026-03-01,16,12,1.3333333333333333
G03,61,2026-03-02,16,12,1.3333333333333333
G03,62,2026-03-03,15,12,1.25
G03,63,2026-03-04,15,12,1.25
G03,64,2026-03-05,13,12,1.0833333333333333
G03,65,2026-03-06,13,12,1.0833333333333333
G03,66,2026-03-07,11,12,0.9166666666666666
G03,67,2026-03-08,11,12,0.9166666666666666
G03,68,2026-03-09,11,12,0.9166666666666666
G03,69,2026-03-10,9,12,0.75
G03,70,2026-03-11,9,12,0.75
G03,71,2026-03-12,10,12,0.8333333333333334
G03,72,2026-03-13,10,12,0.8333333333333334
G03,73,2026-03-14,10,12,0.8333333333333334
G03,74,2026-03-15,10,12,0.8333333333333334
G03,75,2026-03-16,5,12,0.4166666666666667
G03,76,2026-03-17,12,12,1.0
G03,77,2026-03-18,11,12,0.9166666666666666
G03,78,2026-03-19,6,12,0.5
G03,79,2026-03-20,6,12,0.5
G03,80,2026-03-21,6,12,0.5
G03,81,2026-03-22,6,12,0.5
G03,82,2026-03-23,6,12,0.5
G03,83,2026-03-24,6,12,0.5
G03,84,2026-03-25,4,12,0.3333333333333333
G03,85,2026-03-26,9,12,0.75
G03,86,2026-03-27,10,12,0.8333333333333334
G03,87,2026-03-28,10,12,0.8333333333333334
G03,88,2026-03-29,10,12,0.8333333333333334
G03,89,2026-03-30,7,12,0.5833333333333334
G03,90,2026-03-31,9,12,0.75
G03,91,2026-04-01,12,12,1.0
G03,92,2026-04-02,12,12,1.0
G03,93,2026-04-03,12,12,1.0
G03,94,2026-04-04,12,12,1.0
G03,95,2026-04-05,12,12,1.0
G03,96,2026-04-06,12,12,1.0
G03,97,2026-04-07,12,12,1.0
G03,98,2026-04-08,7,12,0.5833333333333334
G03,99,2026-04-09,6,12,0.5
G03,100,2026-04-10,6,12,0.5
G03,101,2026-04-11,6,12,0.5
G03,102,2026-04-12,6,12,0.5
G03,103,2026-04-13,6,12,0.5
G03,104,2026-04-14,6,12,0.5
G03,105,2026-04-15,8,12,0.6666666666666666
G03,106,2026-04-16,9,12,0.75
G03,107,2026-04-17,12,12,1.0
G03,108,2026-04-18,10,12,0.8333333333333334
G03,109,2026-04-19,10,12,0.8333333333333334
G03,110,2026-04-20,9,12,0.75
G03,111,2026-04-21,13,12,1.0833333333333333
G03,112,2026-04-22,10,12,0.8333333333333334
G03,113,2026-04-23,6,12,0.5
G03,114,2026-04-24,5,12,0.4166666666666667
G03,115,2026-04-25,5,12,0.4166666666666667
G03,116,2026-04-26,5,12,0.4166666666666667
G03,117,2026-04-27,5,12,0.4166666666666667
G03,118,2026-04-28,1,12,0.08333333333333333
G03,119,2026-04-29,1,12,0.08333333333333333
G03,120,2026-04-30,1,12,0.08333333333333333
G03,121,2026-05-01,3,12,0.25
G03,122,2026-05-02,1,12,0.08333333333333333
G03,123,2026-05-03,1,12,0.08333333333333333
G03,124,2026-05-04,5,12,0.4166666666666667
G03,125,2026-05-05,5,12,0.4166666666666667
G03,126,2026-05-06,5,12,0.4166666666666667
G03,127,2026-05-07,5,12,0.4166666666666667
G03,128,2026-05-08,5,12,0.4166666666666667
G03,129,2026-05-09,4,12,0.3333333333333333
G03,130,2026-05-10,4,12,0.3333333333333333
G03,131,2026-05-11,4,12,0.3333333333333333
G03,132,2026-05-12,4,12,0.3333333333333333
G03,133,2026-05-13,4,12,0.3333333333333333
G03,134,2026-05-14,2,12,0.16666666666666666
G03,135,2026-05-15,5,12,0.4166666666666667
G03,136,2026-05-16,4,12,0.3333333333333333
G03,137,2026-05-17,4,12,0.3333333333333333
G03,138,2026-05-18,6,12,0.5
G03,139,2026-05-19,6,12,0.5
G03,140,2026-05-20,7,12,0.5833333333333334
G03,141,2026-05-21,6,12,0.5
G03,142,2026-05-22,6,12,0.5
G03,143,2026-05-23,8,12,0.6666666666666666
G03,144,2026-05-24,8,12,0.6666666666666666
G03,145,2026-05-25,12,12,1.0
G03,146,2026-05-26,14,12,1.1666666666666667
G03,147,2026-05-27,8,12,0.6666666666666666
G03,148,2026-05-28,7,12,0.5833333333333334
G03,149,2026-05-29,9,12,0.75
G03,150,2026-05-30,9,12,0.75
G03,151,2026-05-31,9,12,0.75
G03,152,2026-06-01,4,12,0.3333333333333333
G03,153,2026-06-02,5,12,0.4166666666666667
G03,154,2026-06-03,7,12,0.5833333333333334
G03,155,2026-06-04,6,12,0.5
G03,156,2026-06-05,9,12,0.75
G03,157,2026-06-06,10,12,0.8333333333333334
G03,158,2026-06-07,10,12,0.8333333333333334
G03,159,2026-06-08,10,12,0.8333333333333334
G03,160,2026-06-09,4,12,0.3333333333333333
G03,161,2026-06-10,4,12,0.3333333333333333
G03,162,2026-06-11,3,12,0.25
G03,163,2026-06-12,1,12,0.08333333333333333
G03,164,2026-06-13,0,12,0.0
G03,165,2026-06-14,0,12,0.0
G04,5,2026-01-05,0,12,0.0
G04,6,2026-01-06,0,12,0.0
G04,7,2026-01-07,1,12,0.08333333333333333
G04,8,2026-01-08,1,12,0.08333333333333333
G04,9,2026-01-09,0,12,0.0
G04,10,2026-01-10,0,12,0.0
G04,11,2026-01-11,0,12,0.0
G04,12,2026-01-12,0,12,0.0
G04,13,2026-01-13,0,12,0.0
G04,14,2026-01-14,0,12,0.0
G04,15,2026-01-15,0,12,0.0
G04,16,2026-01-16,0,12,0.0
G04,17,2026-01-17,0,12,0.0
G04,18,2026-01-18,0,12,0.0
G04,19,2026-01-19,0,12,0.0
G04,20,2026-01-20,0,12,0.0
G04,21,2026-01-21,1,12,0.08333333333333333
G04,22,2026-01-22,1,12,0.08333333333333333
G04,23,2026-01-23,1,12,0.08333333333333333
G04,24,2026-01-24,1,12,0.08333333333333333
G04,25,2026-01-25,1,12,0.08333333333333333
G04,26,2026-01-26,1,12,0.08333333333333333
G04,27,2026-01-27,1,12,0.08333333333333333
G04,28,2026-01-28,5,12,0.4166666666666667
G04,29,2026-01-29,2,12,0.16666666666666666
G04,30,2026-01-30,3,12,0.25
G04,31,2026-01-31,2,12,0.16666666666666666
G04,32,2026-02-01,2,12,0.16666666666666666
G04,33,2026-02-02,2,12,0.16666666666666666
G04,34,2026-02-03,2,12,0.16666666666666666
G04,35,2026-02-04,2,12,0.16666666666666666
G04,36,2026-02-05,2,12,0.16666666666666666
G04,37,2026-02-06,3,12,0.25
G04,38,2026-02-07,3,12,0.25
G04,39,2026-02-08,3,12,0.25
G04,40,2026-02-09,3,12,0.25
G04,41,2026-02-10,2,12,0.16666666666666666
G04,42,2026-02-11,2,12,0.16666666666666666
G04,43,2026-02-12,5,12,0.4166666666666667
G04,44,2026-02-13,5,12,0.4166666666666667
G04,45,2026-02-14,5,12,0.4166666666666667
G04,46,2026-02-15,5,12,0.4166666666666667
G04,47,2026-02-16,5,12,0.4166666666666667
G04,48,2026-02-17,5,12,0.4166666666666667
G04,49,2026-02-18,5,12,0.4166666666666667
G04,50,2026-02-19,5,12,0.4166666666666667
G04,51,2026-02-20,5,12,0.4166666666666667
G04,52,2026-02-21,5,12,0.4166666666666667
G04,53,2026-02-22,5,12,0.4166666666666667
G04,54,2026-02-23,5,12,0.4166666666666667
G04,55,2026-02-24,2,12,0.16666666666666666
G04,56,2026-02-25,0,12,0.0
G04,57,2026-02-26,0,12,0.0
G04,58,2026-02-27,0,12,0.0
G04,59,2026-02-28,0,12,0.0
G04,60,2026-03-01,0,12,0.0
G04,61,2026-03-02,0,12,0.0
G04,62,2026-03-03,0,12,0.0
G04,63,2026-03-04,0,12,0.0
G04,64,2026-03-05,0,12,0.0
G04,65,2026-03-06,0,12,0.0
G04,66,2026-03-07,0,12,0.0
G04,67,2026-03-08,0,12,0.0
G04,68,2026-03-09,2,12,0.16666666666666666
G04,69,2026-03-10,8,12,0.6666666666666666
G04,70,2026-03-11,12,12,1.0
G04,71,2026-03-12,12,12,1.0
G04,72,2026-03-13,12,12,1.0
G04,73,2026-03-14,12,12,1.0
G04,74,2026-03-15,12,12,1.0
G04,75,2026-03-16,10,12,0.8333333333333334
G04,76,2026-03-17,15,12,1.25
G04,77,2026-03-18,15,12,1.25
G04,78,2026-03-19,13,12,1.0833333333333333
G04,79,2026-03-20,13,12,1.0833333333333333
G04,80,2026-03-21,13,12,1.0833333333333333
G04,81,2026-03-22,13,12,1.0833333333333333
G04,82,2026-03-23,13,12,1.0833333333333333
G04,83,2026-03-24,13,12,1.0833333333333333
G04,84,2026-03-25,13,12,1.0833333333333333
G04,85,2026-03-26,11,12,0.9166666666666666
G04,86,2026-03-27,7,12,0.5833333333333334
G04,87,2026-03-28,7,12,0.5833333333333334
G04,88,2026-03-29,7,12,0.5833333333333334
G04,89,2026-03-30,7,12,0.5833333333333334
G04,90,2026-03-31,7,12,0.5833333333333334
G04,91,2026-04-01,2,12,0.16666666666666666
G04,92,2026-04-02,4,12,0.3333333333333333
G04,93,2026-04-03,4,12,0.3333333333333333
G04,94,2026-04-04,4,12,0.3333333333333333
G04,95,2026-04-05,4,12,0.3333333333333333
G04,96,2026-04-06,6,12,0.5
G04,97,2026-04-07,6,12,0.5
G04,98,2026-04-08,6,12,0.5
G04,99,2026-04-09,4,12,0.3333333333333333
G04,100,2026-04-10,8,12,0.6666666666666666
G04,101,2026-04-11,9,12,0.75
G04,102,2026-04-12,9,12,0.75
G04,103,2026-04-13,8,12,0.6666666666666666
G04,104,2026-04-14,8,12,0.6666666666666666
G04,105,2026-04-15,5,12,0.4166666666666667
G04,106,2026-04-16,8,12,0.6666666666666666
G04,107,2026-04-17,8,12,0.6666666666666666
G04,108,2026-04-18,8,12,0.6666666666666666
G04,109,2026-04-19,8,12,0.6666666666666666
G04,110,2026-04-20,8,12,0.6666666666666666
G04,111,2026-04-21,9,12,0.75
G04,112,2026-04-22,9,12,0.75
G04,113,2026-04-23,10,12,0.8333333333333334
G04,114,2026-04-24,10,12,0.8333333333333334
G04,115,2026-04-25,8,12,0.6666666666666666
G04,116,2026-04-26,8,12,0.6666666666666666
G04,117,2026-04-27,8,12,0.6666666666666666
G04,118,2026-04-28,7,12,0.5833333333333334
G04,119,2026-04-29,6,12,0.5
G04,120,2026-04-30,6,12,0.5
G04,121,2026-05-01,6,12,0.5
G04,122,2026-05-02,6,12,0.5
G04,123,2026-05-03,6,12,0.5
G04,124,2026-05-04,6,12,0.5
G04,125,2026-05-05,6,12,0.5
G04,126,2026-05-06,5,12,0.4166666666666667
G04,127,2026-05-07,5,12,0.4166666666666667
G04,128,2026-05-08,5,12,0.4166666666666667
G04,129,2026-05-09,5,12,0.4166666666666667
G04,130,2026-05-10,5,12,0.4166666666666667
G04,131,2026-05-11,4,12,0.3333333333333333
G04,132,2026-05-12,4,12,0.3333333333333333
G04,133,2026-05-13,4,12,0.3333333333333333
G04,134,2026-05-14,8,12,0.6666666666666666
G04,135,2026-05-15,9,12,0.75
G04,136,2026-05-16,9,12,0.75
G04,137,2026-05-17,9,12,0.75
G04,138,2026-05-18,9,12,0.75
G04,139,2026-05-19,9,12,0.75
G04,140,2026-05-20,12,12,1.0
G04,141,2026-05-21,12,12,1.0
G04,142,2026-05-22,12,12,1.0
G04,143,2026-05-23,12,12,1.0
G04,144,2026-05-24,12,12,1.0
G04,145,2026-05-25,10,12,0.8333333333333334
G04,146,2026-05-26,10,12,0.8333333333333334
G04,147,2026-05-27,11,12,0.9166666666666666
G04,148,2026-05-28,7,12,0.5833333333333334
G04,149,2026-05-29,7,12,0.5833333333333334
G04,150,2026-05-30,7,12,0.5833333333333334
G04,151,2026-05-31,7,12,0.5833333333333334
G04,152,2026-06-01,3,12,0.25
G04,153,2026-06-02,3,12,0.25
G04,154,2026-06-03,3,12,0.25
G04,155,2026-06-04,3,12,0.25
G04,156,2026-06-05,3,12,0.25
G04,157,2026-06-06,3,12,0.25
G04,158,2026-06-07,3,12,0.25
G04,159,2026-06-08,3,12,0.25
G04,160,2026-06-09,0,12,0.0
G04,161,2026-06-10,0,12,0.0
G04,162,2026-06-11,4,12,0.3333333333333333
G04,163,2026-06-12,4,12,0.3333333333333333
G04,164,2026-06-13,0,12,0.0
G04,165,2026-06-14,0,12,0.0
G05,5,2026-01-05,0,12,0.0
G05,6,2026-01-06,0,12,0.0
G05,7,2026-01-07,0,12,0.0
G05,8,2026-01-08,0,12,0.0
G05,9,2026-01-09,0,12,0.0
G05,10,2026-01-10,0,12,0.0
G05,11,2026-01-11,0,12,0.0
G05,12,2026-01-12,0,12,0.0
G05,13,2026-01-13,0,12,0.0
G05,14,2026-01-14,1,12,0.08333333333333333
G05,15,2026-01-15,3,12,0.25
G05,16,2026-01-16,3,12,0.25
G05,17,2026-01-17,3,12,0.25
G05,18,2026-01-18,3,12,0.25
G05,19,2026-01-19,3,12,0.25
G05,20,2026-01-20,3,12,0.25
G05,21,2026-01-21,4,12,0.3333333333333333
G05,22,2026-01-22,4,12,0.3333333333333333
G05,23,2026-01-23,4,12,0.3333333333333333
G05,24,2026-01-24,6,12,0.5
G05,25,2026-01-25,6,12,0.5
G05,26,2026-01-26,5,12,0.4166666666666667
G05,27,2026-01-27,2,12,0.16666666666666666
G05,28,2026-01-28,6,12,0.5
G05,29,2026-01-29,2,12,0.16666666666666666
G05,30,2026-01-30,3,12,0.25
G05,31,2026-01-31,2,12,0.16666666666666666
G05,32,2026-02-01,2,12,0.16666666666666666
G05,33,2026-02-02,6,12,0.5
G05,34,2026-02-03,6,12,0.5
G05,35,2026-02-04,6,12,0.5
G05,36,2026-02-05,6,12,0.5
G05,37,2026-02-06,6,12,0.5
G05,38,2026-02-07,6,12,0.5
G05,39,2026-02-08,6,12,0.5
G05,40,2026-02-09,6,12,0.5
G05,41,2026-02-10,6,12,0.5
G05,42,2026-02-11,7,12,0.5833333333333334
G05,43,2026-02-12,7,12,0.5833333333333334
G05,44,2026-02-13,3,12,0.25
G05,45,2026-02-14,3,12,0.25
G05,46,2026-02-15,3,12,0.25
G05,47,2026-02-16,3,12,0.25
G05,48,2026-02-17,3,12,0.25
G05,49,2026-02-18,3,12,0.25
G05,50,2026-02-19,5,12,0.4166666666666667
G05,51,2026-02-20,5,12,0.4166666666666667
G05,52,2026-02-21,5,12,0.4166666666666667
G05,53,2026-02-22,5,12,0.4166666666666667
G05,54,2026-02-23,4,12,0.3333333333333333
G05,55,2026-02-24,4,12,0.3333333333333333
G05,56,2026-02-25,5,12,0.4166666666666667
G05,57,2026-02-26,4,12,0.3333333333333333
G05,58,2026-02-27,4,12,0.3333333333333333
G05,59,2026-02-28,4,12,0.3333333333333333
G05,60,2026-03-01,4,12,0.3333333333333333
G05,61,2026-03-02,3,12,0.25
G05,62,2026-03-03,7,12,0.5833333333333334
G05,63,2026-03-04,7,12,0.5833333333333334
G05,64,2026-03-05,7,12,0.5833333333333334
G05,65,2026-03-06,7,12,0.5833333333333334
G05,66,2026-03-07,7,12,0.5833333333333334
G05,67,2026-03-08,7,12,0.5833333333333334
G05,68,2026-03-09,3,12,0.25
G05,69,2026-03-10,4,12,0.3333333333333333
G05,70,2026-03-11,4,12,0.3333333333333333
G05,71,2026-03-12,15,12,1.25
G05,72,2026-03-13,15,12,1.25
G05,73,2026-03-14,11,12,0.9166666666666666
G05,74,2026-03-15,11,12,0.9166666666666666
G05,75,2026-03-16,11,12,0.9166666666666666
G05,76,2026-03-17,11,12,0.9166666666666666
G05,77,2026-03-18,13,12,1.0833333333333333
G05,78,2026-03-19,14,12,1.1666666666666667
G05,79,2026-03-20,13,12,1.0833333333333333
G05,80,2026-03-21,12,12,1.0
G05,81,2026-03-22,12,12,1.0
G05,82,2026-03-23,14,12,1.1666666666666667
G05,83,2026-03-24,9,12,0.75
G05,84,2026-03-25,9,12,0.75
G05,85,2026-03-26,9,12,0.75
G05,86,2026-03-27,9,12,0.75
G05,87,2026-03-28,9,12,0.75
G05,88,2026-03-29,9,12,0.75
G05,89,2026-03-30,11,12,0.9166666666666666
G05,90,2026-03-31,11,12,0.9166666666666666
G05,91,2026-04-01,10,12,0.8333333333333334
G05,92,2026-04-02,10,12,0.8333333333333334
G05,93,2026-04-03,10,12,0.8333333333333334
G05,94,2026-04-04,10,12,0.8333333333333334
G05,95,2026-04-05,10,12,0.8333333333333334
G05,96,2026-04-06,10,12,0.8333333333333334
G05,97,2026-04-07,10,12,0.8333333333333334
G05,98,2026-04-08,10,12,0.8333333333333334
G05,99,2026-04-09,5,12,0.4166666666666667
G05,100,2026-04-10,6,12,0.5
G05,101,2026-04-11,5,12,0.4166666666666667
G05,102,2026-04-12,5,12,0.4166666666666667
G05,103,2026-04-13,13,12,1.0833333333333333
G05,104,2026-04-14,15,12,1.25
G05,105,2026-04-15,16,12,1.3333333333333333
G05,106,2026-04-16,16,12,1.3333333333333333
G05,107,2026-04-17,15,12,1.25
G05,108,2026-04-18,16,12,1.3333333333333333
G05,109,2026-04-19,16,12,1.3333333333333333
G05,110,2026-04-20,12,12,1.0
G05,111,2026-04-21,13,12,1.0833333333333333
G05,112,2026-04-22,13,12,1.0833333333333333
G05,113,2026-04-23,13,12,1.0833333333333333
G05,114,2026-04-24,14,12,1.1666666666666667
G05,115,2026-04-25,10,12,0.8333333333333334
G05,116,2026-04-26,10,12,0.8333333333333334
G05,117,2026-04-27,10,12,0.8333333333333334
G05,118,2026-04-28,3,12,0.25
G05,119,2026-04-29,3,12,0.25
G05,120,2026-04-30,3,12,0.25
G05,121,2026-05-01,4,12,0.3333333333333333
G05,122,2026-05-02,7,12,0.5833333333333334
G05,123,2026-05-03,7,12,0.5833333333333334
G05,124,2026-05-04,9,12,0.75
G05,125,2026-05-05,11,12,0.9166666666666666
G05,126,2026-05-06,9,12,0.75
G05,127,2026-05-07,9,12,0.75
G05,128,2026-05-08,9,12,0.75
G05,129,2026-05-09,7,12,0.5833333333333334
G05,130,2026-05-10,7,12,0.5833333333333334
G05,131,2026-05-11,7,12,0.5833333333333334
G05,132,2026-05-12,3,12,0.25
G05,133,2026-05-13,3,12,0.25
G05,134,2026-05-14,3,12,0.25
G05,135,2026-05-15,2,12,0.16666666666666666
G05,136,2026-05-16,1,12,0.08333333333333333
G05,137,2026-05-17,1,12,0.08333333333333333
G05,138,2026-05-18,1,12,0.08333333333333333
G05,139,2026-05-19,1,12,0.08333333333333333
G05,140,2026-05-20,0,12,0.0
G05,141,2026-05-21,0,12,0.0
G05,142,2026-05-22,3,12,0.25
G05,143,2026-05-23,2,12,0.16666666666666666
G05,144,2026-05-24,2,12,0.16666666666666666
G05,145,2026-05-25,2,12,0.16666666666666666
G05,146,2026-05-26,2,12,0.16666666666666666
G05,147,2026-05-27,2,12,0.16666666666666666
G05,148,2026-05-28,2,12,0.16666666666666666
G05,149,2026-05-29,2,12,0.16666666666666666
G05,150,2026-05-30,2,12,0.16666666666666666
G05,151,2026-05-31,2,12,0.16666666666666666
G05,152,2026-06-01,2,12,0.16666666666666666
G05,153,2026-06-02,2,12,0.16666666666666666
G05,154,2026-06-03,2,12,0.16666666666666666
G05,155,2026-06-04,5,12,0.4166666666666667
G05,156,2026-06-05,3,12,0.25
G05,157,2026-06-06,3,12,0.25
G05,158,2026-06-07,3,12,0.25
G05,159,2026-06-08,3,12,0.25
G05,160,2026-06-09,4,12,0.3333333333333333
G05,161,2026-06-10,2,12,0.16666666666666666
G05,162,2026-06-11,2,12,0.16666666666666666
G05,163,2026-06-12,0,12,0.0
G05,164,2026-06-13,0,12,0.0
G05,165,2026-06-14,0,12,0.0
G06,5,2026-01-05,0,12,0.0
G06,6,2026-01-06,5,12,0.4166666666666667
G06,7,2026-01-07,5,12,0.4166666666666667
G06,8,2026-01-08,6,12,0.5
G06,9,2026-01-09,6,12,0.5
G06,10,2026-01-10,0,12,0.0
G06,11,2026-01-11,0,12,0.0
G06,12,2026-01-12,4,12,0.3333333333333333
G06,13,2026-01-13,2,12,0.16666666666666666
G06,14,2026-01-14,8,12,0.6666666666666666
G06,15,2026-01-15,8,12,0.6666666666666666
G06,16,2026-01-16,8,12,0.6666666666666666
G06,17,2026-01-17,8,12,0.6666666666666666
G06,18,2026-01-18,8,12,0.6666666666666666
G06,19,2026-01-19,8,12,0.6666666666666666
G06,20,2026-01-20,8,12,0.6666666666666666
G06,21,2026-01-21,8,12,0.6666666666666666
G06,22,2026-01-22,8,12,0.6666666666666666
G06,23,2026-01-23,8,12,0.6666666666666666
G06,24,2026-01-24,8,12,0.6666666666666666
G06,25,2026-01-25,8,12,0.6666666666666666
G06,26,2026-01-26,8,12,0.6666666666666666
G06,27,2026-01-27,8,12,0.6666666666666666
G06,28,2026-01-28,8,12,0.6666666666666666
G06,29,2026-01-29,8,12,0.6666666666666666
G06,30,2026-01-30,8,12,0.6666666666666666
G06,31,2026-01-31,5,12,0.4166666666666667
G06,32,2026-02-01,5,12,0.4166666666666667
G06,33,2026-02-02,7,12,0.5833333333333334
G06,34,2026-02-03,9,12,0.75
G06,35,2026-02-04,7,12,0.5833333333333334
G06,36,2026-02-05,10,12,0.8333333333333334
G06,37,2026-02-06,12,12,1.0
G06,38,2026-02-07,12,12,1.0
G06,39,2026-02-08,12,12,1.0
G06,40,2026-02-09,12,12,1.0
G06,41,2026-02-10,12,12,1.0
G06,42,2026-02-11,12,12,1.0
G06,43,2026-02-12,13,12,1.0833333333333333
G06,44,2026-02-13,12,12,1.0
G06,45,2026-02-14,12,12,1.0
G06,46,2026-02-15,12,12,1.0
G06,47,2026-02-16,12,12,1.0
G06,48,2026-02-17,12,12,1.0
G06,49,2026-02-18,12,12,1.0
G06,50,2026-02-19,13,12,1.0833333333333333
G06,51,2026-02-20,17,12,1.4166666666666667
G06,52,2026-02-21,17,12,1.4166666666666667
G06,53,2026-02-22,17,12,1.4166666666666667
G06,54,2026-02-23,11,12,0.9166666666666666
G06,55,2026-02-24,9,12,0.75
G06,56,2026-02-25,7,12,0.5833333333333334
G06,57,2026-02-26,6,12,0.5
G06,58,2026-02-27,4,12,0.3333333333333333
G06,59,2026-02-28,2,12,0.16666666666666666
G06,60,2026-03-01,2,12,0.16666666666666666
G06,61,2026-03-02,2,12,0.16666666666666666
G06,62,2026-03-03,2,12,0.16666666666666666
G06,63,2026-03-04,2,12,0.16666666666666666
G06,64,2026-03-05,4,12,0.3333333333333333
G06,65,2026-03-06,4,12,0.3333333333333333
G06,66,2026-03-07,4,12,0.3333333333333333
G06,67,2026-03-08,4,12,0.3333333333333333
G06,68,2026-03-09,4,12,0.3333333333333333
G06,69,2026-03-10,4,12,0.3333333333333333
G06,70,2026-03-11,4,12,0.3333333333333333
G06,71,2026-03-12,4,12,0.3333333333333333
G06,72,2026-03-13,4,12,0.3333333333333333
G06,73,2026-03-14,4,12,0.3333333333333333
G06,74,2026-03-15,4,12,0.3333333333333333
G06,75,2026-03-16,4,12,0.3333333333333333
G06,76,2026-03-17,4,12,0.3333333333333333
G06,77,2026-03-18,4,12,0.3333333333333333
G06,78,2026-03-19,1,12,0.08333333333333333
G06,79,2026-03-20,1,12,0.08333333333333333
G06,80,2026-03-21,1,12,0.08333333333333333
G06,81,2026-03-22,1,12,0.08333333333333333
G06,82,2026-03-23,1,12,0.08333333333333333
G06,83,2026-03-24,1,12,0.08333333333333333
G06,84,2026-03-25,1,12,0.08333333333333333
G06,85,2026-03-26,4,12,0.3333333333333333
G06,86,2026-03-27,6,12,0.5
G06,87,2026-03-28,6,12,0.5
G06,88,2026-03-29,6,12,0.5
G06,89,2026-03-30,6,12,0.5
G06,90,2026-03-31,6,12,0.5
G06,91,2026-04-01,6,12,0.5
G06,92,2026-04-02,6,12,0.5
G06,93,2026-04-03,6,12,0.5
G06,94,2026-04-04,6,12,0.5
G06,95,2026-04-05,6,12,0.5
G06,96,2026-04-06,6,12,0.5
G06,97,2026-04-07,6,12,0.5
G06,98,2026-04-08,5,12,0.4166666666666667
G06,99,2026-04-09,5,12,0.4166666666666667
G06,100,2026-04-10,5,12,0.4166666666666667
G06,101,2026-04-11,5,12,0.4166666666666667
G06,102,2026-04-12,5,12,0.4166666666666667
G06,103,2026-04-13,2,12,0.16666666666666666
G06,104,2026-04-14,2,12,0.16666666666666666
G06,105,2026-04-15,2,12,0.16666666666666666
G06,106,2026-04-16,2,12,0.16666666666666666
G06,107,2026-04-17,2,12,0.16666666666666666
G06,108,2026-04-18,1,12,0.08333333333333333
G06,109,2026-04-19,1,12,0.08333333333333333
G06,110,2026-04-20,1,12,0.08333333333333333
G06,111,2026-04-21,1,12,0.08333333333333333
G06,112,2026-04-22,1,12,0.08333333333333333
G06,113,2026-04-23,1,12,0.08333333333333333
G06,114,2026-04-24,1,12,0.08333333333333333
G06,115,2026-04-25,1,12,0.08333333333333333
G06,116,2026-04-26,1,12,0.08333333333333333
G06,117,2026-04-27,1,12,0.08333333333333333
G06,118,2026-04-28,3,12,0.25
G06,119,2026-04-29,3,12,0.25
G06,120,2026-04-30,3,12,0.25
G06,121,2026-05-01,3,12,0.25
G06,122,2026-05-02,3,12,0.25
G06,123,2026-05-03,3,12,0.25
G06,124,2026-05-04,3,12,0.25
G06,125,2026-05-05,3,12,0.25
G06,126,2026-05-06,3,12,0.25
G06,127,2026-05-07,3,12,0.25
G06,128,2026-05-08,3,12,0.25
G06,129,2026-05-09,5,12,0.4166666666666667
G06,130,2026-05-10,5,12,0.4166666666666667
G06,131,2026-05-11,3,12,0.25
G06,132,2026-05-12,4,12,0.3333333333333333
G06,133,2026-05-13,4,12,0.3333333333333333
G06,134,2026-05-14,4,12,0.3333333333333333
G06,135,2026-05-15,4,12,0.3333333333333333
G06,136,2026-05-16,0,12,0.0
G06,137,2026-05-17,0,12,0.0
G06,138,2026-05-18,0,12,0.0
G06,139,2026-05-19,4,12,0.3333333333333333
G06,140,2026-05-20,4,12,0.3333333333333333
G06,141,2026-05-21,4,12,0.3333333333333333
G06,142,2026-05-22,7,12,0.5833333333333334
G06,143,2026-05-23,9,12,0.75
G06,144,2026-05-24,9,12,0.75
G06,145,2026-05-25,11,12,0.9166666666666666
G06,146,2026-05-26,9,12,0.75
G06,147,2026-05-27,9,12,0.75
G06,148,2026-05-28,8,12,0.6666666666666666
G06,149,2026-05-29,8,12,0.6666666666666666
G06,150,2026-05-30,2,12,0.16666666666666666
G06,151,2026-05-31,2,12,0.16666666666666666
G06,152,2026-06-01,2,12,0.16666666666666666
G06,153,2026-06-02,2,12,0.16666666666666666
G06,154,2026-06-03,2,12,0.16666666666666666
G06,155,2026-06-04,2,12,0.16666666666666666
G06,156,2026-06-05,2,12,0.16666666666666666
G06,157,2026-06-06,1,12,0.08333333333333333
G06,158,2026-06-07,1,12,0.08333333333333333
G06,159,2026-06-08,1,12,0.08333333333333333
G06,160,2026-06-09,1,12,0.08333333333333333
G06,161,2026-06-10,1,12,0.08333333333333333
G06,162,2026-06-11,1,12,0.08333333333333333
G06,163,2026-06-12,0,12,0.0
G06,164,2026-06-13,0,12,0.0
G06,165,2026-06-14,0,12,0.0
G07,5,2026-01-05,1,12,0.08333333333333333
G07,6,2026-01-06,0,12,0.0
G07,7,2026-01-07,0,12,0.0
G07,8,2026-01-08,0,12,0.0
G07,9,2026-01-09,0,12,0.0
G07,10,2026-01-10,0,12,0.0
G07,11,2026-01-11,0,12,0.0
G07,12,2026-01-12,0,12,0.0
G07,13,2026-01-13,2,12,0.16666666666666666
G07,14,2026-01-14,3,12,0.25
G07,15,2026-01-15,0,12,0.0
G07,16,2026-01-16,0,12,0.0
G07,17,2026-01-17,0,12,0.0
G07,18,2026-01-18,0,12,0.0
G07,19,2026-01-19,0,12,0.0
G07,20,2026-01-20,0,12,0.0
G07,21,2026-01-21,0,12,0.0
G07,22,2026-01-22,0,12,0.0
G07,23,2026-01-23,0,12,0.0
G07,24,2026-01-24,0,12,0.0
G07,25,2026-01-25,0,12,0.0
G07,26,2026-01-26,7,12,0.5833333333333334
G07,27,2026-01-27,7,12,0.5833333333333334
G07,28,2026-01-28,7,12,0.5833333333333334
G07,29,2026-01-29,7,12,0.5833333333333334
G07,30,2026-01-30,1,12,0.08333333333333333
G07,31,2026-01-31,1,12,0.08333333333333333
G07,32,2026-02-01,1,12,0.08333333333333333
G07,33,2026-02-02,6,12,0.5
G07,34,2026-02-03,5,12,0.4166666666666667
G07,35,2026-02-04,5,12,0.4166666666666667
G07,36,2026-02-05,5,12,0.4166666666666667
G07,37,2026-02-06,9,12,0.75
G07,38,2026-02-07,9,12,0.75
G07,39,2026-02-08,9,12,0.75
G07,40,2026-02-09,8,12,0.6666666666666666
G07,41,2026-02-10,8,12,0.6666666666666666
G07,42,2026-02-11,8,12,0.6666666666666666
G07,43,2026-02-12,2,12,0.16666666666666666
G07,44,2026-02-13,0,12,0.0
G07,45,2026-02-14,0,12,0.0
G07,46,2026-02-15,0,12,0.0
G07,47,2026-02-16,0,12,0.0
G07,48,2026-02-17,0,12,0.0
G07,49,2026-02-18,0,12,0.0
G07,50,2026-02-19,4,12,0.3333333333333333
G07,51,2026-02-20,5,12,0.4166666666666667
G07,52,2026-02-21,5,12,0.4166666666666667
G07,53,2026-02-22,5,12,0.4166666666666667
G07,54,2026-02-23,6,12,0.5
G07,55,2026-02-24,3,12,0.25
G07,56,2026-02-25,2,12,0.16666666666666666
G07,57,2026-02-26,6,12,0.5
G07,58,2026-02-27,7,12,0.5833333333333334
G07,59,2026-02-28,7,12,0.5833333333333334
G07,60,2026-03-01,7,12,0.5833333333333334
G07,61,2026-03-02,7,12,0.5833333333333334
G07,62,2026-03-03,7,12,0.5833333333333334
G07,63,2026-03-04,7,12,0.5833333333333334
G07,64,2026-03-05,5,12,0.4166666666666667
G07,65,2026-03-06,5,12,0.4166666666666667
G07,66,2026-03-07,5,12,0.4166666666666667
G07,67,2026-03-08,5,12,0.4166666666666667
G07,68,2026-03-09,3,12,0.25
G07,69,2026-03-10,3,12,0.25
G07,70,2026-03-11,3,12,0.25
G07,71,2026-03-12,5,12,0.4166666666666667
G07,72,2026-03-13,4,12,0.3333333333333333
G07,73,2026-03-14,4,12,0.3333333333333333
G07,74,2026-03-15,4,12,0.3333333333333333
G07,75,2026-03-16,4,12,0.3333333333333333
G07,76,2026-03-17,4,12,0.3333333333333333
G07,77,2026-03-18,8,12,0.6666666666666666
G07,78,2026-03-19,10,12,0.8333333333333334
G07,79,2026-03-20,10,12,0.8333333333333334
G07,80,2026-03-21,10,12,0.8333333333333334
G07,81,2026-03-22,10,12,0.8333333333333334
G07,82,2026-03-23,10,12,0.8333333333333334
G07,83,2026-03-24,8,12,0.6666666666666666
G07,84,2026-03-25,5,12,0.4166666666666667
G07,85,2026-03-26,5,12,0.4166666666666667
G07,86,2026-03-27,6,12,0.5
G07,87,2026-03-28,6,12,0.5
G07,88,2026-03-29,6,12,0.5
G07,89,2026-03-30,3,12,0.25
G07,90,2026-03-31,2,12,0.16666666666666666
G07,91,2026-04-01,6,12,0.5
G07,92,2026-04-02,6,12,0.5
G07,93,2026-04-03,6,12,0.5
G07,94,2026-04-04,6,12,0.5
G07,95,2026-04-05,6,12,0.5
G07,96,2026-04-06,6,12,0.5
G07,97,2026-04-07,6,12,0.5
G07,98,2026-04-08,6,12,0.5
G07,99,2026-04-09,3,12,0.25
G07,100,2026-04-10,2,12,0.16666666666666666
G07,101,2026-04-11,2,12,0.16666666666666666
G07,102,2026-04-12,2,12,0.16666666666666666
G07,103,2026-04-13,2,12,0.16666666666666666
G07,104,2026-04-14,2,12,0.16666666666666666
G07,105,2026-04-15,2,12,0.16666666666666666
G07,106,2026-04-16,4,12,0.3333333333333333
G07,107,2026-04-17,8,12,0.6666666666666666
G07,108,2026-04-18,7,12,0.5833333333333334
G07,109,2026-04-19,7,12,0.5833333333333334
G07,110,2026-04-20,12,12,1.0
G07,111,2026-04-21,12,12,1.0
G07,112,2026-04-22,7,12,0.5833333333333334
G07,113,2026-04-23,7,12,0.5833333333333334
G07,114,2026-04-24,7,12,0.5833333333333334
G07,115,2026-04-25,7,12,0.5833333333333334
G07,116,2026-04-26,7,12,0.5833333333333334
G07,117,2026-04-27,7,12,0.5833333333333334
G07,118,2026-04-28,7,12,0.5833333333333334
G07,119,2026-04-29,7,12,0.5833333333333334
G07,120,2026-04-30,7,12,0.5833333333333334
G07,121,2026-05-01,7,12,0.5833333333333334
G07,122,2026-05-02,2,12,0.16666666666666666
G07,123,2026-05-03,2,12,0.16666666666666666
G07,124,2026-05-04,7,12,0.5833333333333334
G07,125,2026-05-05,3,12,0.25
G07,126,2026-05-06,3,12,0.25
G07,127,2026-05-07,3,12,0.25
G07,128,2026-05-08,3,12,0.25
G07,129,2026-05-09,5,12,0.4166666666666667
G07,130,2026-05-10,5,12,0.4166666666666667
G07,131,2026-05-11,2,12,0.16666666666666666
G07,132,2026-05-12,1,12,0.08333333333333333
G07,133,2026-05-13,2,12,0.16666666666666666
G07,134,2026-05-14,7,12,0.5833333333333334
G07,135,2026-05-15,1,12,0.08333333333333333
G07,136,2026-05-16,1,12,0.08333333333333333
G07,137,2026-05-17,1,12,0.08333333333333333
G07,138,2026-05-18,1,12,0.08333333333333333
G07,139,2026-05-19,5,12,0.4166666666666667
G07,140,2026-05-20,6,12,0.5
G07,141,2026-05-21,11,12,0.9166666666666666
G07,142,2026-05-22,11,12,0.9166666666666666
G07,143,2026-05-23,4,12,0.3333333333333333
G07,144,2026-05-24,4,12,0.3333333333333333
G07,145,2026-05-25,5,12,0.4166666666666667
G07,146,2026-05-26,9,12,0.75
G07,147,2026-05-27,9,12,0.75
G07,148,2026-05-28,8,12,0.6666666666666666
G07,149,2026-05-29,8,12,0.6666666666666666
G07,150,2026-05-30,8,12,0.6666666666666666
G07,151,2026-05-31,8,12,0.6666666666666666
G07,152,2026-06-01,8,12,0.6666666666666666
G07,153,2026-06-02,8,12,0.6666666666666666
G07,154,2026-06-03,8,12,0.6666666666666666
G07,155,2026-06-04,8,12,0.6666666666666666
G07,156,2026-06-05,8,12,0.6666666666666666
G07,157,2026-06-06,6,12,0.5
G07,158,2026-06-07,6,12,0.5
G07,159,2026-06-08,6,12,0.5
G07,160,2026-06-09,3,12,0.25
G07,161,2026-06-10,3,12,0.25
G07,162,2026-06-11,0,12,0.0
G07,163,2026-06-12,0,12,0.0
G07,164,2026-06-13,0,12,0.0
G07,165,2026-06-14,0,12,0.0
G08,5,2026-01-05,0,12,0.0
G08,6,2026-01-06,0,12,0.0
G08,7,2026-01-07,0,12,0.0
G08,8,2026-01-08,0,12,0.0
G08,9,2026-01-09,0,12,0.0
G08,10,2026-01-10,0,12,0.0
G08,11,2026-01-11,0,12,0.0
G08,12,2026-01-12,0,12,0.0
G08,13,2026-01-13,0,12,0.0
G08,14,2026-01-14,0,12,0.0
G08,15,2026-01-15,3,12,0.25
G08,16,2026-01-16,3,12,0.25
G08,17,2026-01-17,3,12,0.25
G08,18,2026-01-18,3,12,0.25
G08,19,2026-01-19,3,12,0.25
G08,20,2026-01-20,4,12,0.3333333333333333
G08,21,2026-01-21,9,12,0.75
G08,22,2026-01-22,10,12,0.8333333333333334
G08,23,2026-01-23,10,12,0.8333333333333334
G08,24,2026-01-24,10,12,0.8333333333333334
G08,25,2026-01-25,10,12,0.8333333333333334
G08,26,2026-01-26,7,12,0.5833333333333334
G08,27,2026-01-27,5,12,0.4166666666666667
G08,28,2026-01-28,5,12,0.4166666666666667
G08,29,2026-01-29,4,12,0.3333333333333333
G08,30,2026-01-30,7,12,0.5833333333333334
G08,31,2026-01-31,7,12,0.5833333333333334
G08,32,2026-02-01,7,12,0.5833333333333334
G08,33,2026-02-02,7,12,0.5833333333333334
G08,34,2026-02-03,4,12,0.3333333333333333
G08,35,2026-02-04,4,12,0.3333333333333333
G08,36,2026-02-05,7,12,0.5833333333333334
G08,37,2026-02-06,10,12,0.8333333333333334
G08,38,2026-02-07,9,12,0.75
G08,39,2026-02-08,9,12,0.75
G08,40,2026-02-09,9,12,0.75
G08,41,2026-02-10,9,12,0.75
G08,42,2026-02-11,6,12,0.5
G08,43,2026-02-12,10,12,0.8333333333333334
G08,44,2026-02-13,10,12,0.8333333333333334
G08,45,2026-02-14,10,12,0.8333333333333334
G08,46,2026-02-15,10,12,0.8333333333333334
G08,47,2026-02-16,10,12,0.8333333333333334
G08,48,2026-02-17,10,12,0.8333333333333334
G08,49,2026-02-18,10,12,0.8333333333333334
G08,50,2026-02-19,10,12,0.8333333333333334
G08,51,2026-02-20,7,12,0.5833333333333334
G08,52,2026-02-21,7,12,0.5833333333333334
G08,53,2026-02-22,7,12,0.5833333333333334
G08,54,2026-02-23,2,12,0.16666666666666666
G08,55,2026-02-24,2,12,0.16666666666666666
G08,56,2026-02-25,2,12,0.16666666666666666
G08,57,2026-02-26,2,12,0.16666666666666666
G08,58,2026-02-27,2,12,0.16666666666666666
G08,59,2026-02-28,1,12,0.08333333333333333
G08,60,2026-03-01,1,12,0.08333333333333333
G08,61,2026-03-02,1,12,0.08333333333333333
G08,62,2026-03-03,7,12,0.5833333333333334
G08,63,2026-03-04,7,12,0.5833333333333334
G08,64,2026-03-05,7,12,0.5833333333333334
G08,65,2026-03-06,9,12,0.75
G08,66,2026-03-07,8,12,0.6666666666666666
G08,67,2026-03-08,8,12,0.6666666666666666
G08,68,2026-03-09,3,12,0.25
G08,69,2026-03-10,10,12,0.8333333333333334
G08,70,2026-03-11,10,12,0.8333333333333334
G08,71,2026-03-12,9,12,0.75
G08,72,2026-03-13,9,12,0.75
G08,73,2026-03-14,9,12,0.75
G08,74,2026-03-15,9,12,0.75
G08,75,2026-03-16,9,12,0.75
G08,76,2026-03-17,8,12,0.6666666666666666
G08,77,2026-03-18,8,12,0.6666666666666666
G08,78,2026-03-19,8,12,0.6666666666666666
G08,79,2026-03-20,8,12,0.6666666666666666
G08,80,2026-03-21,7,12,0.5833333333333334
G08,81,2026-03-22,7,12,0.5833333333333334
G08,82,2026-03-23,7,12,0.5833333333333334
G08,83,2026-03-24,7,12,0.5833333333333334
G08,84,2026-03-25,5,12,0.4166666666666667
G08,85,2026-03-26,3,12,0.25
G08,86,2026-03-27,3,12,0.25
G08,87,2026-03-28,1,12,0.08333333333333333
G08,88,2026-03-29,1,12,0.08333333333333333
G08,89,2026-03-30,4,12,0.3333333333333333
G08,90,2026-03-31,7,12,0.5833333333333334
G08,91,2026-04-01,8,12,0.6666666666666666
G08,92,2026-04-02,8,12,0.6666666666666666
G08,93,2026-04-03,9,12,0.75
G08,94,2026-04-04,9,12,0.75
G08,95,2026-04-05,9,12,0.75
G08,96,2026-04-06,8,12,0.6666666666666666
G08,97,2026-04-07,9,12,0.75
G08,98,2026-04-08,6,12,0.5
G08,99,2026-04-09,1,12,0.08333333333333333
G08,100,2026-04-10,5,12,0.4166666666666667
G08,101,2026-04-11,5,12,0.4166666666666667
G08,102,2026-04-12,5,12,0.4166666666666667
G08,103,2026-04-13,3,12,0.25
G08,104,2026-04-14,7,12,0.5833333333333334
G08,105,2026-04-15,7,12,0.5833333333333334
G08,106,2026-04-16,7,12,0.5833333333333334
G08,107,2026-04-17,7,12,0.5833333333333334
G08,108,2026-04-18,2,12,0.16666666666666666
G08,109,2026-04-19,2,12,0.16666666666666666
G08,110,2026-04-20,1,12,0.08333333333333333
G08,111,2026-04-21,1,12,0.08333333333333333
G08,112,2026-04-22,1,12,0.08333333333333333
G08,113,2026-04-23,1,12,0.08333333333333333
G08,114,2026-04-24,0,12,0.0
G08,115,2026-04-25,0,12,0.0
G08,116,2026-04-26,0,12,0.0
G08,117,2026-04-27,0,12,0.0
G08,118,2026-04-28,0,12,0.0
G08,119,2026-04-29,0,12,0.0
G08,120,2026-04-30,0,12,0.0
G08,121,2026-05-01,0,12,0.0
G08,122,2026-05-02,0,12,0.0
G08,123,2026-05-03,0,12,0.0
G08,124,2026-05-04,0,12,0.0
G08,125,2026-05-05,0,12,0.0
G08,126,2026-05-06,0,12,0.0
G08,127,2026-05-07,0,12,0.0
G08,128,2026-05-08,0,12,0.0
G08,129,2026-05-09,0,12,0.0
G08,130,2026-05-10,0,12,0.0
G08,131,2026-05-11,0,12,0.0
G08,132,2026-05-12,0,12,0.0
G08,133,2026-05-13,0,12,0.0
G08,134,2026-05-14,0,12,0.0
G08,135,2026-05-15,0,12,0.0
G08,136,2026-05-16,0,12,0.0
G08,137,2026-05-17,0,12,0.0
G08,138,2026-05-18,0,12,0.0
G08,139,2026-05-19,0,12,0.0
G08,140,2026-05-20,0,12,0.0
G08,141,2026-05-21,0,12,0.0
G08,142,2026-05-22,0,12,0.0
G08,143,2026-05-23,0,12,0.0
G08,144,2026-05-24,0,12,0.0
G08,145,2026-05-25,0,12,0.0
G08,146,2026-05-26,0,12,0.0
G08,147,2026-05-27,0,12,0.0
G08,148,2026-05-28,0,12,0.0
G08,149,2026-05-29,0,12,0.0
G08,150,2026-05-30,0,12,0.0
G08,151,2026-05-31,0,12,0.0
G08,152,2026-06-01,0,12,0.0
G08,153,2026-06-02,0,12,0.0
G08,154,2026-06-03,1,12,0.08333333333333333
G08,155,2026-06-04,2,12,0.16666666666666666
G08,156,2026-06-05,6,12,0.5
G08,157,2026-06-06,6,12,0.5
G08,158,2026-06-07,6,12,0.5
G08,159,2026-06-08,4,12,0.3333333333333333
G08,160,2026-06-09,3,12,0.25
G08,161,2026-06-10,1,12,0.08333333333333333
G08,162,2026-06-11,0,12,0.0
G08,163,2026-06-12,0,12,0.0
G08,164,2026-06-13,0,12,0.0
G08,165,2026-06-14,0,12,0.0
G09,5,2026-01-05,0,12,0.0
G09,6,2026-01-06,0,12,0.0
G09,7,2026-01-07,0,12,0.0
G09,8,2026-01-08,1,12,0.08333333333333333
G09,9,2026-01-09,1,12,0.08333333333333333
G09,10,2026-01-10,1,12,0.08333333333333333
G09,11,2026-01-11,1,12,0.08333333333333333
G09,12,2026-01-12,0,12,0.0
G09,13,2026-01-13,0,12,0.0
G09,14,2026-01-14,0,12,0.0
G09,15,2026-01-15,1,12,0.08333333333333333
G09,16,2026-01-16,0,12,0.0
G09,17,2026-01-17,0,12,0.0
G09,18,2026-01-18,0,12,0.0
G09,19,2026-01-19,3,12,0.25
G09,20,2026-01-20,7,12,0.5833333333333334
G09,21,2026-01-21,4,12,0.3333333333333333
G09,22,2026-01-22,4,12,0.3333333333333333
G09,23,2026-01-23,4,12,0.3333333333333333
G09,24,2026-01-24,4,12,0.3333333333333333
G09,25,2026-01-25,4,12,0.3333333333333333
G09,26,2026-01-26,5,12,0.4166666666666667
G09,27,2026-01-27,5,12,0.4166666666666667
G09,28,2026-01-28,5,12,0.4166666666666667
G09,29,2026-01-29,7,12,0.5833333333333334
G09,30,2026-01-30,5,12,0.4166666666666667
G09,31,2026-01-31,5,12,0.4166666666666667
G09,32,2026-02-01,5,12,0.4166666666666667
G09,33,2026-02-02,5,12,0.4166666666666667
G09,34,2026-02-03,4,12,0.3333333333333333
G09,35,2026-02-04,2,12,0.16666666666666666
G09,36,2026-02-05,2,12,0.16666666666666666
G09,37,2026-02-06,8,12,0.6666666666666666
G09,38,2026-02-07,8,12,0.6666666666666666
G09,39,2026-02-08,8,12,0.6666666666666666
G09,40,2026-02-09,8,12,0.6666666666666666
G09,41,2026-02-10,8,12,0.6666666666666666
G09,42,2026-02-11,8,12,0.6666666666666666
G09,43,2026-02-12,4,12,0.3333333333333333
G09,44,2026-02-13,4,12,0.3333333333333333
G09,45,2026-02-14,4,12,0.3333333333333333
G09,46,2026-02-15,4,12,0.3333333333333333
G09,47,2026-02-16,4,12,0.3333333333333333
G09,48,2026-02-17,4,12,0.3333333333333333
G09,49,2026-02-18,4,12,0.3333333333333333
G09,50,2026-02-19,7,12,0.5833333333333334
G09,51,2026-02-20,8,12,0.6666666666666666
G09,52,2026-02-21,8,12,0.6666666666666666
G09,53,2026-02-22,8,12,0.6666666666666666
G09,54,2026-02-23,8,12,0.6666666666666666
G09,55,2026-02-24,11,12,0.9166666666666666
G09,56,2026-02-25,10,12,0.8333333333333334
G09,57,2026-02-26,10,12,0.8333333333333334
G09,58,2026-02-27,10,12,0.8333333333333334
G09,59,2026-02-28,8,12,0.6666666666666666
G09,60,2026-03-01,8,12,0.6666666666666666
G09,61,2026-03-02,8,12,0.6666666666666666
G09,62,2026-03-03,10,12,0.8333333333333334
G09,63,2026-03-04,6,12,0.5
G09,64,2026-03-05,6,12,0.5
G09,65,2026-03-06,6,12,0.5
G09,66,2026-03-07,5,12,0.4166666666666667
G09,67,2026-03-08,5,12,0.4166666666666667
G09,68,2026-03-09,5,12,0.4166666666666667
G09,69,2026-03-10,5,12,0.4166666666666667
G09,70,2026-03-11,3,12,0.25
G09,71,2026-03-12,3,12,0.25
G09,72,2026-03-13,4,12,0.3333333333333333
G09,73,2026-03-14,4,12,0.3333333333333333
G09,74,2026-03-15,4,12,0.3333333333333333
G09,75,2026-03-16,3,12,0.25
G09,76,2026-03-17,3,12,0.25
G09,77,2026-03-18,3,12,0.25
G09,78,2026-03-19,3,12,0.25
G09,79,2026-03-20,3,12,0.25
G09,80,2026-03-21,0,12,0.0
G09,81,2026-03-22,0,12,0.0
G09,82,2026-03-23,4,12,0.3333333333333333
G09,83,2026-03-24,4,12,0.3333333333333333
G09,84,2026-03-25,1,12,0.08333333333333333
G09,85,2026-03-26,1,12,0.08333333333333333
G09,86,2026-03-27,2,12,0.16666666666666666
G09,87,2026-03-28,4,12,0.3333333333333333
G09,88,2026-03-29,4,12,0.3333333333333333
G09,89,2026-03-30,4,12,0.3333333333333333
G09,90,2026-03-31,8,12,0.6666666666666666
G09,91,2026-04-01,8,12,0.6666666666666666
G09,92,2026-04-02,4,12,0.3333333333333333
G09,93,2026-04-03,9,12,0.75
G09,94,2026-04-04,8,12,0.6666666666666666
G09,95,2026-04-05,8,12,0.6666666666666666
G09,96,2026-04-06,11,12,0.9166666666666666
G09,97,2026-04-07,11,12,0.9166666666666666
G09,98,2026-04-08,12,12,1.0
G09,99,2026-04-09,12,12,1.0
G09,100,2026-04-10,12,12,1.0
G09,101,2026-04-11,12,12,1.0
G09,102,2026-04-12,12,12,1.0
G09,103,2026-04-13,12,12,1.0
G09,104,2026-04-14,10,12,0.8333333333333334
G09,105,2026-04-15,10,12,0.8333333333333334
G09,106,2026-04-16,10,12,0.8333333333333334
G09,107,2026-04-17,10,12,0.8333333333333334
G09,108,2026-04-18,8,12,0.6666666666666666
G09,109,2026-04-19,8,12,0.6666666666666666
G09,110,2026-04-20,8,12,0.6666666666666666
G09,111,2026-04-21,9,12,0.75
G09,112,2026-04-22,9,12,0.75
G09,113,2026-04-23,7,12,0.5833333333333334
G09,114,2026-04-24,4,12,0.3333333333333333
G09,115,2026-04-25,3,12,0.25
G09,116,2026-04-26,3,12,0.25
G09,117,2026-04-27,6,12,0.5
G09,118,2026-04-28,6,12,0.5
G09,119,2026-04-29,5,12,0.4166666666666667
G09,120,2026-04-30,3,12,0.25
G09,121,2026-05-01,3,12,0.25
G09,122,2026-05-02,4,12,0.3333333333333333
G09,123,2026-05-03,4,12,0.3333333333333333
G09,124,2026-05-04,4,12,0.3333333333333333
G09,125,2026-05-05,4,12,0.3333333333333333
G09,126,2026-05-06,3,12,0.25
G09,127,2026-05-07,3,12,0.25
G09,128,2026-05-08,4,12,0.3333333333333333
G09,129,2026-05-09,4,12,0.3333333333333333
G09,130,2026-05-10,4,12,0.3333333333333333
G09,131,2026-05-11,4,12,0.3333333333333333
G09,132,2026-05-12,4,12,0.3333333333333333
G09,133,2026-05-13,4,12,0.3333333333333333
G09,134,2026-05-14,4,12,0.3333333333333333
G09,135,2026-05-15,4,12,0.3333333333333333
G09,136,2026-05-16,4,12,0.3333333333333333
G09,137,2026-05-17,4,12,0.3333333333333333
G09,138,2026-05-18,8,12,0.6666666666666666
G09,139,2026-05-19,10,12,0.8333333333333334
G09,140,2026-05-20,10,12,0.8333333333333334
G09,141,2026-05-21,11,12,0.9166666666666666
G09,142,2026-05-22,15,12,1.25
G09,143,2026-05-23,15,12,1.25
G09,144,2026-05-24,15,12,1.25
G09,145,2026-05-25,15,12,1.25
G09,146,2026-05-26,15,12,1.25
G09,147,2026-05-27,15,12,1.25
G09,148,2026-05-28,10,12,0.8333333333333334
G09,149,2026-05-29,12,12,1.0
G09,150,2026-05-30,13,12,1.0833333333333333
G09,151,2026-05-31,13,12,1.0833333333333333
G09,152,2026-06-01,13,12,1.0833333333333333
G09,153,2026-06-02,13,12,1.0833333333333333
G09,154,2026-06-03,6,12,0.5
G09,155,2026-06-04,9,12,0.75
G09,156,2026-06-05,10,12,0.8333333333333334
G09,157,2026-06-06,10,12,0.8333333333333334
G09,158,2026-06-07,10,12,0.8333333333333334
G09,159,2026-06-08,6,12,0.5
G09,160,2026-06-09,6,12,0.5
G09,161,2026-06-10,6,12,0.5
G09,162,2026-06-11,7,12,0.5833333333333334
G09,163,2026-06-12,1,12,0.08333333333333333
G09,164,2026-06-13,0,12,0.0
G09,165,2026-06-14,0,12,0.0
G10,5,2026-01-05,0,12,0.0
G10,6,2026-01-06,0,12,0.0
G10,7,2026-01-07,0,12,0.0
G10,8,2026-01-08,0,12,0.0
G10,9,2026-01-09,3,12,0.25
G10,10,2026-01-10,3,12,0.25
G10,11,2026-01-11,3,12,0.25
G10,12,2026-01-12,3,12,0.25
G10,13,2026-01-13,3,12,0.25
G10,14,2026-01-14,2,12,0.16666666666666666
G10,15,2026-01-15,3,12,0.25
G10,16,2026-01-16,2,12,0.16666666666666666
G10,17,2026-01-17,2,12,0.16666666666666666
G10,18,2026-01-18,2,12,0.16666666666666666
G10,19,2026-01-19,2,12,0.16666666666666666
G10,20,2026-01-20,2,12,0.16666666666666666
G10,21,2026-01-21,4,12,0.3333333333333333
G10,22,2026-01-22,4,12,0.3333333333333333
G10,23,2026-01-23,6,12,0.5
G10,24,2026-01-24,4,12,0.3333333333333333
G10,25,2026-01-25,4,12,0.3333333333333333
G10,26,2026-01-26,4,12,0.3333333333333333
G10,27,2026-01-27,2,12,0.16666666666666666
G10,28,2026-01-28,2,12,0.16666666666666666
G10,29,2026-01-29,2,12,0.16666666666666666
G10,30,2026-01-30,2,12,0.16666666666666666
G10,31,2026-01-31,3,12,0.25
G10,32,2026-02-01,3,12,0.25
G10,33,2026-02-02,3,12,0.25
G10,34,2026-02-03,3,12,0.25
G10,35,2026-02-04,3,12,0.25
G10,36,2026-02-05,3,12,0.25
G10,37,2026-02-06,3,12,0.25
G10,38,2026-02-07,3,12,0.25
G10,39,2026-02-08,3,12,0.25
G10,40,2026-02-09,2,12,0.16666666666666666
G10,41,2026-02-10,2,12,0.16666666666666666
G10,42,2026-02-11,2,12,0.16666666666666666
G10,43,2026-02-12,2,12,0.16666666666666666
G10,44,2026-02-13,2,12,0.16666666666666666
G10,45,2026-02-14,2,12,0.16666666666666666
G10,46,2026-02-15,2,12,0.16666666666666666
G10,47,2026-02-16,2,12,0.16666666666666666
G10,48,2026-02-17,2,12,0.16666666666666666
G10,49,2026-02-18,2,12,0.16666666666666666
G10,50,2026-02-19,4,12,0.3333333333333333
G10,51,2026-02-20,5,12,0.4166666666666667
G10,52,2026-02-21,6,12,0.5
G10,53,2026-02-22,5,12,0.4166666666666667
G10,54,2026-02-23,3,12,0.25
G10,55,2026-02-24,2,12,0.16666666666666666
G10,56,2026-02-25,2,12,0.16666666666666666
G10,57,2026-02-26,5,12,0.4166666666666667
G10,58,2026-02-27,7,12,0.5833333333333334
G10,59,2026-02-28,7,12,0.5833333333333334
G10,60,2026-03-01,7,12,0.5833333333333334
G10,61,2026-03-02,7,12,0.5833333333333334
G10,62,2026-03-03,11,12,0.9166666666666666
G10,63,2026-03-04,10,12,0.8333333333333334
G10,64,2026-03-05,10,12,0.8333333333333334
G10,65,2026-03-06,8,12,0.6666666666666666
G10,66,2026-03-07,7,12,0.5833333333333334
G10,67,2026-03-08,7,12,0.5833333333333334
G10,68,2026-03-09,7,12,0.5833333333333334
G10,69,2026-03-10,7,12,0.5833333333333334
G10,70,2026-03-11,7,12,0.5833333333333334
G10,71,2026-03-12,7,12,0.5833333333333334
G10,72,2026-03-13,7,12,0.5833333333333334
G10,73,2026-03-14,7,12,0.5833333333333334
G10,74,2026-03-15,7,12,0.5833333333333334
G10,75,2026-03-16,6,12,0.5
G10,76,2026-03-17,6,12,0.5
G10,77,2026-03-18,5,12,0.4166666666666667
G10,78,2026-03-19,6,12,0.5
G10,79,2026-03-20,4,12,0.3333333333333333
G10,80,2026-03-21,4,12,0.3333333333333333
G10,81,2026-03-22,4,12,0.3333333333333333
G10,82,2026-03-23,4,12,0.3333333333333333
G10,83,2026-03-24,4,12,0.3333333333333333
G10,84,2026-03-25,4,12,0.3333333333333333
G10,85,2026-03-26,4,12,0.3333333333333333
G10,86,2026-03-27,4,12,0.3333333333333333
G10,87,2026-03-28,4,12,0.3333333333333333
G10,88,2026-03-29,4,12,0.3333333333333333
G10,89,2026-03-30,3,12,0.25
G10,90,2026-03-31,2,12,0.16666666666666666
G10,91,2026-04-01,5,12,0.4166666666666667
G10,92,2026-04-02,6,12,0.5
G10,93,2026-04-03,6,12,0.5
G10,94,2026-04-04,6,12,0.5
G10,95,2026-04-05,6,12,0.5
G10,96,2026-04-06,7,12,0.5833333333333334
G10,97,2026-04-07,7,12,0.5833333333333334
G10,98,2026-04-08,7,12,0.5833333333333334
G10,99,2026-04-09,5,12,0.4166666666666667
G10,100,2026-04-10,6,12,0.5
G10,101,2026-04-11,6,12,0.5
G10,102,2026-04-12,6,12,0.5
G10,103,2026-04-13,6,12,0.5
G10,104,2026-04-14,4,12,0.3333333333333333
G10,105,2026-04-15,4,12,0.3333333333333333
G10,106,2026-04-16,7,12,0.5833333333333334
G10,107,2026-04-17,7,12,0.5833333333333334
G10,108,2026-04-18,4,12,0.3333333333333333
G10,109,2026-04-19,4,12,0.3333333333333333
G10,110,2026-04-20,6,12,0.5
G10,111,2026-04-21,4,12,0.3333333333333333
G10,112,2026-04-22,4,12,0.3333333333333333
G10,113,2026-04-23,4,12,0.3333333333333333
G10,114,2026-04-24,1,12,0.08333333333333333
G10,115,2026-04-25,1,12,0.08333333333333333
G10,116,2026-04-26,1,12,0.08333333333333333
G10,117,2026-04-27,4,12,0.3333333333333333
G10,118,2026-04-28,5,12,0.4166666666666667
G10,119,2026-04-29,5,12,0.4166666666666667
G10,120,2026-04-30,4,12,0.3333333333333333
G10,121,2026-05-01,4,12,0.3333333333333333
G10,122,2026-05-02,0,12,0.0
G10,123,2026-05-03,0,12,0.0
G10,124,2026-05-04,0,12,0.0
G10,125,2026-05-05,0,12,0.0
G10,126,2026-05-06,2,12,0.16666666666666666
G10,127,2026-05-07,2,12,0.16666666666666666
G10,128,2026-05-08,2,12,0.16666666666666666
G10,129,2026-05-09,0,12,0.0
G10,130,2026-05-10,0,12,0.0
G10,131,2026-05-11,0,12,0.0
G10,132,2026-05-12,0,12,0.0
G10,133,2026-05-13,0,12,0.0
G10,134,2026-05-14,0,12,0.0
G10,135,2026-05-15,0,12,0.0
G10,136,2026-05-16,0,12,0.0
G10,137,2026-05-17,0,12,0.0
G10,138,2026-05-18,0,12,0.0
G10,139,2026-05-19,4,12,0.3333333333333333
G10,140,2026-05-20,4,12,0.3333333333333333
G10,141,2026-05-21,4,12,0.3333333333333333
G10,142,2026-05-22,4,12,0.3333333333333333
G10,143,2026-05-23,4,12,0.3333333333333333
G10,144,2026-05-24,4,12,0.3333333333333333
G10,145,2026-05-25,4,12,0.3333333333333333
G10,146,2026-05-26,4,12,0.3333333333333333
G10,147,2026-05-27,4,12,0.3333333333333333
G10,148,2026-05-28,4,12,0.3333333333333333
G10,149,2026-05-29,4,12,0.3333333333333333
G10,150,2026-05-30,4,12,0.3333333333333333
G10,151,2026-05-31,4,12,0.3333333333333333
G10,152,2026-06-01,1,12,0.08333333333333333
G10,153,2026-06-02,1,12,0.08333333333333333
G10,154,2026-06-03,1,12,0.08333333333333333
G10,155,2026-06-04,1,12,0.08333333333333333
G10,156,2026-06-05,1,12,0.08333333333333333
G10,157,2026-06-06,1,12,0.08333333333333333
G10,158,2026-06-07,1,12,0.08333333333333333
G10,159,2026-06-08,1,12,0.08333333333333333
G10,160,2026-06-09,0,12,0.0
G10,161,2026-06-10,0,12,0.0
G10,162,2026-06-11,0,12,0.0
G10,163,2026-06-12,0,12,0.0
G10,164,2026-06-13,0,12,0.0
G10,165,2026-06-14,0,12,0.0
H01,5,2026-01-05,0,9,0.0
H01,6,2026-01-06,0,9,0.0
H01,7,2026-01-07,0,9,0.0
H01,8,2026-01-08,0,9,0.0
H01,9,2026-01-09,0,9,0.0
H01,10,2026-01-10,0,9,0.0
H01,11,2026-01-11,0,9,0.0
H01,12,2026-01-12,0,9,0.0
H01,13,2026-01-13,0,9,0.0
H01,14,2026-01-14,0,9,0.0
H01,15,2026-01-15,0,9,0.0
H01,16,2026-01-16,0,9,0.0
H01,17,2026-01-17,0,9,0.0
H01,18,2026-01-18,0,9,0.0
H01,19,2026-01-19,0,9,0.0
H01,20,2026-01-20,0,9,0.0
H01,21,2026-01-21,1,9,0.1111111111111111
H01,22,2026-01-22,0,9,0.0
H01,23,2026-01-23,0,9,0.0
H01,24,2026-01-24,0,9,0.0
H01,25,2026-01-25,0,9,0.0
H01,26,2026-01-26,0,9,0.0
H01,27,2026-01-27,0,9,0.0
H01,28,2026-01-28,0,9,0.0
H01,29,2026-01-29,0,9,0.0
H01,30,2026-01-30,0,9,0.0
H01,31,2026-01-31,0,9,0.0
H01,32,2026-02-01,0,9,0.0
H01,33,2026-02-02,0,9,0.0
H01,34,2026-02-03,0,9,0.0
H01,35,2026-02-04,0,9,0.0
H01,36,2026-02-05,0,9,0.0
H01,37,2026-02-06,0,9,0.0
H01,38,2026-02-07,0,9,0.0
H01,39,2026-02-08,0,9,0.0
H01,40,2026-02-09,0,9,0.0
H01,41,2026-02-10,0,9,0.0
H01,42,2026-02-11,0,9,0.0
H01,43,2026-02-12,1,9,0.1111111111111111
H01,44,2026-02-13,0,9,0.0
H01,45,2026-02-14,0,9,0.0
H01,46,2026-02-15,0,9,0.0
H01,47,2026-02-16,0,9,0.0
H01,48,2026-02-17,0,9,0.0
H01,49,2026-02-18,0,9,0.0
H01,50,2026-02-19,0,9,0.0
H01,51,2026-02-20,2,9,0.2222222222222222
H01,52,2026-02-21,2,9,0.2222222222222222
H01,53,2026-02-22,2,9,0.2222222222222222
H01,54,2026-02-23,1,9,0.1111111111111111
H01,55,2026-02-24,1,9,0.1111111111111111
H01,56,2026-02-25,0,9,0.0
H01,57,2026-02-26,0,9,0.0
H01,58,2026-02-27,0,9,0.0
H01,59,2026-02-28,0,9,0.0
H01,60,2026-03-01,0,9,0.0
H01,61,2026-03-02,0,9,0.0
H01,62,2026-03-03,0,9,0.0
H01,63,2026-03-04,3,9,0.3333333333333333
H01,64,2026-03-05,3,9,0.3333333333333333
H01,65,2026-03-06,3,9,0.3333333333333333
H01,66,2026-03-07,0,9,0.0
H01,67,2026-03-08,0,9,0.0
H01,68,2026-03-09,6,9,0.6666666666666666
H01,69,2026-03-10,6,9,0.6666666666666666
H01,70,2026-03-11,6,9,0.6666666666666666
H01,71,2026-03-12,6,9,0.6666666666666666
H01,72,2026-03-13,6,9,0.6666666666666666
H01,73,2026-03-14,6,9,0.6666666666666666
H01,74,2026-03-15,6,9,0.6666666666666666
H01,75,2026-03-16,6,9,0.6666666666666666
H01,76,2026-03-17,6,9,0.6666666666666666
H01,77,2026-03-18,6,9,0.6666666666666666
H01,78,2026-03-19,6,9,0.6666666666666666
H01,79,2026-03-20,8,9,0.8888888888888888
H01,80,2026-03-21,8,9,0.8888888888888888
H01,81,2026-03-22,8,9,0.8888888888888888
H01,82,2026-03-23,9,9,1.0
H01,83,2026-03-24,8,9,0.8888888888888888
H01,84,2026-03-25,7,9,0.7777777777777778
H01,85,2026-03-26,7,9,0.7777777777777778
H01,86,2026-03-27,7,9,0.7777777777777778
H01,87,2026-03-28,7,9,0.7777777777777778
H01,88,2026-03-29,7,9,0.7777777777777778
H01,89,2026-03-30,7,9,0.7777777777777778
H01,90,2026-03-31,7,9,0.7777777777777778
H01,91,2026-04-01,7,9,0.7777777777777778
H01,92,2026-04-02,7,9,0.7777777777777778
H01,93,2026-04-03,7,9,0.7777777777777778
H01,94,2026-04-04,7,9,0.7777777777777778
H01,95,2026-04-05,7,9,0.7777777777777778
H01,96,2026-04-06,5,9,0.5555555555555556
H01,97,2026-04-07,6,9,0.6666666666666666
H01,98,2026-04-08,6,9,0.6666666666666666
H01,99,2026-04-09,10,9,1.1111111111111112
H01,100,2026-04-10,8,9,0.8888888888888888
H01,101,2026-04-11,8,9,0.8888888888888888
H01,102,2026-04-12,8,9,0.8888888888888888
H01,103,2026-04-13,7,9,0.7777777777777778
H01,104,2026-04-14,6,9,0.6666666666666666
H01,105,2026-04-15,5,9,0.5555555555555556
H01,106,2026-04-16,6,9,0.6666666666666666
H01,107,2026-04-17,6,9,0.6666666666666666
H01,108,2026-04-18,4,9,0.4444444444444444
H01,109,2026-04-19,4,9,0.4444444444444444
H01,110,2026-04-20,5,9,0.5555555555555556
H01,111,2026-04-21,5,9,0.5555555555555556
H01,112,2026-04-22,7,9,0.7777777777777778
H01,113,2026-04-23,5,9,0.5555555555555556
H01,114,2026-04-24,1,9,0.1111111111111111
H01,115,2026-04-25,0,9,0.0
H01,116,2026-04-26,0,9,0.0
H01,117,2026-04-27,0,9,0.0
H01,118,2026-04-28,0,9,0.0
H01,119,2026-04-29,0,9,0.0
H01,120,2026-04-30,0,9,0.0
H01,121,2026-05-01,0,9,0.0
H01,122,2026-05-02,0,9,0.0
H01,123,2026-05-03,0,9,0.0
H01,124,2026-05-04,0,9,0.0
H01,125,2026-05-05,0,9,0.0
H01,126,2026-05-06,0,9,0.0
H01,127,2026-05-07,0,9,0.0
H01,128,2026-05-08,0,9,0.0
H01,129,2026-05-09,0,9,0.0
H01,130,2026-05-10,0,9,0.0
H01,131,2026-05-11,1,9,0.1111111111111111
H01,132,2026-05-12,2,9,0.2222222222222222
H01,133,2026-05-13,2,9,0.2222222222222222
H01,134,2026-05-14,2,9,0.2222222222222222
H01,135,2026-05-15,2,9,0.2222222222222222
H01,136,2026-05-16,2,9,0.2222222222222222
H01,137,2026-05-17,2,9,0.2222222222222222
H01,138,2026-05-18,2,9,0.2222222222222222
H01,139,2026-05-19,2,9,0.2222222222222222
H01,140,2026-05-20,0,9,0.0
H01,141,2026-05-21,0,9,0.0
H01,142,2026-05-22,0,9,0.0
H01,143,2026-05-23,0,9,0.0
H01,144,2026-05-24,0,9,0.0
H01,145,2026-05-25,0,9,0.0
H01,146,2026-05-26,0,9,0.0
H01,147,2026-05-27,0,9,0.0
H01,148,2026-05-28,0,9,0.0
H01,149,2026-05-29,0,9,0.0
H01,150,2026-05-30,1,9,0.1111111111111111
H01,151,2026-05-31,1,9,0.1111111111111111
H01,152,2026-06-01,1,9,0.1111111111111111
H01,153,2026-06-02,4,9,0.4444444444444444
H01,154,2026-06-03,6,9,0.6666666666666666
H01,155,2026-06-04,4,9,0.4444444444444444
H01,156,2026-06-05,4,9,0.4444444444444444
H01,157,2026-06-06,4,9,0.4444444444444444
H01,158,2026-06-07,4,9,0.4444444444444444
H01,159,2026-06-08,4,9,0.4444444444444444
H01,160,2026-06-09,4,9,0.4444444444444444
H01,161,2026-06-10,3,9,0.3333333333333333
H01,162,2026-06-11,3,9,0.3333333333333333
H01,163,2026-06-12,3,9,0.3333333333333333
H01,164,2026-06-13,0,9,0.0
H01,165,2026-06-14,0,9,0.0
H02,5,2026-01-05,0,9,0.0
H02,6,2026-01-06,0,9,0.0
H02,7,2026-01-07,0,9,0.0
H02,8,2026-01-08,0,9,0.0
H02,9,2026-01-09,0,9,0.0
H02,10,2026-01-10,0,9,0.0
H02,11,2026-01-11,0,9,0.0
H02,12,2026-01-12,0,9,0.0
H02,13,2026-01-13,0,9,0.0
H02,14,2026-01-14,0,9,0.0
H02,15,2026-01-15,0,9,0.0
H02,16,2026-01-16,0,9,0.0
H02,17,2026-01-17,0,9,0.0
H02,18,2026-01-18,0,9,0.0
H02,19,2026-01-19,0,9,0.0
H02,20,2026-01-20,0,9,0.0
H02,21,2026-01-21,1,9,0.1111111111111111
H02,22,2026-01-22,5,9,0.5555555555555556
H02,23,2026-01-23,5,9,0.5555555555555556
H02,24,2026-01-24,5,9,0.5555555555555556
H02,25,2026-01-25,5,9,0.5555555555555556
H02,26,2026-01-26,5,9,0.5555555555555556
H02,27,2026-01-27,5,9,0.5555555555555556
H02,28,2026-01-28,5,9,0.5555555555555556
H02,29,2026-01-29,5,9,0.5555555555555556
H02,30,2026-01-30,5,9,0.5555555555555556
H02,31,2026-01-31,5,9,0.5555555555555556
H02,32,2026-02-01,5,9,0.5555555555555556
H02,33,2026-02-02,5,9,0.5555555555555556
H02,34,2026-02-03,5,9,0.5555555555555556
H02,35,2026-02-04,5,9,0.5555555555555556
H02,36,2026-02-05,12,9,1.3333333333333333
H02,37,2026-02-06,12,9,1.3333333333333333
H02,38,2026-02-07,12,9,1.3333333333333333
H02,39,2026-02-08,12,9,1.3333333333333333
H02,40,2026-02-09,11,9,1.2222222222222223
H02,41,2026-02-10,11,9,1.2222222222222223
H02,42,2026-02-11,11,9,1.2222222222222223
H02,43,2026-02-12,9,9,1.0
H02,44,2026-02-13,9,9,1.0
H02,45,2026-02-14,9,9,1.0
H02,46,2026-02-15,9,9,1.0
H02,47,2026-02-16,9,9,1.0
H02,48,2026-02-17,9,9,1.0
H02,49,2026-02-18,9,9,1.0
H02,50,2026-02-19,9,9,1.0
H02,51,2026-02-20,11,9,1.2222222222222223
H02,52,2026-02-21,8,9,0.8888888888888888
H02,53,2026-02-22,8,9,0.8888888888888888
H02,54,2026-02-23,13,9,1.4444444444444444
H02,55,2026-02-24,13,9,1.4444444444444444
H02,56,2026-02-25,0,9,0.0
H02,57,2026-02-26,0,9,0.0
H02,58,2026-02-27,0,9,0.0
H02,59,2026-02-28,0,9,0.0
H02,60,2026-03-01,0,9,0.0
H02,61,2026-03-02,0,9,0.0
H02,62,2026-03-03,0,9,0.0
H02,63,2026-03-04,0,9,0.0
H02,64,2026-03-05,0,9,0.0
H02,65,2026-03-06,0,9,0.0
H02,66,2026-03-07,0,9,0.0
H02,67,2026-03-08,0,9,0.0
H02,68,2026-03-09,0,9,0.0
H02,69,2026-03-10,0,9,0.0
H02,70,2026-03-11,0,9,0.0
H02,71,2026-03-12,0,9,0.0
H02,72,2026-03-13,0,9,0.0
H02,73,2026-03-14,0,9,0.0
H02,74,2026-03-15,0,9,0.0
H02,75,2026-03-16,0,9,0.0
H02,76,2026-03-17,0,9,0.0
H02,77,2026-03-18,0,9,0.0
H02,78,2026-03-19,0,9,0.0
H02,79,2026-03-20,0,9,0.0
H02,80,2026-03-21,0,9,0.0
H02,81,2026-03-22,0,9,0.0
H02,82,2026-03-23,0,9,0.0
H02,83,2026-03-24,0,9,0.0
H02,84,2026-03-25,0,9,0.0
H02,85,2026-03-26,0,9,0.0
H02,86,2026-03-27,0,9,0.0
H02,87,2026-03-28,0,9,0.0
H02,88,2026-03-29,0,9,0.0
H02,89,2026-03-30,0,9,0.0
H02,90,2026-03-31,0,9,0.0
H02,91,2026-04-01,0,9,0.0
H02,92,2026-04-02,0,9,0.0
H02,93,2026-04-03,0,9,0.0
H02,94,2026-04-04,0,9,0.0
H02,95,2026-04-05,0,9,0.0
H02,96,2026-04-06,0,9,0.0
H02,97,2026-04-07,0,9,0.0
H02,98,2026-04-08,0,9,0.0
H02,99,2026-04-09,0,9,0.0
H02,100,2026-04-10,0,9,0.0
H02,101,2026-04-11,0,9,0.0
H02,102,2026-04-12,0,9,0.0
H02,103,2026-04-13,0,9,0.0
H02,104,2026-04-14,0,9,0.0
H02,105,2026-04-15,0,9,0.0
H02,106,2026-04-16,0,9,0.0
H02,107,2026-04-17,0,9,0.0
H02,108,2026-04-18,0,9,0.0
H02,109,2026-04-19,0,9,0.0
H02,110,2026-04-20,0,9,0.0
H02,111,2026-04-21,0,9,0.0
H02,112,2026-04-22,0,9,0.0
H02,113,2026-04-23,0,9,0.0
H02,114,2026-04-24,0,9,0.0
H02,115,2026-04-25,0,9,0.0
H02,116,2026-04-26,0,9,0.0
H02,117,2026-04-27,0,9,0.0
H02,118,2026-04-28,0,9,0.0
H02,119,2026-04-29,0,9,0.0
H02,120,2026-04-30,0,9,0.0
H02,121,2026-05-01,0,9,0.0
H02,122,2026-05-02,0,9,0.0
H02,123,2026-05-03,0,9,0.0
H02,124,2026-05-04,0,9,0.0
H02,125,2026-05-05,0,9,0.0
H02,126,2026-05-06,0,9,0.0
H02,127,2026-05-07,0,9,0.0
H02,128,2026-05-08,0,9,0.0
H02,129,2026-05-09,0,9,0.0
H02,130,2026-05-10,0,9,0.0
H02,131,2026-05-11,0,9,0.0
H02,132,2026-05-12,0,9,0.0
H02,133,2026-05-13,0,9,0.0
H02,134,2026-05-14,0,9,0.0
H02,135,2026-05-15,0,9,0.0
H02,136,2026-05-16,0,9,0.0
H02,137,2026-05-17,0,9,0.0
H02,138,2026-05-18,0,9,0.0
H02,139,2026-05-19,0,9,0.0
H02,140,2026-05-20,0,9,0.0
H02,141,2026-05-21,0,9,0.0
H02,142,2026-05-22,0,9,0.0
H02,143,2026-05-23,0,9,0.0
H02,144,2026-05-24,0,9,0.0
H02,145,2026-05-25,0,9,0.0
H02,146,2026-05-26,0,9,0.0
H02,147,2026-05-27,0,9,0.0
H02,148,2026-05-28,0,9,0.0
H02,149,2026-05-29,0,9,0.0
H02,150,2026-05-30,0,9,0.0
H02,151,2026-05-31,0,9,0.0
H02,152,2026-06-01,0,9,0.0
H02,153,2026-06-02,0,9,0.0
H02,154,2026-06-03,0,9,0.0
H02,155,2026-06-04,0,9,0.0
H02,156,2026-06-05,0,9,0.0
H02,157,2026-06-06,0,9,0.0
H02,158,2026-06-07,0,9,0.0
H02,159,2026-06-08,0,9,0.0
H02,160,2026-06-09,0,9,0.0
H02,161,2026-06-10,0,9,0.0
H02,162,2026-06-11,0,9,0.0
H02,163,2026-06-12,0,9,0.0
H02,164,2026-06-13,0,9,0.0
H02,165,2026-06-14,0,9,0.0
H03,5,2026-01-05,0,21,0.0
H03,6,2026-01-06,0,21,0.0
H03,7,2026-01-07,0,21,0.0
H03,8,2026-01-08,0,21,0.0
H03,9,2026-01-09,0,21,0.0
H03,10,2026-01-10,0,21,0.0
H03,11,2026-01-11,0,21,0.0
H03,12,2026-01-12,0,21,0.0
H03,13,2026-01-13,0,21,0.0
H03,14,2026-01-14,0,21,0.0
H03,15,2026-01-15,0,21,0.0
H03,16,2026-01-16,0,21,0.0
H03,17,2026-01-17,0,21,0.0
H03,18,2026-01-18,0,21,0.0
H03,19,2026-01-19,0,21,0.0
H03,20,2026-01-20,3,21,0.14285714285714285
H03,21,2026-01-21,4,21,0.19047619047619047
H03,22,2026-01-22,4,21,0.19047619047619047
H03,23,2026-01-23,4,21,0.19047619047619047
H03,24,2026-01-24,4,21,0.19047619047619047
H03,25,2026-01-25,4,21,0.19047619047619047
H03,26,2026-01-26,4,21,0.19047619047619047
H03,27,2026-01-27,4,21,0.19047619047619047
H03,28,2026-01-28,4,21,0.19047619047619047
H03,29,2026-01-29,4,21,0.19047619047619047
H03,30,2026-01-30,0,21,0.0
H03,31,2026-01-31,0,21,0.0
H03,32,2026-02-01,0,21,0.0
H03,33,2026-02-02,0,21,0.0
H03,34,2026-02-03,0,21,0.0
H03,35,2026-02-04,0,21,0.0
H03,36,2026-02-05,0,21,0.0
H03,37,2026-02-06,0,21,0.0
H03,38,2026-02-07,0,21,0.0
H03,39,2026-02-08,0,21,0.0
H03,40,2026-02-09,6,21,0.2857142857142857
H03,41,2026-02-10,6,21,0.2857142857142857
H03,42,2026-02-11,6,21,0.2857142857142857
H03,43,2026-02-12,6,21,0.2857142857142857
H03,44,2026-02-13,6,21,0.2857142857142857
H03,45,2026-02-14,6,21,0.2857142857142857
H03,46,2026-02-15,6,21,0.2857142857142857
H03,47,2026-02-16,6,21,0.2857142857142857
H03,48,2026-02-17,6,21,0.2857142857142857
H03,49,2026-02-18,6,21,0.2857142857142857
H03,50,2026-02-19,1,21,0.047619047619047616
H03,51,2026-02-20,1,21,0.047619047619047616
H03,52,2026-02-21,1,21,0.047619047619047616
H03,53,2026-02-22,1,21,0.047619047619047616
H03,54,2026-02-23,1,21,0.047619047619047616
H03,55,2026-02-24,0,21,0.0
H03,56,2026-02-25,0,21,0.0
H03,57,2026-02-26,6,21,0.2857142857142857
H03,58,2026-02-27,11,21,0.5238095238095238
H03,59,2026-02-28,11,21,0.5238095238095238
H03,60,2026-03-01,11,21,0.5238095238095238
H03,61,2026-03-02,11,21,0.5238095238095238
H03,62,2026-03-03,11,21,0.5238095238095238
H03,63,2026-03-04,11,21,0.5238095238095238
H03,64,2026-03-05,11,21,0.5238095238095238
H03,65,2026-03-06,11,21,0.5238095238095238
H03,66,2026-03-07,11,21,0.5238095238095238
H03,67,2026-03-08,11,21,0.5238095238095238
H03,68,2026-03-09,11,21,0.5238095238095238
H03,69,2026-03-10,11,21,0.5238095238095238
H03,70,2026-03-11,11,21,0.5238095238095238
H03,71,2026-03-12,11,21,0.5238095238095238
H03,72,2026-03-13,11,21,0.5238095238095238
H03,73,2026-03-14,0,21,0.0
H03,74,2026-03-15,0,21,0.0
H03,75,2026-03-16,0,21,0.0
H03,76,2026-03-17,0,21,0.0
H03,77,2026-03-18,0,21,0.0
H03,78,2026-03-19,0,21,0.0
H03,79,2026-03-20,0,21,0.0
H03,80,2026-03-21,0,21,0.0
H03,81,2026-03-22,0,21,0.0
H03,82,2026-03-23,0,21,0.0
H03,83,2026-03-24,0,21,0.0
H03,84,2026-03-25,0,21,0.0
H03,85,2026-03-26,0,21,0.0
H03,86,2026-03-27,0,21,0.0
H03,87,2026-03-28,0,21,0.0
H03,88,2026-03-29,0,21,0.0
H03,89,2026-03-30,0,21,0.0
H03,90,2026-03-31,0,21,0.0
H03,91,2026-04-01,0,21,0.0
H03,92,2026-04-02,0,21,0.0
H03,93,2026-04-03,0,21,0.0
H03,94,2026-04-04,0,21,0.0
H03,95,2026-04-05,0,21,0.0
H03,96,2026-04-06,0,21,0.0
H03,97,2026-04-07,0,21,0.0
H03,98,2026-04-08,0,21,0.0
H03,99,2026-04-09,8,21,0.38095238095238093
H03,100,2026-04-10,9,21,0.42857142857142855
H03,101,2026-04-11,6,21,0.2857142857142857
H03,102,2026-04-12,6,21,0.2857142857142857
H03,103,2026-04-13,6,21,0.2857142857142857
H03,104,2026-04-14,0,21,0.0
H03,105,2026-04-15,0,21,0.0
H03,106,2026-04-16,0,21,0.0
H03,107,2026-04-17,0,21,0.0
H03,108,2026-04-18,0,21,0.0
H03,109,2026-04-19,0,21,0.0
H03,110,2026-04-20,0,21,0.0
H03,111,2026-04-21,0,21,0.0
H03,112,2026-04-22,0,21,0.0
H03,113,2026-04-23,0,21,0.0
H03,114,2026-04-24,1,21,0.047619047619047616
H03,115,2026-04-25,1,21,0.047619047619047616
H03,116,2026-04-26,1,21,0.047619047619047616
H03,117,2026-04-27,0,21,0.0
H03,118,2026-04-28,0,21,0.0
H03,119,2026-04-29,0,21,0.0
H03,120,2026-04-30,0,21,0.0
H03,121,2026-05-01,0,21,0.0
H03,122,2026-05-02,0,21,0.0
H03,123,2026-05-03,0,21,0.0
H03,124,2026-05-04,0,21,0.0
H03,125,2026-05-05,0,21,0.0
H03,126,2026-05-06,0,21,0.0
H03,127,2026-05-07,0,21,0.0
H03,128,2026-05-08,0,21,0.0
H03,129,2026-05-09,0,21,0.0
H03,130,2026-05-10,0,21,0.0
H03,131,2026-05-11,0,21,0.0
H03,132,2026-05-12,0,21,0.0
H03,133,2026-05-13,0,21,0.0
H03,134,2026-05-14,0,21,0.0
H03,135,2026-05-15,0,21,0.0
H03,136,2026-05-16,0,21,0.0
H03,137,2026-05-17,0,21,0.0
H03,138,2026-05-18,0,21,0.0
H03,139,2026-05-19,0,21,0.0
H03,140,2026-05-20,0,21,0.0
H03,141,2026-05-21,0,21,0.0
H03,142,2026-05-22,0,21,0.0
H03,143,2026-05-23,0,21,0.0
H03,144,2026-05-24,0,21,0.0
H03,145,2026-05-25,0,21,0.0
H03,146,2026-05-26,0,21,0.0
H03,147,2026-05-27,0,21,0.0
H03,148,2026-05-28,0,21,0.0
H03,149,2026-05-29,0,21,0.0
H03,150,2026-05-30,0,21,0.0
H03,151,2026-05-31,0,21,0.0
H03,152,2026-06-01,9,21,0.42857142857142855
H03,153,2026-06-02,9,21,0.42857142857142855
H03,154,2026-06-03,9,21,0.42857142857142855
H03,155,2026-06-04,9,21,0.42857142857142855
H03,156,2026-06-05,9,21,0.42857142857142855
H03,157,2026-06-06,9,21,0.42857142857142855
H03,158,2026-06-07,9,21,0.42857142857142855
H03,159,2026-06-08,9,21,0.42857142857142855
H03,160,2026-06-09,9,21,0.42857142857142855
H03,161,2026-06-10,0,21,0.0
H03,162,2026-06-11,0,21,0.0
H03,163,2026-06-12,0,21,0.0
H03,164,2026-06-13,0,21,0.0
H03,165,2026-06-14,0,21,0.0
H04,5,2026-01-05,0,21,0.0
H04,6,2026-01-06,0,21,0.0
H04,7,2026-01-07,0,21,0.0
H04,8,2026-01-08,0,21,0.0
H04,9,2026-01-09,0,21,0.0
H04,10,2026-01-10,0,21,0.0
H04,11,2026-01-11,0,21,0.0
H04,12,2026-01-12,0,21,0.0
H04,13,2026-01-13,0,21,0.0
H04,14,2026-01-14,0,21,0.0
H04,15,2026-01-15,0,21,0.0
H04,16,2026-01-16,0,21,0.0
H04,17,2026-01-17,0,21,0.0
H04,18,2026-01-18,0,21,0.0
H04,19,2026-01-19,0,21,0.0
H04,20,2026-01-20,0,21,0.0
H04,21,2026-01-21,2,21,0.09523809523809523
H04,22,2026-01-22,4,21,0.19047619047619047
H04,23,2026-01-23,4,21,0.19047619047619047
H04,24,2026-01-24,4,21,0.19047619047619047
H04,25,2026-01-25,4,21,0.19047619047619047
H04,26,2026-01-26,4,21,0.19047619047619047
H04,27,2026-01-27,4,21,0.19047619047619047
H04,28,2026-01-28,4,21,0.19047619047619047
H04,29,2026-01-29,9,21,0.42857142857142855
H04,30,2026-01-30,9,21,0.42857142857142855
H04,31,2026-01-31,9,21,0.42857142857142855
H04,32,2026-02-01,9,21,0.42857142857142855
H04,33,2026-02-02,4,21,0.19047619047619047
H04,34,2026-02-03,4,21,0.19047619047619047
H04,35,2026-02-04,4,21,0.19047619047619047
H04,36,2026-02-05,4,21,0.19047619047619047
H04,37,2026-02-06,4,21,0.19047619047619047
H04,38,2026-02-07,4,21,0.19047619047619047
H04,39,2026-02-08,4,21,0.19047619047619047
H04,40,2026-02-09,8,21,0.38095238095238093
H04,41,2026-02-10,8,21,0.38095238095238093
H04,42,2026-02-11,8,21,0.38095238095238093
H04,43,2026-02-12,4,21,0.19047619047619047
H04,44,2026-02-13,0,21,0.0
H04,45,2026-02-14,0,21,0.0
H04,46,2026-02-15,0,21,0.0
H04,47,2026-02-16,0,21,0.0
H04,48,2026-02-17,0,21,0.0
H04,49,2026-02-18,0,21,0.0
H04,50,2026-02-19,0,21,0.0
H04,51,2026-02-20,0,21,0.0
H04,52,2026-02-21,0,21,0.0
H04,53,2026-02-22,0,21,0.0
H04,54,2026-02-23,0,21,0.0
H04,55,2026-02-24,0,21,0.0
H04,56,2026-02-25,0,21,0.0
H04,57,2026-02-26,7,21,0.3333333333333333
H04,58,2026-02-27,14,21,0.6666666666666666
H04,59,2026-02-28,14,21,0.6666666666666666
H04,60,2026-03-01,14,21,0.6666666666666666
H04,61,2026-03-02,14,21,0.6666666666666666
H04,62,2026-03-03,14,21,0.6666666666666666
H04,63,2026-03-04,14,21,0.6666666666666666
H04,64,2026-03-05,14,21,0.6666666666666666
H04,65,2026-03-06,14,21,0.6666666666666666
H04,66,2026-03-07,14,21,0.6666666666666666
H04,67,2026-03-08,14,21,0.6666666666666666
H04,68,2026-03-09,14,21,0.6666666666666666
H04,69,2026-03-10,14,21,0.6666666666666666
H04,70,2026-03-11,14,21,0.6666666666666666
H04,71,2026-03-12,14,21,0.6666666666666666
H04,72,2026-03-13,14,21,0.6666666666666666
H04,73,2026-03-14,0,21,0.0
H04,74,2026-03-15,0,21,0.0
H04,75,2026-03-16,0,21,0.0
H04,76,2026-03-17,0,21,0.0
H04,77,2026-03-18,0,21,0.0
H04,78,2026-03-19,0,21,0.0
H04,79,2026-03-20,0,21,0.0
H04,80,2026-03-21,0,21,0.0
H04,81,2026-03-22,0,21,0.0
H04,82,2026-03-23,0,21,0.0
H04,83,2026-03-24,0,21,0.0
H04,84,2026-03-25,0,21,0.0
H04,85,2026-03-26,0,21,0.0
H04,86,2026-03-27,0,21,0.0
H04,87,2026-03-28,0,21,0.0
H04,88,2026-03-29,0,21,0.0
H04,89,2026-03-30,0,21,0.0
H04,90,2026-03-31,0,21,0.0
H04,91,2026-04-01,0,21,0.0
H04,92,2026-04-02,0,21,0.0
H04,93,2026-04-03,0,21,0.0
H04,94,2026-04-04,0,21,0.0
H04,95,2026-04-05,0,21,0.0
H04,96,2026-04-06,0,21,0.0
H04,97,2026-04-07,2,21,0.09523809523809523
H04,98,2026-04-08,2,21,0.09523809523809523
H04,99,2026-04-09,5,21,0.23809523809523808
H04,100,2026-04-10,10,21,0.47619047619047616
H04,101,2026-04-11,10,21,0.47619047619047616
H04,102,2026-04-12,10,21,0.47619047619047616
H04,103,2026-04-13,4,21,0.19047619047619047
H04,104,2026-04-14,4,21,0.19047619047619047
H04,105,2026-04-15,4,21,0.19047619047619047
H04,106,2026-04-16,4,21,0.19047619047619047
H04,107,2026-04-17,4,21,0.19047619047619047
H04,108,2026-04-18,0,21,0.0
H04,109,2026-04-19,0,21,0.0
H04,110,2026-04-20,9,21,0.42857142857142855
H04,111,2026-04-21,8,21,0.38095238095238093
H04,112,2026-04-22,6,21,0.2857142857142857
H04,113,2026-04-23,0,21,0.0
H04,114,2026-04-24,0,21,0.0
H04,115,2026-04-25,0,21,0.0
H04,116,2026-04-26,0,21,0.0
H04,117,2026-04-27,0,21,0.0
H04,118,2026-04-28,0,21,0.0
H04,119,2026-04-29,0,21,0.0
H04,120,2026-04-30,0,21,0.0
H04,121,2026-05-01,0,21,0.0
H04,122,2026-05-02,0,21,0.0
H04,123,2026-05-03,0,21,0.0
H04,124,2026-05-04,0,21,0.0
H04,125,2026-05-05,0,21,0.0
H04,126,2026-05-06,0,21,0.0
H04,127,2026-05-07,0,21,0.0
H04,128,2026-05-08,0,21,0.0
H04,129,2026-05-09,0,21,0.0
H04,130,2026-05-10,0,21,0.0
H04,131,2026-05-11,0,21,0.0
H04,132,2026-05-12,0,21,0.0
H04,133,2026-05-13,0,21,0.0
H04,134,2026-05-14,0,21,0.0
H04,135,2026-05-15,0,21,0.0
H04,136,2026-05-16,0,21,0.0
H04,137,2026-05-17,0,21,0.0
H04,138,2026-05-18,0,21,0.0
H04,139,2026-05-19,0,21,0.0
H04,140,2026-05-20,0,21,0.0
H04,141,2026-05-21,0,21,0.0
H04,142,2026-05-22,0,21,0.0
H04,143,2026-05-23,0,21,0.0
H04,144,2026-05-24,0,21,0.0
H04,145,2026-05-25,0,21,0.0
H04,146,2026-05-26,0,21,0.0
H04,147,2026-05-27,0,21,0.0
H04,148,2026-05-28,0,21,0.0
H04,149,2026-05-29,0,21,0.0
H04,150,2026-05-30,0,21,0.0
H04,151,2026-05-31,0,21,0.0
H04,152,2026-06-01,3,21,0.14285714285714285
H04,153,2026-06-02,3,21,0.14285714285714285
H04,154,2026-06-03,1,21,0.047619047619047616
H04,155,2026-06-04,1,21,0.047619047619047616
H04,156,2026-06-05,1,21,0.047619047619047616
H04,157,2026-06-06,1,21,0.047619047619047616
H04,158,2026-06-07,1,21,0.047619047619047616
H04,159,2026-06-08,1,21,0.047619047619047616
H04,160,2026-06-09,1,21,0.047619047619047616
H04,161,2026-06-10,0,21,0.0
H04,162,2026-06-11,0,21,0.0
H04,163,2026-06-12,0,21,0.0
H04,164,2026-06-13,0,21,0.0
H04,165,2026-06-14,0,21,0.0
H05,5,2026-01-05,0,21,0.0
H05,6,2026-01-06,0,21,0.0
H05,7,2026-01-07,0,21,0.0
H05,8,2026-01-08,0,21,0.0
H05,9,2026-01-09,0,21,0.0
H05,10,2026-01-10,0,21,0.0
H05,11,2026-01-11,0,21,0.0
H05,12,2026-01-12,0,21,0.0
H05,13,2026-01-13,0,21,0.0
H05,14,2026-01-14,0,21,0.0
H05,15,2026-01-15,0,21,0.0
H05,16,2026-01-16,0,21,0.0
H05,17,2026-01-17,0,21,0.0
H05,18,2026-01-18,0,21,0.0
H05,19,2026-01-19,0,21,0.0
H05,20,2026-01-20,0,21,0.0
H05,21,2026-01-21,0,21,0.0
H05,22,2026-01-22,0,21,0.0
H05,23,2026-01-23,0,21,0.0
H05,24,2026-01-24,0,21,0.0
H05,25,2026-01-25,0,21,0.0
H05,26,2026-01-26,0,21,0.0
H05,27,2026-01-27,0,21,0.0
H05,28,2026-01-28,0,21,0.0
H05,29,2026-01-29,0,21,0.0
H05,30,2026-01-30,0,21,0.0
H05,31,2026-01-31,0,21,0.0
H05,32,2026-02-01,0,21,0.0
H05,33,2026-02-02,0,21,0.0
H05,34,2026-02-03,0,21,0.0
H05,35,2026-02-04,0,21,0.0
H05,36,2026-02-05,0,21,0.0
H05,37,2026-02-06,0,21,0.0
H05,38,2026-02-07,0,21,0.0
H05,39,2026-02-08,0,21,0.0
H05,40,2026-02-09,0,21,0.0
H05,41,2026-02-10,0,21,0.0
H05,42,2026-02-11,0,21,0.0
H05,43,2026-02-12,0,21,0.0
H05,44,2026-02-13,0,21,0.0
H05,45,2026-02-14,0,21,0.0
H05,46,2026-02-15,0,21,0.0
H05,47,2026-02-16,0,21,0.0
H05,48,2026-02-17,0,21,0.0
H05,49,2026-02-18,0,21,0.0
H05,50,2026-02-19,0,21,0.0
H05,51,2026-02-20,0,21,0.0
H05,52,2026-02-21,0,21,0.0
H05,53,2026-02-22,0,21,0.0
H05,54,2026-02-23,0,21,0.0
H05,55,2026-02-24,0,21,0.0
H05,56,2026-02-25,0,21,0.0
H05,57,2026-02-26,1,21,0.047619047619047616
H05,58,2026-02-27,1,21,0.047619047619047616
H05,59,2026-02-28,1,21,0.047619047619047616
H05,60,2026-03-01,1,21,0.047619047619047616
H05,61,2026-03-02,1,21,0.047619047619047616
H05,62,2026-03-03,1,21,0.047619047619047616
H05,63,2026-03-04,1,21,0.047619047619047616
H05,64,2026-03-05,1,21,0.047619047619047616
H05,65,2026-03-06,1,21,0.047619047619047616
H05,66,2026-03-07,1,21,0.047619047619047616
H05,67,2026-03-08,1,21,0.047619047619047616
H05,68,2026-03-09,1,21,0.047619047619047616
H05,69,2026-03-10,1,21,0.047619047619047616
H05,70,2026-03-11,1,21,0.047619047619047616
H05,71,2026-03-12,1,21,0.047619047619047616
H05,72,2026-03-13,1,21,0.047619047619047616
H05,73,2026-03-14,0,21,0.0
H05,74,2026-03-15,0,21,0.0
H05,75,2026-03-16,0,21,0.0
H05,76,2026-03-17,0,21,0.0
H05,77,2026-03-18,0,21,0.0
H05,78,2026-03-19,0,21,0.0
H05,79,2026-03-20,0,21,0.0
H05,80,2026-03-21,0,21,0.0
H05,81,2026-03-22,0,21,0.0
H05,82,2026-03-23,0,21,0.0
H05,83,2026-03-24,0,21,0.0
H05,84,2026-03-25,0,21,0.0
H05,85,2026-03-26,0,21,0.0
H05,86,2026-03-27,0,21,0.0
H05,87,2026-03-28,0,21,0.0
H05,88,2026-03-29,0,21,0.0
H05,89,2026-03-30,0,21,0.0
H05,90,2026-03-31,0,21,0.0
H05,91,2026-04-01,0,21,0.0
H05,92,2026-04-02,0,21,0.0
H05,93,2026-04-03,0,21,0.0
H05,94,2026-04-04,0,21,0.0
H05,95,2026-04-05,0,21,0.0
H05,96,2026-04-06,0,21,0.0
H05,97,2026-04-07,0,21,0.0
H05,98,2026-04-08,0,21,0.0
H05,99,2026-04-09,0,21,0.0
H05,100,2026-04-10,0,21,0.0
H05,101,2026-04-11,0,21,0.0
H05,102,2026-04-12,0,21,0.0
H05,103,2026-04-13,0,21,0.0
H05,104,2026-04-14,0,21,0.0
H05,105,2026-04-15,0,21,0.0
H05,106,2026-04-16,0,21,0.0
H05,107,2026-04-17,0,21,0.0
H05,108,2026-04-18,0,21,0.0
H05,109,2026-04-19,0,21,0.0
H05,110,2026-04-20,0,21,0.0
H05,111,2026-04-21,0,21,0.0
H05,112,2026-04-22,0,21,0.0
H05,113,2026-04-23,0,21,0.0
H05,114,2026-04-24,0,21,0.0
H05,115,2026-04-25,0,21,0.0
H05,116,2026-04-26,0,21,0.0
H05,117,2026-04-27,0,21,0.0
H05,118,2026-04-28,0,21,0.0
H05,119,2026-04-29,0,21,0.0
H05,120,2026-04-30,0,21,0.0
H05,121,2026-05-01,0,21,0.0
H05,122,2026-05-02,0,21,0.0
H05,123,2026-05-03,0,21,0.0
H05,124,2026-05-04,0,21,0.0
H05,125,2026-05-05,0,21,0.0
H05,126,2026-05-06,0,21,0.0
H05,127,2026-05-07,0,21,0.0
H05,128,2026-05-08,0,21,0.0
H05,129,2026-05-09,0,21,0.0
H05,130,2026-05-10,0,21,0.0
H05,131,2026-05-11,0,21,0.0
H05,132,2026-05-12,0,21,0.0
H05,133,2026-05-13,0,21,0.0
H05,134,2026-05-14,0,21,0.0
H05,135,2026-05-15,0,21,0.0
H05,136,2026-05-16,0,21,0.0
H05,137,2026-05-17,0,21,0.0
H05,138,2026-05-18,0,21,0.0
H05,139,2026-05-19,0,21,0.0
H05,140,2026-05-20,0,21,0.0
H05,141,2026-05-21,0,21,0.0
H05,142,2026-05-22,0,21,0.0
H05,143,2026-05-23,0,21,0.0
H05,144,2026-05-24,0,21,0.0
H05,145,2026-05-25,0,21,0.0
H05,146,2026-05-26,0,21,0.0
H05,147,2026-05-27,0,21,0.0
H05,148,2026-05-28,0,21,0.0
H05,149,2026-05-29,0,21,0.0
H05,150,2026-05-30,0,21,0.0
H05,151,2026-05-31,0,21,0.0
H05,152,2026-06-01,0,21,0.0
H05,153,2026-06-02,0,21,0.0
H05,154,2026-06-03,0,21,0.0
H05,155,2026-06-04,0,21,0.0
H05,156,2026-06-05,0,21,0.0
H05,157,2026-06-06,0,21,0.0
H05,158,2026-06-07,0,21,0.0
H05,159,2026-06-08,0,21,0.0
H05,160,2026-06-09,0,21,0.0
H05,161,2026-06-10,0,21,0.0
H05,162,2026-06-11,0,21,0.0
H05,163,2026-06-12,0,21,0.0
H05,164,2026-06-13,0,21,0.0
H05,165,2026-06-14,0,21,0.0
H06,5,2026-01-05,0,21,0.0
H06,6,2026-01-06,0,21,0.0
H06,7,2026-01-07,0,21,0.0
H06,8,2026-01-08,0,21,0.0
H06,9,2026-01-09,0,21,0.0
H06,10,2026-01-10,0,21,0.0
H06,11,2026-01-11,0,21,0.0
H06,12,2026-01-12,0,21,0.0
H06,13,2026-01-13,0,21,0.0
H06,14,2026-01-14,0,21,0.0
H06,15,2026-01-15,0,21,0.0
H06,16,2026-01-16,0,21,0.0
H06,17,2026-01-17,0,21,0.0
H06,18,2026-01-18,0,21,0.0
H06,19,2026-01-19,0,21,0.0
H06,20,2026-01-20,0,21,0.0
H06,21,2026-01-21,0,21,0.0
H06,22,2026-01-22,0,21,0.0
H06,23,2026-01-23,0,21,0.0
H06,24,2026-01-24,0,21,0.0
H06,25,2026-01-25,0,21,0.0
H06,26,2026-01-26,0,21,0.0
H06,27,2026-01-27,0,21,0.0
H06,28,2026-01-28,0,21,0.0
H06,29,2026-01-29,0,21,0.0
H06,30,2026-01-30,0,21,0.0
H06,31,2026-01-31,0,21,0.0
H06,32,2026-02-01,0,21,0.0
H06,33,2026-02-02,0,21,0.0
H06,34,2026-02-03,0,21,0.0
H06,35,2026-02-04,0,21,0.0
H06,36,2026-02-05,0,21,0.0
H06,37,2026-02-06,0,21,0.0
H06,38,2026-02-07,0,21,0.0
H06,39,2026-02-08,0,21,0.0
H06,40,2026-02-09,0,21,0.0
H06,41,2026-02-10,0,21,0.0
H06,42,2026-02-11,0,21,0.0
H06,43,2026-02-12,0,21,0.0
H06,44,2026-02-13,0,21,0.0
H06,45,2026-02-14,0,21,0.0
H06,46,2026-02-15,0,21,0.0
H06,47,2026-02-16,0,21,0.0
H06,48,2026-02-17,0,21,0.0
H06,49,2026-02-18,0,21,0.0
H06,50,2026-02-19,0,21,0.0
H06,51,2026-02-20,0,21,0.0
H06,52,2026-02-21,0,21,0.0
H06,53,2026-02-22,0,21,0.0
H06,54,2026-02-23,0,21,0.0
H06,55,2026-02-24,0,21,0.0
H06,56,2026-02-25,0,21,0.0
H06,57,2026-02-26,0,21,0.0
H06,58,2026-02-27,0,21,0.0
H06,59,2026-02-28,0,21,0.0
H06,60,2026-03-01,0,21,0.0
H06,61,2026-03-02,0,21,0.0
H06,62,2026-03-03,0,21,0.0
H06,63,2026-03-04,0,21,0.0
H06,64,2026-03-05,0,21,0.0
H06,65,2026-03-06,0,21,0.0
H06,66,2026-03-07,0,21,0.0
H06,67,2026-03-08,0,21,0.0
H06,68,2026-03-09,0,21,0.0
H06,69,2026-03-10,0,21,0.0
H06,70,2026-03-11,0,21,0.0
H06,71,2026-03-12,0,21,0.0
H06,72,2026-03-13,0,21,0.0
H06,73,2026-03-14,0,21,0.0
H06,74,2026-03-15,0,21,0.0
H06,75,2026-03-16,0,21,0.0
H06,76,2026-03-17,0,21,0.0
H06,77,2026-03-18,0,21,0.0
H06,78,2026-03-19,0,21,0.0
H06,79,2026-03-20,0,21,0.0
H06,80,2026-03-21,0,21,0.0
H06,81,2026-03-22,0,21,0.0
H06,82,2026-03-23,0,21,0.0
H06,83,2026-03-24,0,21,0.0
H06,84,2026-03-25,0,21,0.0
H06,85,2026-03-26,0,21,0.0
H06,86,2026-03-27,0,21,0.0
H06,87,2026-03-28,0,21,0.0
H06,88,2026-03-29,0,21,0.0
H06,89,2026-03-30,0,21,0.0
H06,90,2026-03-31,0,21,0.0
H06,91,2026-04-01,0,21,0.0
H06,92,2026-04-02,0,21,0.0
H06,93,2026-04-03,0,21,0.0
H06,94,2026-04-04,0,21,0.0
H06,95,2026-04-05,0,21,0.0
H06,96,2026-04-06,0,21,0.0
H06,97,2026-04-07,0,21,0.0
H06,98,2026-04-08,0,21,0.0
H06,99,2026-04-09,0,21,0.0
H06,100,2026-04-10,0,21,0.0
H06,101,2026-04-11,0,21,0.0
H06,102,2026-04-12,0,21,0.0
H06,103,2026-04-13,0,21,0.0
H06,104,2026-04-14,0,21,0.0
H06,105,2026-04-15,0,21,0.0
H06,106,2026-04-16,0,21,0.0
H06,107,2026-04-17,0,21,0.0
H06,108,2026-04-18,0,21,0.0
H06,109,2026-04-19,0,21,0.0
H06,110,2026-04-20,0,21,0.0
H06,111,2026-04-21,0,21,0.0
H06,112,2026-04-22,0,21,0.0
H06,113,2026-04-23,0,21,0.0
H06,114,2026-04-24,0,21,0.0
H06,115,2026-04-25,0,21,0.0
H06,116,2026-04-26,0,21,0.0
H06,117,2026-04-27,0,21,0.0
H06,118,2026-04-28,0,21,0.0
H06,119,2026-04-29,0,21,0.0
H06,120,2026-04-30,0,21,0.0
H06,121,2026-05-01,0,21,0.0
H06,122,2026-05-02,0,21,0.0
H06,123,2026-05-03,0,21,0.0
H06,124,2026-05-04,0,21,0.0
H06,125,2026-05-05,0,21,0.0
H06,126,2026-05-06,0,21,0.0
H06,127,2026-05-07,0,21,0.0
H06,128,2026-05-08,0,21,0.0
H06,129,2026-05-09,0,21,0.0
H06,130,2026-05-10,0,21,0.0
H06,131,2026-05-11,0,21,0.0
H06,132,2026-05-12,0,21,0.0
H06,133,2026-05-13,0,21,0.0
H06,134,2026-05-14,0,21,0.0
H06,135,2026-05-15,0,21,0.0
H06,136,2026-05-16,0,21,0.0
H06,137,2026-05-17,0,21,0.0
H06,138,2026-05-18,0,21,0.0
H06,139,2026-05-19,0,21,0.0
H06,140,2026-05-20,0,21,0.0
H06,141,2026-05-21,0,21,0.0
H06,142,2026-05-22,0,21,0.0
H06,143,2026-05-23,0,21,0.0
H06,144,2026-05-24,0,21,0.0
H06,145,2026-05-25,0,21,0.0
H06,146,2026-05-26,0,21,0.0
H06,147,2026-05-27,0,21,0.0
H06,148,2026-05-28,0,21,0.0
H06,149,2026-05-29,0,21,0.0
H06,150,2026-05-30,0,21,0.0
H06,151,2026-05-31,0,21,0.0
H06,152,2026-06-01,0,21,0.0
H06,153,2026-06-02,0,21,0.0
H06,154,2026-06-03,0,21,0.0
H06,155,2026-06-04,0,21,0.0
H06,156,2026-06-05,0,21,0.0
H06,157,2026-06-06,0,21,0.0
H06,158,2026-06-07,0,21,0.0
H06,159,2026-06-08,0,21,0.0
H06,160,2026-06-09,0,21,0.0
H06,161,2026-06-10,0,21,0.0
H06,162,2026-06-11,0,21,0.0
H06,163,2026-06-12,0,21,0.0
H06,164,2026-06-13,0,21,0.0
H06,165,2026-06-14,0,21,0.0
H07,5,2026-01-05,0,21,0.0
H07,6,2026-01-06,0,21,0.0
H07,7,2026-01-07,0,21,0.0
H07,8,2026-01-08,0,21,0.0
H07,9,2026-01-09,0,21,0.0
H07,10,2026-01-10,0,21,0.0
H07,11,2026-01-11,0,21,0.0
H07,12,2026-01-12,0,21,0.0
H07,13,2026-01-13,0,21,0.0
H07,14,2026-01-14,0,21,0.0
H07,15,2026-01-15,0,21,0.0
H07,16,2026-01-16,0,21,0.0
H07,17,2026-01-17,0,21,0.0
H07,18,2026-01-18,0,21,0.0
H07,19,2026-01-19,0,21,0.0
H07,20,2026-01-20,0,21,0.0
H07,21,2026-01-21,0,21,0.0
H07,22,2026-01-22,0,21,0.0
H07,23,2026-01-23,0,21,0.0
H07,24,2026-01-24,0,21,0.0
H07,25,2026-01-25,0,21,0.0
H07,26,2026-01-26,0,21,0.0
H07,27,2026-01-27,0,21,0.0
H07,28,2026-01-28,0,21,0.0
H07,29,2026-01-29,0,21,0.0
H07,30,2026-01-30,0,21,0.0
H07,31,2026-01-31,0,21,0.0
H07,32,2026-02-01,0,21,0.0
H07,33,2026-02-02,0,21,0.0
H07,34,2026-02-03,0,21,0.0
H07,35,2026-02-04,0,21,0.0
H07,36,2026-02-05,0,21,0.0
H07,37,2026-02-06,0,21,0.0
H07,38,2026-02-07,0,21,0.0
H07,39,2026-02-08,0,21,0.0
H07,40,2026-02-09,0,21,0.0
H07,41,2026-02-10,0,21,0.0
H07,42,2026-02-11,0,21,0.0
H07,43,2026-02-12,0,21,0.0
H07,44,2026-02-13,0,21,0.0
H07,45,2026-02-14,0,21,0.0
H07,46,2026-02-15,0,21,0.0
H07,47,2026-02-16,0,21,0.0
H07,48,2026-02-17,0,21,0.0
H07,49,2026-02-18,0,21,0.0
H07,50,2026-02-19,0,21,0.0
H07,51,2026-02-20,0,21,0.0
H07,52,2026-02-21,0,21,0.0
H07,53,2026-02-22,0,21,0.0
H07,54,2026-02-23,0,21,0.0
H07,55,2026-02-24,0,21,0.0
H07,56,2026-02-25,0,21,0.0
H07,57,2026-02-26,0,21,0.0
H07,58,2026-02-27,0,21,0.0
H07,59,2026-02-28,0,21,0.0
H07,60,2026-03-01,0,21,0.0
H07,61,2026-03-02,0,21,0.0
H07,62,2026-03-03,0,21,0.0
H07,63,2026-03-04,0,21,0.0
H07,64,2026-03-05,0,21,0.0
H07,65,2026-03-06,1,21,0.047619047619047616
H07,66,2026-03-07,1,21,0.047619047619047616
H07,67,2026-03-08,1,21,0.047619047619047616
H07,68,2026-03-09,1,21,0.047619047619047616
H07,69,2026-03-10,1,21,0.047619047619047616
H07,70,2026-03-11,1,21,0.047619047619047616
H07,71,2026-03-12,1,21,0.047619047619047616
H07,72,2026-03-13,1,21,0.047619047619047616
H07,73,2026-03-14,1,21,0.047619047619047616
H07,74,2026-03-15,1,21,0.047619047619047616
H07,75,2026-03-16,1,21,0.047619047619047616
H07,76,2026-03-17,0,21,0.0
H07,77,2026-03-18,0,21,0.0
H07,78,2026-03-19,0,21,0.0
H07,79,2026-03-20,0,21,0.0
H07,80,2026-03-21,0,21,0.0
H07,81,2026-03-22,0,21,0.0
H07,82,2026-03-23,0,21,0.0
H07,83,2026-03-24,0,21,0.0
H07,84,2026-03-25,0,21,0.0
H07,85,2026-03-26,0,21,0.0
H07,86,2026-03-27,0,21,0.0
H07,87,2026-03-28,0,21,0.0
H07,88,2026-03-29,0,21,0.0
H07,89,2026-03-30,0,21,0.0
H07,90,2026-03-31,0,21,0.0
H07,91,2026-04-01,0,21,0.0
H07,92,2026-04-02,0,21,0.0
H07,93,2026-04-03,0,21,0.0
H07,94,2026-04-04,0,21,0.0
H07,95,2026-04-05,0,21,0.0
H07,96,2026-04-06,0,21,0.0
H07,97,2026-04-07,0,21,0.0
H07,98,2026-04-08,0,21,0.0
H07,99,2026-04-09,0,21,0.0
H07,100,2026-04-10,0,21,0.0
H07,101,2026-04-11,0,21,0.0
H07,102,2026-04-12,0,21,0.0
H07,103,2026-04-13,0,21,0.0
H07,104,2026-04-14,0,21,0.0
H07,105,2026-04-15,0,21,0.0
H07,106,2026-04-16,0,21,0.0
H07,107,2026-04-17,0,21,0.0
H07,108,2026-04-18,0,21,0.0
H07,109,2026-04-19,0,21,0.0
H07,110,2026-04-20,0,21,0.0
H07,111,2026-04-21,0,21,0.0
H07,112,2026-04-22,0,21,0.0
H07,113,2026-04-23,0,21,0.0
H07,114,2026-04-24,0,21,0.0
H07,115,2026-04-25,0,21,0.0
H07,116,2026-04-26,0,21,0.0
H07,117,2026-04-27,0,21,0.0
H07,118,2026-04-28,0,21,0.0
H07,119,2026-04-29,0,21,0.0
H07,120,2026-04-30,0,21,0.0
H07,121,2026-05-01,0,21,0.0
H07,122,2026-05-02,0,21,0.0
H07,123,2026-05-03,0,21,0.0
H07,124,2026-05-04,0,21,0.0
H07,125,2026-05-05,0,21,0.0
H07,126,2026-05-06,0,21,0.0
H07,127,2026-05-07,0,21,0.0
H07,128,2026-05-08,0,21,0.0
H07,129,2026-05-09,0,21,0.0
H07,130,2026-05-10,0,21,0.0
H07,131,2026-05-11,0,21,0.0
H07,132,2026-05-12,0,21,0.0
H07,133,2026-05-13,0,21,0.0
H07,134,2026-05-14,0,21,0.0
H07,135,2026-05-15,0,21,0.0
H07,136,2026-05-16,0,21,0.0
H07,137,2026-05-17,0,21,0.0
H07,138,2026-05-18,0,21,0.0
H07,139,2026-05-19,0,21,0.0
H07,140,2026-05-20,0,21,0.0
H07,141,2026-05-21,0,21,0.0
H07,142,2026-05-22,0,21,0.0
H07,143,2026-05-23,0,21,0.0
H07,144,2026-05-24,0,21,0.0
H07,145,2026-05-25,0,21,0.0
H07,146,2026-05-26,0,21,0.0
H07,147,2026-05-27,0,21,0.0
H07,148,2026-05-28,0,21,0.0
H07,149,2026-05-29,0,21,0.0
H07,150,2026-05-30,0,21,0.0
H07,151,2026-05-31,0,21,0.0
H07,152,2026-06-01,0,21,0.0
H07,153,2026-06-02,0,21,0.0
H07,154,2026-06-03,0,21,0.0
H07,155,2026-06-04,0,21,0.0
H07,156,2026-06-05,0,21,0.0
H07,157,2026-06-06,0,21,0.0
H07,158,2026-06-07,0,21,0.0
H07,159,2026-06-08,0,21,0.0
H07,160,2026-06-09,0,21,0.0
H07,161,2026-06-10,0,21,0.0
H07,162,2026-06-11,0,21,0.0
H07,163,2026-06-12,0,21,0.0
H07,164,2026-06-13,0,21,0.0
H07,165,2026-06-14,0,21,0.0
H08,5,2026-01-05,0,21,0.0
H08,6,2026-01-06,0,21,0.0
H08,7,2026-01-07,0,21,0.0
H08,8,2026-01-08,0,21,0.0
H08,9,2026-01-09,0,21,0.0
H08,10,2026-01-10,0,21,0.0
H08,11,2026-01-11,0,21,0.0
H08,12,2026-01-12,0,21,0.0
H08,13,2026-01-13,0,21,0.0
H08,14,2026-01-14,0,21,0.0
H08,15,2026-01-15,0,21,0.0
H08,16,2026-01-16,0,21,0.0
H08,17,2026-01-17,0,21,0.0
H08,18,2026-01-18,0,21,0.0
H08,19,2026-01-19,0,21,0.0
H08,20,2026-01-20,0,21,0.0
H08,21,2026-01-21,0,21,0.0
H08,22,2026-01-22,0,21,0.0
H08,23,2026-01-23,0,21,0.0
H08,24,2026-01-24,0,21,0.0
H08,25,2026-01-25,0,21,0.0
H08,26,2026-01-26,0,21,0.0
H08,27,2026-01-27,0,21,0.0
H08,28,2026-01-28,0,21,0.0
H08,29,2026-01-29,0,21,0.0
H08,30,2026-01-30,0,21,0.0
H08,31,2026-01-31,0,21,0.0
H08,32,2026-02-01,0,21,0.0
H08,33,2026-02-02,0,21,0.0
H08,34,2026-02-03,0,21,0.0
H08,35,2026-02-04,0,21,0.0
H08,36,2026-02-05,0,21,0.0
H08,37,2026-02-06,0,21,0.0
H08,38,2026-02-07,0,21,0.0
H08,39,2026-02-08,0,21,0.0
H08,40,2026-02-09,0,21,0.0
H08,41,2026-02-10,0,21,0.0
H08,42,2026-02-11,0,21,0.0
H08,43,2026-02-12,0,21,0.0
H08,44,2026-02-13,0,21,0.0
H08,45,2026-02-14,0,21,0.0
H08,46,2026-02-15,0,21,0.0
H08,47,2026-02-16,0,21,0.0
H08,48,2026-02-17,0,21,0.0
H08,49,2026-02-18,0,21,0.0
H08,50,2026-02-19,0,21,0.0
H08,51,2026-02-20,0,21,0.0
H08,52,2026-02-21,0,21,0.0
H08,53,2026-02-22,0,21,0.0
H08,54,2026-02-23,0,21,0.0
H08,55,2026-02-24,0,21,0.0
H08,56,2026-02-25,0,21,0.0
H08,57,2026-02-26,0,21,0.0
H08,58,2026-02-27,0,21,0.0
H08,59,2026-02-28,0,21,0.0
H08,60,2026-03-01,0,21,0.0
H08,61,2026-03-02,0,21,0.0
H08,62,2026-03-03,0,21,0.0
H08,63,2026-03-04,6,21,0.2857142857142857
H08,64,2026-03-05,16,21,0.7619047619047619
H08,65,2026-03-06,16,21,0.7619047619047619
H08,66,2026-03-07,16,21,0.7619047619047619
H08,67,2026-03-08,16,21,0.7619047619047619
H08,68,2026-03-09,15,21,0.7142857142857143
H08,69,2026-03-10,15,21,0.7142857142857143
H08,70,2026-03-11,15,21,0.7142857142857143
H08,71,2026-03-12,15,21,0.7142857142857143
H08,72,2026-03-13,15,21,0.7142857142857143
H08,73,2026-03-14,15,21,0.7142857142857143
H08,74,2026-03-15,15,21,0.7142857142857143
H08,75,2026-03-16,15,21,0.7142857142857143
H08,76,2026-03-17,15,21,0.7142857142857143
H08,77,2026-03-18,15,21,0.7142857142857143
H08,78,2026-03-19,15,21,0.7142857142857143
H08,79,2026-03-20,16,21,0.7619047619047619
H08,80,2026-03-21,4,21,0.19047619047619047
H08,81,2026-03-22,4,21,0.19047619047619047
H08,82,2026-03-23,4,21,0.19047619047619047
H08,83,2026-03-24,4,21,0.19047619047619047
H08,84,2026-03-25,4,21,0.19047619047619047
H08,85,2026-03-26,4,21,0.19047619047619047
H08,86,2026-03-27,11,21,0.5238095238095238
H08,87,2026-03-28,13,21,0.6190476190476191
H08,88,2026-03-29,13,21,0.6190476190476191
H08,89,2026-03-30,15,21,0.7142857142857143
H08,90,2026-03-31,15,21,0.7142857142857143
H08,91,2026-04-01,14,21,0.6666666666666666
H08,92,2026-04-02,14,21,0.6666666666666666
H08,93,2026-04-03,11,21,0.5238095238095238
H08,94,2026-04-04,11,21,0.5238095238095238
H08,95,2026-04-05,11,21,0.5238095238095238
H08,96,2026-04-06,15,21,0.7142857142857143
H08,97,2026-04-07,15,21,0.7142857142857143
H08,98,2026-04-08,1,21,0.047619047619047616
H08,99,2026-04-09,5,21,0.23809523809523808
H08,100,2026-04-10,14,21,0.6666666666666666
H08,101,2026-04-11,14,21,0.6666666666666666
H08,102,2026-04-12,14,21,0.6666666666666666
H08,103,2026-04-13,26,21,1.2380952380952381
H08,104,2026-04-14,14,21,0.6666666666666666
H08,105,2026-04-15,0,21,0.0
H08,106,2026-04-16,0,21,0.0
H08,107,2026-04-17,7,21,0.3333333333333333
H08,108,2026-04-18,14,21,0.6666666666666666
H08,109,2026-04-19,14,21,0.6666666666666666
H08,110,2026-04-20,14,21,0.6666666666666666
H08,111,2026-04-21,14,21,0.6666666666666666
H08,112,2026-04-22,5,21,0.23809523809523808
H08,113,2026-04-23,5,21,0.23809523809523808
H08,114,2026-04-24,18,21,0.8571428571428571
H08,115,2026-04-25,21,21,1.0
H08,116,2026-04-26,21,21,1.0
H08,117,2026-04-27,21,21,1.0
H08,118,2026-04-28,16,21,0.7619047619047619
H08,119,2026-04-29,0,21,0.0
H08,120,2026-04-30,0,21,0.0
H08,121,2026-05-01,0,21,0.0
H08,122,2026-05-02,0,21,0.0
H08,123,2026-05-03,0,21,0.0
H08,124,2026-05-04,6,21,0.2857142857142857
H08,125,2026-05-05,6,21,0.2857142857142857
H08,126,2026-05-06,17,21,0.8095238095238095
H08,127,2026-05-07,16,21,0.7619047619047619
H08,128,2026-05-08,16,21,0.7619047619047619
H08,129,2026-05-09,16,21,0.7619047619047619
H08,130,2026-05-10,16,21,0.7619047619047619
H08,131,2026-05-11,16,21,0.7619047619047619
H08,132,2026-05-12,16,21,0.7619047619047619
H08,133,2026-05-13,1,21,0.047619047619047616
H08,134,2026-05-14,0,21,0.0
H08,135,2026-05-15,0,21,0.0
H08,136,2026-05-16,0,21,0.0
H08,137,2026-05-17,0,21,0.0
H08,138,2026-05-18,0,21,0.0
H08,139,2026-05-19,0,21,0.0
H08,140,2026-05-20,6,21,0.2857142857142857
H08,141,2026-05-21,8,21,0.38095238095238093
H08,142,2026-05-22,8,21,0.38095238095238093
H08,143,2026-05-23,8,21,0.38095238095238093
H08,144,2026-05-24,8,21,0.38095238095238093
H08,145,2026-05-25,8,21,0.38095238095238093
H08,146,2026-05-26,9,21,0.42857142857142855
H08,147,2026-05-27,9,21,0.42857142857142855
H08,148,2026-05-28,13,21,0.6190476190476191
H08,149,2026-05-29,13,21,0.6190476190476191
H08,150,2026-05-30,13,21,0.6190476190476191
H08,151,2026-05-31,13,21,0.6190476190476191
H08,152,2026-06-01,13,21,0.6190476190476191
H08,153,2026-06-02,13,21,0.6190476190476191
H08,154,2026-06-03,4,21,0.19047619047619047
H08,155,2026-06-04,12,21,0.5714285714285714
H08,156,2026-06-05,12,21,0.5714285714285714
H08,157,2026-06-06,12,21,0.5714285714285714
H08,158,2026-06-07,12,21,0.5714285714285714
H08,159,2026-06-08,12,21,0.5714285714285714
H08,160,2026-06-09,12,21,0.5714285714285714
H08,161,2026-06-10,0,21,0.0
H08,162,2026-06-11,0,21,0.0
H08,163,2026-06-12,0,21,0.0
H08,164,2026-06-13,0,21,0.0
H08,165,2026-06-14,0,21,0.0
H09,5,2026-01-05,0,21,0.0
H09,6,2026-01-06,0,21,0.0
H09,7,2026-01-07,0,21,0.0
H09,8,2026-01-08,0,21,0.0
H09,9,2026-01-09,0,21,0.0
H09,10,2026-01-10,0,21,0.0
H09,11,2026-01-11,0,21,0.0
H09,12,2026-01-12,0,21,0.0
H09,13,2026-01-13,0,21,0.0
H09,14,2026-01-14,0,21,0.0
H09,15,2026-01-15,0,21,0.0
H09,16,2026-01-16,0,21,0.0
H09,17,2026-01-17,0,21,0.0
H09,18,2026-01-18,0,21,0.0
H09,19,2026-01-19,0,21,0.0
H09,20,2026-01-20,0,21,0.0
H09,21,2026-01-21,0,21,0.0
H09,22,2026-01-22,0,21,0.0
H09,23,2026-01-23,0,21,0.0
H09,24,2026-01-24,0,21,0.0
H09,25,2026-01-25,0,21,0.0
H09,26,2026-01-26,0,21,0.0
H09,27,2026-01-27,0,21,0.0
H09,28,2026-01-28,9,21,0.42857142857142855
H09,29,2026-01-29,12,21,0.5714285714285714
H09,30,2026-01-30,12,21,0.5714285714285714
H09,31,2026-01-31,12,21,0.5714285714285714
H09,32,2026-02-01,12,21,0.5714285714285714
H09,33,2026-02-02,12,21,0.5714285714285714
H09,34,2026-02-03,12,21,0.5714285714285714
H09,35,2026-02-04,12,21,0.5714285714285714
H09,36,2026-02-05,12,21,0.5714285714285714
H09,37,2026-02-06,12,21,0.5714285714285714
H09,38,2026-02-07,12,21,0.5714285714285714
H09,39,2026-02-08,12,21,0.5714285714285714
H09,40,2026-02-09,10,21,0.47619047619047616
H09,41,2026-02-10,10,21,0.47619047619047616
H09,42,2026-02-11,0,21,0.0
H09,43,2026-02-12,26,21,1.2380952380952381
H09,44,2026-02-13,26,21,1.2380952380952381
H09,45,2026-02-14,26,21,1.2380952380952381
H09,46,2026-02-15,26,21,1.2380952380952381
H09,47,2026-02-16,26,21,1.2380952380952381
H09,48,2026-02-17,26,21,1.2380952380952381
H09,49,2026-02-18,26,21,1.2380952380952381
H09,50,2026-02-19,26,21,1.2380952380952381
H09,51,2026-02-20,26,21,1.2380952380952381
H09,52,2026-02-21,26,21,1.2380952380952381
H09,53,2026-02-22,26,21,1.2380952380952381
H09,54,2026-02-23,26,21,1.2380952380952381
H09,55,2026-02-24,26,21,1.2380952380952381
H09,56,2026-02-25,26,21,1.2380952380952381
H09,57,2026-02-26,26,21,1.2380952380952381
H09,58,2026-02-27,26,21,1.2380952380952381
H09,59,2026-02-28,26,21,1.2380952380952381
H09,60,2026-03-01,26,21,1.2380952380952381
H09,61,2026-03-02,20,21,0.9523809523809523
H09,62,2026-03-03,20,21,0.9523809523809523
H09,63,2026-03-04,14,21,0.6666666666666666
H09,64,2026-03-05,10,21,0.47619047619047616
H09,65,2026-03-06,10,21,0.47619047619047616
H09,66,2026-03-07,10,21,0.47619047619047616
H09,67,2026-03-08,10,21,0.47619047619047616
H09,68,2026-03-09,4,21,0.19047619047619047
H09,69,2026-03-10,4,21,0.19047619047619047
H09,70,2026-03-11,4,21,0.19047619047619047
H09,71,2026-03-12,1,21,0.047619047619047616
H09,72,2026-03-13,1,21,0.047619047619047616
H09,73,2026-03-14,1,21,0.047619047619047616
H09,74,2026-03-15,1,21,0.047619047619047616
H09,75,2026-03-16,7,21,0.3333333333333333
H09,76,2026-03-17,18,21,0.8571428571428571
H09,77,2026-03-18,17,21,0.8095238095238095
H09,78,2026-03-19,17,21,0.8095238095238095
H09,79,2026-03-20,17,21,0.8095238095238095
H09,80,2026-03-21,17,21,0.8095238095238095
H09,81,2026-03-22,17,21,0.8095238095238095
H09,82,2026-03-23,17,21,0.8095238095238095
H09,83,2026-03-24,17,21,0.8095238095238095
H09,84,2026-03-25,17,21,0.8095238095238095
H09,85,2026-03-26,17,21,0.8095238095238095
H09,86,2026-03-27,17,21,0.8095238095238095
H09,87,2026-03-28,17,21,0.8095238095238095
H09,88,2026-03-29,17,21,0.8095238095238095
H09,89,2026-03-30,17,21,0.8095238095238095
H09,90,2026-03-31,17,21,0.8095238095238095
H09,91,2026-04-01,3,21,0.14285714285714285
H09,92,2026-04-02,15,21,0.7142857142857143
H09,93,2026-04-03,19,21,0.9047619047619048
H09,94,2026-04-04,3,21,0.14285714285714285
H09,95,2026-04-05,3,21,0.14285714285714285
H09,96,2026-04-06,4,21,0.19047619047619047
H09,97,2026-04-07,4,21,0.19047619047619047
H09,98,2026-04-08,16,21,0.7619047619047619
H09,99,2026-04-09,16,21,0.7619047619047619
H09,100,2026-04-10,16,21,0.7619047619047619
H09,101,2026-04-11,16,21,0.7619047619047619
H09,102,2026-04-12,16,21,0.7619047619047619
H09,103,2026-04-13,8,21,0.38095238095238093
H09,104,2026-04-14,16,21,0.7619047619047619
H09,105,2026-04-15,0,21,0.0
H09,106,2026-04-16,8,21,0.38095238095238093
H09,107,2026-04-17,29,21,1.380952380952381
H09,108,2026-04-18,29,21,1.380952380952381
H09,109,2026-04-19,29,21,1.380952380952381
H09,110,2026-04-20,29,21,1.380952380952381
H09,111,2026-04-21,29,21,1.380952380952381
H09,112,2026-04-22,0,21,0.0
H09,113,2026-04-23,13,21,0.6190476190476191
H09,114,2026-04-24,14,21,0.6666666666666666
H09,115,2026-04-25,14,21,0.6666666666666666
H09,116,2026-04-26,14,21,0.6666666666666666
H09,117,2026-04-27,14,21,0.6666666666666666
H09,118,2026-04-28,14,21,0.6666666666666666
H09,119,2026-04-29,0,21,0.0
H09,120,2026-04-30,0,21,0.0
H09,121,2026-05-01,16,21,0.7619047619047619
H09,122,2026-05-02,22,21,1.0476190476190477
H09,123,2026-05-03,22,21,1.0476190476190477
H09,124,2026-05-04,22,21,1.0476190476190477
H09,125,2026-05-05,22,21,1.0476190476190477
H09,126,2026-05-06,1,21,0.047619047619047616
H09,127,2026-05-07,12,21,0.5714285714285714
H09,128,2026-05-08,12,21,0.5714285714285714
H09,129,2026-05-09,12,21,0.5714285714285714
H09,130,2026-05-10,12,21,0.5714285714285714
H09,131,2026-05-11,12,21,0.5714285714285714
H09,132,2026-05-12,12,21,0.5714285714285714
H09,133,2026-05-13,5,21,0.23809523809523808
H09,134,2026-05-14,5,21,0.23809523809523808
H09,135,2026-05-15,5,21,0.23809523809523808
H09,136,2026-05-16,5,21,0.23809523809523808
H09,137,2026-05-17,5,21,0.23809523809523808
H09,138,2026-05-18,5,21,0.23809523809523808
H09,139,2026-05-19,5,21,0.23809523809523808
H09,140,2026-05-20,14,21,0.6666666666666666
H09,141,2026-05-21,14,21,0.6666666666666666
H09,142,2026-05-22,14,21,0.6666666666666666
H09,143,2026-05-23,14,21,0.6666666666666666
H09,144,2026-05-24,14,21,0.6666666666666666
H09,145,2026-05-25,14,21,0.6666666666666666
H09,146,2026-05-26,14,21,0.6666666666666666
H09,147,2026-05-27,12,21,0.5714285714285714
H09,148,2026-05-28,18,21,0.8571428571428571
H09,149,2026-05-29,18,21,0.8571428571428571
H09,150,2026-05-30,18,21,0.8571428571428571
H09,151,2026-05-31,18,21,0.8571428571428571
H09,152,2026-06-01,18,21,0.8571428571428571
H09,153,2026-06-02,1,21,0.047619047619047616
H09,154,2026-06-03,0,21,0.0
H09,155,2026-06-04,7,21,0.3333333333333333
H09,156,2026-06-05,7,21,0.3333333333333333
H09,157,2026-06-06,7,21,0.3333333333333333
H09,158,2026-06-07,7,21,0.3333333333333333
H09,159,2026-06-08,7,21,0.3333333333333333
H09,160,2026-06-09,7,21,0.3333333333333333
H09,161,2026-06-10,0,21,0.0
H09,162,2026-06-11,0,21,0.0
H09,163,2026-06-12,0,21,0.0
H09,164,2026-06-13,0,21,0.0
H09,165,2026-06-14,0,21,0.0
H10,5,2026-01-05,0,21,0.0
H10,6,2026-01-06,0,21,0.0
H10,7,2026-01-07,0,21,0.0
H10,8,2026-01-08,0,21,0.0
H10,9,2026-01-09,0,21,0.0
H10,10,2026-01-10,0,21,0.0
H10,11,2026-01-11,0,21,0.0
H10,12,2026-01-12,0,21,0.0
H10,13,2026-01-13,0,21,0.0
H10,14,2026-01-14,0,21,0.0
H10,15,2026-01-15,0,21,0.0
H10,16,2026-01-16,0,21,0.0
H10,17,2026-01-17,0,21,0.0
H10,18,2026-01-18,0,21,0.0
H10,19,2026-01-19,0,21,0.0
H10,20,2026-01-20,0,21,0.0
H10,21,2026-01-21,0,21,0.0
H10,22,2026-01-22,0,21,0.0
H10,23,2026-01-23,11,21,0.5238095238095238
H10,24,2026-01-24,11,21,0.5238095238095238
H10,25,2026-01-25,11,21,0.5238095238095238
H10,26,2026-01-26,11,21,0.5238095238095238
H10,27,2026-01-27,11,21,0.5238095238095238
H10,28,2026-01-28,11,21,0.5238095238095238
H10,29,2026-01-29,11,21,0.5238095238095238
H10,30,2026-01-30,11,21,0.5238095238095238
H10,31,2026-01-31,11,21,0.5238095238095238
H10,32,2026-02-01,11,21,0.5238095238095238
H10,33,2026-02-02,11,21,0.5238095238095238
H10,34,2026-02-03,11,21,0.5238095238095238
H10,35,2026-02-04,11,21,0.5238095238095238
H10,36,2026-02-05,0,21,0.0
H10,37,2026-02-06,0,21,0.0
H10,38,2026-02-07,0,21,0.0
H10,39,2026-02-08,0,21,0.0
H10,40,2026-02-09,0,21,0.0
H10,41,2026-02-10,0,21,0.0
H10,42,2026-02-11,0,21,0.0
H10,43,2026-02-12,0,21,0.0
H10,44,2026-02-13,0,21,0.0
H10,45,2026-02-14,0,21,0.0
H10,46,2026-02-15,0,21,0.0
H10,47,2026-02-16,0,21,0.0
H10,48,2026-02-17,0,21,0.0
H10,49,2026-02-18,0,21,0.0
H10,50,2026-02-19,0,21,0.0
H10,51,2026-02-20,0,21,0.0
H10,52,2026-02-21,0,21,0.0
H10,53,2026-02-22,0,21,0.0
H10,54,2026-02-23,0,21,0.0
H10,55,2026-02-24,0,21,0.0
H10,56,2026-02-25,0,21,0.0
H10,57,2026-02-26,0,21,0.0
H10,58,2026-02-27,0,21,0.0
H10,59,2026-02-28,0,21,0.0
H10,60,2026-03-01,0,21,0.0
H10,61,2026-03-02,0,21,0.0
H10,62,2026-03-03,0,21,0.0
H10,63,2026-03-04,0,21,0.0
H10,64,2026-03-05,0,21,0.0
H10,65,2026-03-06,0,21,0.0
H10,66,2026-03-07,0,21,0.0
H10,67,2026-03-08,0,21,0.0
H10,68,2026-03-09,7,21,0.3333333333333333
H10,69,2026-03-10,7,21,0.3333333333333333
H10,70,2026-03-11,7,21,0.3333333333333333
H10,71,2026-03-12,7,21,0.3333333333333333
H10,72,2026-03-13,7,21,0.3333333333333333
H10,73,2026-03-14,7,21,0.3333333333333333
H10,74,2026-03-15,7,21,0.3333333333333333
H10,75,2026-03-16,9,21,0.42857142857142855
H10,76,2026-03-17,9,21,0.42857142857142855
H10,77,2026-03-18,9,21,0.42857142857142855
H10,78,2026-03-19,9,21,0.42857142857142855
H10,79,2026-03-20,9,21,0.42857142857142855
H10,80,2026-03-21,9,21,0.42857142857142855
H10,81,2026-03-22,9,21,0.42857142857142855
H10,82,2026-03-23,9,21,0.42857142857142855
H10,83,2026-03-24,1,21,0.047619047619047616
H10,84,2026-03-25,2,21,0.09523809523809523
H10,85,2026-03-26,16,21,0.7619047619047619
H10,86,2026-03-27,16,21,0.7619047619047619
H10,87,2026-03-28,16,21,0.7619047619047619
H10,88,2026-03-29,16,21,0.7619047619047619
H10,89,2026-03-30,16,21,0.7619047619047619
H10,90,2026-03-31,16,21,0.7619047619047619
H10,91,2026-04-01,7,21,0.3333333333333333
H10,92,2026-04-02,18,21,0.8571428571428571
H10,93,2026-04-03,17,21,0.8095238095238095
H10,94,2026-04-04,1,21,0.047619047619047616
H10,95,2026-04-05,1,21,0.047619047619047616
H10,96,2026-04-06,1,21,0.047619047619047616
H10,97,2026-04-07,1,21,0.047619047619047616
H10,98,2026-04-08,17,21,0.8095238095238095
H10,99,2026-04-09,18,21,0.8571428571428571
H10,100,2026-04-10,17,21,0.8095238095238095
H10,101,2026-04-11,17,21,0.8095238095238095
H10,102,2026-04-12,17,21,0.8095238095238095
H10,103,2026-04-13,0,21,0.0
H10,104,2026-04-14,2,21,0.09523809523809523
H10,105,2026-04-15,17,21,0.8095238095238095
H10,106,2026-04-16,9,21,0.42857142857142855
H10,107,2026-04-17,9,21,0.42857142857142855
H10,108,2026-04-18,9,21,0.42857142857142855
H10,109,2026-04-19,9,21,0.42857142857142855
H10,110,2026-04-20,9,21,0.42857142857142855
H10,111,2026-04-21,9,21,0.42857142857142855
H10,112,2026-04-22,4,21,0.19047619047619047
H10,113,2026-04-23,12,21,0.5714285714285714
H10,114,2026-04-24,12,21,0.5714285714285714
H10,115,2026-04-25,12,21,0.5714285714285714
H10,116,2026-04-26,12,21,0.5714285714285714
H10,117,2026-04-27,12,21,0.5714285714285714
H10,118,2026-04-28,0,21,0.0
H10,119,2026-04-29,0,21,0.0
H10,120,2026-04-30,13,21,0.6190476190476191
H10,121,2026-05-01,16,21,0.7619047619047619
H10,122,2026-05-02,16,21,0.7619047619047619
H10,123,2026-05-03,16,21,0.7619047619047619
H10,124,2026-05-04,16,21,0.7619047619047619
H10,125,2026-05-05,16,21,0.7619047619047619
H10,126,2026-05-06,0,21,0.0
H10,127,2026-05-07,3,21,0.14285714285714285
H10,128,2026-05-08,0,21,0.0
H10,129,2026-05-09,0,21,0.0
H10,130,2026-05-10,0,21,0.0
H10,131,2026-05-11,15,21,0.7142857142857143
H10,132,2026-05-12,25,21,1.1904761904761905
H10,133,2026-05-13,37,21,1.7619047619047619
H10,134,2026-05-14,37,21,1.7619047619047619
H10,135,2026-05-15,37,21,1.7619047619047619
H10,136,2026-05-16,37,21,1.7619047619047619
H10,137,2026-05-17,37,21,1.7619047619047619
H10,138,2026-05-18,37,21,1.7619047619047619
H10,139,2026-05-19,37,21,1.7619047619047619
H10,140,2026-05-20,0,21,0.0
H10,141,2026-05-21,13,21,0.6190476190476191
H10,142,2026-05-22,13,21,0.6190476190476191
H10,143,2026-05-23,13,21,0.6190476190476191
H10,144,2026-05-24,13,21,0.6190476190476191
H10,145,2026-05-25,13,21,0.6190476190476191
H10,146,2026-05-26,13,21,0.6190476190476191
H10,147,2026-05-27,0,21,0.0
H10,148,2026-05-28,6,21,0.2857142857142857
H10,149,2026-05-29,10,21,0.47619047619047616
H10,150,2026-05-30,11,21,0.5238095238095238
H10,151,2026-05-31,11,21,0.5238095238095238
H10,152,2026-06-01,11,21,0.5238095238095238
H10,153,2026-06-02,11,21,0.5238095238095238
H10,154,2026-06-03,4,21,0.19047619047619047
H10,155,2026-06-04,4,21,0.19047619047619047
H10,156,2026-06-05,4,21,0.19047619047619047
H10,157,2026-06-06,4,21,0.19047619047619047
H10,158,2026-06-07,4,21,0.19047619047619047
H10,159,2026-06-08,6,21,0.2857142857142857
H10,160,2026-06-09,6,21,0.2857142857142857
H10,161,2026-06-10,0,21,0.0
H10,162,2026-06-11,0,21,0.0
H10,163,2026-06-12,0,21,0.0
H10,164,2026-06-13,0,21,0.0
H10,165,2026-06-14,0,21,0.0
H11,5,2026-01-05,0,21,0.0
H11,6,2026-01-06,0,21,0.0
H11,7,2026-01-07,0,21,0.0
H11,8,2026-01-08,0,21,0.0
H11,9,2026-01-09,0,21,0.0
H11,10,2026-01-10,0,21,0.0
H11,11,2026-01-11,0,21,0.0
H11,12,2026-01-12,0,21,0.0
H11,13,2026-01-13,0,21,0.0
H11,14,2026-01-14,0,21,0.0
H11,15,2026-01-15,0,21,0.0
H11,16,2026-01-16,0,21,0.0
H11,17,2026-01-17,0,21,0.0
H11,18,2026-01-18,0,21,0.0
H11,19,2026-01-19,0,21,0.0
H11,20,2026-01-20,0,21,0.0
H11,21,2026-01-21,0,21,0.0
H11,22,2026-01-22,0,21,0.0
H11,23,2026-01-23,7,21,0.3333333333333333
H11,24,2026-01-24,7,21,0.3333333333333333
H11,25,2026-01-25,7,21,0.3333333333333333
H11,26,2026-01-26,12,21,0.5714285714285714
H11,27,2026-01-27,13,21,0.6190476190476191
H11,28,2026-01-28,13,21,0.6190476190476191
H11,29,2026-01-29,14,21,0.6666666666666666
H11,30,2026-01-30,14,21,0.6666666666666666
H11,31,2026-01-31,8,21,0.38095238095238093
H11,32,2026-02-01,8,21,0.38095238095238093
H11,33,2026-02-02,8,21,0.38095238095238093
H11,34,2026-02-03,8,21,0.38095238095238093
H11,35,2026-02-04,8,21,0.38095238095238093
H11,36,2026-02-05,0,21,0.0
H11,37,2026-02-06,0,21,0.0
H11,38,2026-02-07,0,21,0.0
H11,39,2026-02-08,0,21,0.0
H11,40,2026-02-09,0,21,0.0
H11,41,2026-02-10,0,21,0.0
H11,42,2026-02-11,0,21,0.0
H11,43,2026-02-12,1,21,0.047619047619047616
H11,44,2026-02-13,24,21,1.1428571428571428
H11,45,2026-02-14,24,21,1.1428571428571428
H11,46,2026-02-15,24,21,1.1428571428571428
H11,47,2026-02-16,24,21,1.1428571428571428
H11,48,2026-02-17,24,21,1.1428571428571428
H11,49,2026-02-18,24,21,1.1428571428571428
H11,50,2026-02-19,25,21,1.1904761904761905
H11,51,2026-02-20,29,21,1.380952380952381
H11,52,2026-02-21,29,21,1.380952380952381
H11,53,2026-02-22,29,21,1.380952380952381
H11,54,2026-02-23,29,21,1.380952380952381
H11,55,2026-02-24,29,21,1.380952380952381
H11,56,2026-02-25,0,21,0.0
H11,57,2026-02-26,0,21,0.0
H11,58,2026-02-27,0,21,0.0
H11,59,2026-02-28,0,21,0.0
H11,60,2026-03-01,0,21,0.0
H11,61,2026-03-02,0,21,0.0
H11,62,2026-03-03,0,21,0.0
H11,63,2026-03-04,0,21,0.0
H11,64,2026-03-05,0,21,0.0
H11,65,2026-03-06,2,21,0.09523809523809523
H11,66,2026-03-07,2,21,0.09523809523809523
H11,67,2026-03-08,2,21,0.09523809523809523
H11,68,2026-03-09,21,21,1.0
H11,69,2026-03-10,21,21,1.0
H11,70,2026-03-11,21,21,1.0
H11,71,2026-03-12,21,21,1.0
H11,72,2026-03-13,21,21,1.0
H11,73,2026-03-14,21,21,1.0
H11,74,2026-03-15,21,21,1.0
H11,75,2026-03-16,21,21,1.0
H11,76,2026-03-17,21,21,1.0
H11,77,2026-03-18,21,21,1.0
H11,78,2026-03-19,21,21,1.0
H11,79,2026-03-20,21,21,1.0
H11,80,2026-03-21,21,21,1.0
H11,81,2026-03-22,21,21,1.0
H11,82,2026-03-23,21,21,1.0
H11,83,2026-03-24,0,21,0.0
H11,84,2026-03-25,0,21,0.0
H11,85,2026-03-26,15,21,0.7142857142857143
H11,86,2026-03-27,17,21,0.8095238095238095
H11,87,2026-03-28,17,21,0.8095238095238095
H11,88,2026-03-29,17,21,0.8095238095238095
H11,89,2026-03-30,17,21,0.8095238095238095
H11,90,2026-03-31,17,21,0.8095238095238095
H11,91,2026-04-01,17,21,0.8095238095238095
H11,92,2026-04-02,17,21,0.8095238095238095
H11,93,2026-04-03,17,21,0.8095238095238095
H11,94,2026-04-04,17,21,0.8095238095238095
H11,95,2026-04-05,17,21,0.8095238095238095
H11,96,2026-04-06,17,21,0.8095238095238095
H11,97,2026-04-07,17,21,0.8095238095238095
H11,98,2026-04-08,0,21,0.0
H11,99,2026-04-09,13,21,0.6190476190476191
H11,100,2026-04-10,13,21,0.6190476190476191
H11,101,2026-04-11,13,21,0.6190476190476191
H11,102,2026-04-12,13,21,0.6190476190476191
H11,103,2026-04-13,0,21,0.0
H11,104,2026-04-14,0,21,0.0
H11,105,2026-04-15,11,21,0.5238095238095238
H11,106,2026-04-16,4,21,0.19047619047619047
H11,107,2026-04-17,4,21,0.19047619047619047
H11,108,2026-04-18,4,21,0.19047619047619047
H11,109,2026-04-19,4,21,0.19047619047619047
H11,110,2026-04-20,8,21,0.38095238095238093
H11,111,2026-04-21,4,21,0.19047619047619047
H11,112,2026-04-22,0,21,0.0
H11,113,2026-04-23,0,21,0.0
H11,114,2026-04-24,0,21,0.0
H11,115,2026-04-25,0,21,0.0
H11,116,2026-04-26,0,21,0.0
H11,117,2026-04-27,0,21,0.0
H11,118,2026-04-28,1,21,0.047619047619047616
H11,119,2026-04-29,11,21,0.5238095238095238
H11,120,2026-04-30,14,21,0.6666666666666666
H11,121,2026-05-01,14,21,0.6666666666666666
H11,122,2026-05-02,14,21,0.6666666666666666
H11,123,2026-05-03,14,21,0.6666666666666666
H11,124,2026-05-04,14,21,0.6666666666666666
H11,125,2026-05-05,14,21,0.6666666666666666
H11,126,2026-05-06,1,21,0.047619047619047616
H11,127,2026-05-07,1,21,0.047619047619047616
H11,128,2026-05-08,1,21,0.047619047619047616
H11,129,2026-05-09,1,21,0.047619047619047616
H11,130,2026-05-10,1,21,0.047619047619047616
H11,131,2026-05-11,1,21,0.047619047619047616
H11,132,2026-05-12,1,21,0.047619047619047616
H11,133,2026-05-13,1,21,0.047619047619047616
H11,134,2026-05-14,1,21,0.047619047619047616
H11,135,2026-05-15,0,21,0.0
H11,136,2026-05-16,0,21,0.0
H11,137,2026-05-17,0,21,0.0
H11,138,2026-05-18,0,21,0.0
H11,139,2026-05-19,0,21,0.0
H11,140,2026-05-20,0,21,0.0
H11,141,2026-05-21,1,21,0.047619047619047616
H11,142,2026-05-22,16,21,0.7619047619047619
H11,143,2026-05-23,16,21,0.7619047619047619
H11,144,2026-05-24,16,21,0.7619047619047619
H11,145,2026-05-25,16,21,0.7619047619047619
H11,146,2026-05-26,16,21,0.7619047619047619
H11,147,2026-05-27,0,21,0.0
H11,148,2026-05-28,0,21,0.0
H11,149,2026-05-29,4,21,0.19047619047619047
H11,150,2026-05-30,15,21,0.7142857142857143
H11,151,2026-05-31,15,21,0.7142857142857143
H11,152,2026-06-01,17,21,0.8095238095238095
H11,153,2026-06-02,17,21,0.8095238095238095
H11,154,2026-06-03,17,21,0.8095238095238095
H11,155,2026-06-04,17,21,0.8095238095238095
H11,156,2026-06-05,17,21,0.8095238095238095
H11,157,2026-06-06,17,21,0.8095238095238095
H11,158,2026-06-07,17,21,0.8095238095238095
H11,159,2026-06-08,17,21,0.8095238095238095
H11,160,2026-06-09,17,21,0.8095238095238095
H11,161,2026-06-10,0,21,0.0
H11,162,2026-06-11,0,21,0.0
H11,163,2026-06-12,0,21,0.0
H11,164,2026-06-13,0,21,0.0
H11,165,2026-06-14,0,21,0.0
H12,5,2026-01-05,0,15,0.0
H12,6,2026-01-06,0,15,0.0
H12,7,2026-01-07,0,15,0.0
H12,8,2026-01-08,0,15,0.0
H12,9,2026-01-09,0,15,0.0
H12,10,2026-01-10,0,15,0.0
H12,11,2026-01-11,0,15,0.0
H12,12,2026-01-12,0,15,0.0
H12,13,2026-01-13,0,15,0.0
H12,14,2026-01-14,0,15,0.0
H12,15,2026-01-15,0,15,0.0
H12,16,2026-01-16,0,15,0.0
H12,17,2026-01-17,0,15,0.0
H12,18,2026-01-18,0,15,0.0
H12,19,2026-01-19,0,15,0.0
H12,20,2026-01-20,0,15,0.0
H12,21,2026-01-21,0,15,0.0
H12,22,2026-01-22,0,15,0.0
H12,23,2026-01-23,0,15,0.0
H12,24,2026-01-24,0,15,0.0
H12,25,2026-01-25,0,15,0.0
H12,26,2026-01-26,0,15,0.0
H12,27,2026-01-27,13,15,0.8666666666666667
H12,28,2026-01-28,22,15,1.4666666666666666
H12,29,2026-01-29,22,15,1.4666666666666666
H12,30,2026-01-30,22,15,1.4666666666666666
H12,31,2026-01-31,22,15,1.4666666666666666
H12,32,2026-02-01,22,15,1.4666666666666666
H12,33,2026-02-02,22,15,1.4666666666666666
H12,34,2026-02-03,22,15,1.4666666666666666
H12,35,2026-02-04,22,15,1.4666666666666666
H12,36,2026-02-05,22,15,1.4666666666666666
H12,37,2026-02-06,22,15,1.4666666666666666
H12,38,2026-02-07,22,15,1.4666666666666666
H12,39,2026-02-08,22,15,1.4666666666666666
H12,40,2026-02-09,0,15,0.0
H12,41,2026-02-10,0,15,0.0
H12,42,2026-02-11,0,15,0.0
H12,43,2026-02-12,0,15,0.0
H12,44,2026-02-13,0,15,0.0
H12,45,2026-02-14,0,15,0.0
H12,46,2026-02-15,0,15,0.0
H12,47,2026-02-16,0,15,0.0
H12,48,2026-02-17,0,15,0.0
H12,49,2026-02-18,0,15,0.0
H12,50,2026-02-19,0,15,0.0
H12,51,2026-02-20,0,15,0.0
H12,52,2026-02-21,0,15,0.0
H12,53,2026-02-22,0,15,0.0
H12,54,2026-02-23,0,15,0.0
H12,55,2026-02-24,0,15,0.0
H12,56,2026-02-25,0,15,0.0
H12,57,2026-02-26,0,15,0.0
H12,58,2026-02-27,0,15,0.0
H12,59,2026-02-28,0,15,0.0
H12,60,2026-03-01,0,15,0.0
H12,61,2026-03-02,0,15,0.0
H12,62,2026-03-03,0,15,0.0
H12,63,2026-03-04,0,15,0.0
H12,64,2026-03-05,0,15,0.0
H12,65,2026-03-06,0,15,0.0
H12,66,2026-03-07,0,15,0.0
H12,67,2026-03-08,0,15,0.0
H12,68,2026-03-09,0,15,0.0
H12,69,2026-03-10,0,15,0.0
H12,70,2026-03-11,0,15,0.0
H12,71,2026-03-12,0,15,0.0
H12,72,2026-03-13,0,15,0.0
H12,73,2026-03-14,0,15,0.0
H12,74,2026-03-15,0,15,0.0
H12,75,2026-03-16,0,15,0.0
H12,76,2026-03-17,0,15,0.0
H12,77,2026-03-18,0,15,0.0
H12,78,2026-03-19,0,15,0.0
H12,79,2026-03-20,0,15,0.0
H12,80,2026-03-21,0,15,0.0
H12,81,2026-03-22,0,15,0.0
H12,82,2026-03-23,0,15,0.0
H12,83,2026-03-24,0,15,0.0
H12,84,2026-03-25,0,15,0.0
H12,85,2026-03-26,0,15,0.0
H12,86,2026-03-27,0,15,0.0
H12,87,2026-03-28,0,15,0.0
H12,88,2026-03-29,0,15,0.0
H12,89,2026-03-30,3,15,0.2
H12,90,2026-03-31,12,15,0.8
H12,91,2026-04-01,12,15,0.8
H12,92,2026-04-02,12,15,0.8
H12,93,2026-04-03,12,15,0.8
H12,94,2026-04-04,12,15,0.8
H12,95,2026-04-05,12,15,0.8
H12,96,2026-04-06,12,15,0.8
H12,97,2026-04-07,12,15,0.8
H12,98,2026-04-08,0,15,0.0
H12,99,2026-04-09,0,15,0.0
H12,100,2026-04-10,3,15,0.2
H12,101,2026-04-11,7,15,0.4666666666666667
H12,102,2026-04-12,7,15,0.4666666666666667
H12,103,2026-04-13,6,15,0.4
H12,104,2026-04-14,0,15,0.0
H12,105,2026-04-15,0,15,0.0
H12,106,2026-04-16,0,15,0.0
H12,107,2026-04-17,0,15,0.0
H12,108,2026-04-18,0,15,0.0
H12,109,2026-04-19,0,15,0.0
H12,110,2026-04-20,0,15,0.0
H12,111,2026-04-21,0,15,0.0
H12,112,2026-04-22,0,15,0.0
H12,113,2026-04-23,0,15,0.0
H12,114,2026-04-24,0,15,0.0
H12,115,2026-04-25,0,15,0.0
H12,116,2026-04-26,0,15,0.0
H12,117,2026-04-27,0,15,0.0
H12,118,2026-04-28,0,15,0.0
H12,119,2026-04-29,0,15,0.0
H12,120,2026-04-30,0,15,0.0
H12,121,2026-05-01,0,15,0.0
H12,122,2026-05-02,0,15,0.0
H12,123,2026-05-03,0,15,0.0
H12,124,2026-05-04,5,15,0.3333333333333333
H12,125,2026-05-05,11,15,0.7333333333333333
H12,126,2026-05-06,11,15,0.7333333333333333
H12,127,2026-05-07,16,15,1.0666666666666667
H12,128,2026-05-08,11,15,0.7333333333333333
H12,129,2026-05-09,11,15,0.7333333333333333
H12,130,2026-05-10,11,15,0.7333333333333333
H12,131,2026-05-11,11,15,0.7333333333333333
H12,132,2026-05-12,11,15,0.7333333333333333
H12,133,2026-05-13,11,15,0.7333333333333333
H12,134,2026-05-14,0,15,0.0
H12,135,2026-05-15,0,15,0.0
H12,136,2026-05-16,0,15,0.0
H12,137,2026-05-17,0,15,0.0
H12,138,2026-05-18,0,15,0.0
H12,139,2026-05-19,0,15,0.0
H12,140,2026-05-20,0,15,0.0
H12,141,2026-05-21,0,15,0.0
H12,142,2026-05-22,0,15,0.0
H12,143,2026-05-23,0,15,0.0
H12,144,2026-05-24,0,15,0.0
H12,145,2026-05-25,0,15,0.0
H12,146,2026-05-26,14,15,0.9333333333333333
H12,147,2026-05-27,14,15,0.9333333333333333
H12,148,2026-05-28,14,15,0.9333333333333333
H12,149,2026-05-29,14,15,0.9333333333333333
H12,150,2026-05-30,14,15,0.9333333333333333
H12,151,2026-05-31,14,15,0.9333333333333333
H12,152,2026-06-01,14,15,0.9333333333333333
H12,153,2026-06-02,14,15,0.9333333333333333
H12,154,2026-06-03,0,15,0.0
H12,155,2026-06-04,0,15,0.0
H12,156,2026-06-05,0,15,0.0
H12,157,2026-06-06,0,15,0.0
H12,158,2026-06-07,0,15,0.0
H12,159,2026-06-08,4,15,0.26666666666666666
H12,160,2026-06-09,4,15,0.26666666666666666
H12,161,2026-06-10,0,15,0.0
H12,162,2026-06-11,0,15,0.0
H12,163,2026-06-12,0,15,0.0
H12,164,2026-06-13,0,15,0.0
H12,165,2026-06-14,0,15,0.0
H13,5,2026-01-05,0,15,0.0
H13,6,2026-01-06,0,15,0.0
H13,7,2026-01-07,0,15,0.0
H13,8,2026-01-08,0,15,0.0
H13,9,2026-01-09,0,15,0.0
H13,10,2026-01-10,0,15,0.0
H13,11,2026-01-11,0,15,0.0
H13,12,2026-01-12,0,15,0.0
H13,13,2026-01-13,0,15,0.0
H13,14,2026-01-14,0,15,0.0
H13,15,2026-01-15,0,15,0.0
H13,16,2026-01-16,0,15,0.0
H13,17,2026-01-17,0,15,0.0
H13,18,2026-01-18,0,15,0.0
H13,19,2026-01-19,0,15,0.0
H13,20,2026-01-20,0,15,0.0
H13,21,2026-01-21,0,15,0.0
H13,22,2026-01-22,0,15,0.0
H13,23,2026-01-23,0,15,0.0
H13,24,2026-01-24,0,15,0.0
H13,25,2026-01-25,0,15,0.0
H13,26,2026-01-26,0,15,0.0
H13,27,2026-01-27,0,15,0.0
H13,28,2026-01-28,14,15,0.9333333333333333
H13,29,2026-01-29,14,15,0.9333333333333333
H13,30,2026-01-30,14,15,0.9333333333333333
H13,31,2026-01-31,14,15,0.9333333333333333
H13,32,2026-02-01,14,15,0.9333333333333333
H13,33,2026-02-02,14,15,0.9333333333333333
H13,34,2026-02-03,14,15,0.9333333333333333
H13,35,2026-02-04,14,15,0.9333333333333333
H13,36,2026-02-05,14,15,0.9333333333333333
H13,37,2026-02-06,14,15,0.9333333333333333
H13,38,2026-02-07,14,15,0.9333333333333333
H13,39,2026-02-08,14,15,0.9333333333333333
H13,40,2026-02-09,4,15,0.26666666666666666
H13,41,2026-02-10,4,15,0.26666666666666666
H13,42,2026-02-11,0,15,0.0
H13,43,2026-02-12,0,15,0.0
H13,44,2026-02-13,0,15,0.0
H13,45,2026-02-14,0,15,0.0
H13,46,2026-02-15,0,15,0.0
H13,47,2026-02-16,0,15,0.0
H13,48,2026-02-17,0,15,0.0
H13,49,2026-02-18,0,15,0.0
H13,50,2026-02-19,0,15,0.0
H13,51,2026-02-20,0,15,0.0
H13,52,2026-02-21,0,15,0.0
H13,53,2026-02-22,0,15,0.0
H13,54,2026-02-23,0,15,0.0
H13,55,2026-02-24,0,15,0.0
H13,56,2026-02-25,0,15,0.0
H13,57,2026-02-26,0,15,0.0
H13,58,2026-02-27,0,15,0.0
H13,59,2026-02-28,0,15,0.0
H13,60,2026-03-01,0,15,0.0
H13,61,2026-03-02,0,15,0.0
H13,62,2026-03-03,0,15,0.0
H13,63,2026-03-04,0,15,0.0
H13,64,2026-03-05,0,15,0.0
H13,65,2026-03-06,0,15,0.0
H13,66,2026-03-07,0,15,0.0
H13,67,2026-03-08,0,15,0.0
H13,68,2026-03-09,0,15,0.0
H13,69,2026-03-10,0,15,0.0
H13,70,2026-03-11,11,15,0.7333333333333333
H13,71,2026-03-12,11,15,0.7333333333333333
H13,72,2026-03-13,11,15,0.7333333333333333
H13,73,2026-03-14,11,15,0.7333333333333333
H13,74,2026-03-15,11,15,0.7333333333333333
H13,75,2026-03-16,6,15,0.4
H13,76,2026-03-17,0,15,0.0
H13,77,2026-03-18,0,15,0.0
H13,78,2026-03-19,0,15,0.0
H13,79,2026-03-20,0,15,0.0
H13,80,2026-03-21,0,15,0.0
H13,81,2026-03-22,0,15,0.0
H13,82,2026-03-23,0,15,0.0
H13,83,2026-03-24,0,15,0.0
H13,84,2026-03-25,0,15,0.0
H13,85,2026-03-26,0,15,0.0
H13,86,2026-03-27,0,15,0.0
H13,87,2026-03-28,0,15,0.0
H13,88,2026-03-29,0,15,0.0
H13,89,2026-03-30,0,15,0.0
H13,90,2026-03-31,0,15,0.0
H13,91,2026-04-01,0,15,0.0
H13,92,2026-04-02,0,15,0.0
H13,93,2026-04-03,0,15,0.0
H13,94,2026-04-04,0,15,0.0
H13,95,2026-04-05,0,15,0.0
H13,96,2026-04-06,0,15,0.0
H13,97,2026-04-07,0,15,0.0
H13,98,2026-04-08,0,15,0.0
H13,99,2026-04-09,0,15,0.0
H13,100,2026-04-10,0,15,0.0
H13,101,2026-04-11,0,15,0.0
H13,102,2026-04-12,0,15,0.0
H13,103,2026-04-13,0,15,0.0
H13,104,2026-04-14,0,15,0.0
H13,105,2026-04-15,0,15,0.0
H13,106,2026-04-16,0,15,0.0
H13,107,2026-04-17,0,15,0.0
H13,108,2026-04-18,0,15,0.0
H13,109,2026-04-19,0,15,0.0
H13,110,2026-04-20,0,15,0.0
H13,111,2026-04-21,0,15,0.0
H13,112,2026-04-22,0,15,0.0
H13,113,2026-04-23,0,15,0.0
H13,114,2026-04-24,0,15,0.0
H13,115,2026-04-25,0,15,0.0
H13,116,2026-04-26,0,15,0.0
H13,117,2026-04-27,0,15,0.0
H13,118,2026-04-28,0,15,0.0
H13,119,2026-04-29,0,15,0.0
H13,120,2026-04-30,0,15,0.0
H13,121,2026-05-01,0,15,0.0
H13,122,2026-05-02,0,15,0.0
H13,123,2026-05-03,0,15,0.0
H13,124,2026-05-04,0,15,0.0
H13,125,2026-05-05,5,15,0.3333333333333333
H13,126,2026-05-06,9,15,0.6
H13,127,2026-05-07,9,15,0.6
H13,128,2026-05-08,9,15,0.6
H13,129,2026-05-09,9,15,0.6
H13,130,2026-05-10,9,15,0.6
H13,131,2026-05-11,9,15,0.6
H13,132,2026-05-12,9,15,0.6
H13,133,2026-05-13,6,15,0.4
H13,134,2026-05-14,0,15,0.0
H13,135,2026-05-15,0,15,0.0
H13,136,2026-05-16,0,15,0.0
H13,137,2026-05-17,0,15,0.0
H13,138,2026-05-18,0,15,0.0
H13,139,2026-05-19,0,15,0.0
H13,140,2026-05-20,0,15,0.0
H13,141,2026-05-21,0,15,0.0
H13,142,2026-05-22,0,15,0.0
H13,143,2026-05-23,0,15,0.0
H13,144,2026-05-24,0,15,0.0
H13,145,2026-05-25,0,15,0.0
H13,146,2026-05-26,0,15,0.0
H13,147,2026-05-27,0,15,0.0
H13,148,2026-05-28,0,15,0.0
H13,149,2026-05-29,0,15,0.0
H13,150,2026-05-30,0,15,0.0
H13,151,2026-05-31,0,15,0.0
H13,152,2026-06-01,0,15,0.0
H13,153,2026-06-02,0,15,0.0
H13,154,2026-06-03,0,15,0.0
H13,155,2026-06-04,0,15,0.0
H13,156,2026-06-05,0,15,0.0
H13,157,2026-06-06,0,15,0.0
H13,158,2026-06-07,0,15,0.0
H13,159,2026-06-08,0,15,0.0
H13,160,2026-06-09,0,15,0.0
H13,161,2026-06-10,0,15,0.0
H13,162,2026-06-11,0,15,0.0
H13,163,2026-06-12,0,15,0.0
H13,164,2026-06-13,0,15,0.0
H13,165,2026-06-14,0,15,0.0
H14,5,2026-01-05,0,15,0.0
H14,6,2026-01-06,0,15,0.0
H14,7,2026-01-07,0,15,0.0
H14,8,2026-01-08,0,15,0.0
H14,9,2026-01-09,0,15,0.0
H14,10,2026-01-10,0,15,0.0
H14,11,2026-01-11,0,15,0.0
H14,12,2026-01-12,0,15,0.0
H14,13,2026-01-13,0,15,0.0
H14,14,2026-01-14,0,15,0.0
H14,15,2026-01-15,0,15,0.0
H14,16,2026-01-16,0,15,0.0
H14,17,2026-01-17,0,15,0.0
H14,18,2026-01-18,0,15,0.0
H14,19,2026-01-19,0,15,0.0
H14,20,2026-01-20,0,15,0.0
H14,21,2026-01-21,0,15,0.0
H14,22,2026-01-22,0,15,0.0
H14,23,2026-01-23,0,15,0.0
H14,24,2026-01-24,0,15,0.0
H14,25,2026-01-25,0,15,0.0
H14,26,2026-01-26,0,15,0.0
H14,27,2026-01-27,3,15,0.2
H14,28,2026-01-28,4,15,0.26666666666666666
H14,29,2026-01-29,4,15,0.26666666666666666
H14,30,2026-01-30,4,15,0.26666666666666666
H14,31,2026-01-31,4,15,0.26666666666666666
H14,32,2026-02-01,4,15,0.26666666666666666
H14,33,2026-02-02,4,15,0.26666666666666666
H14,34,2026-02-03,4,15,0.26666666666666666
H14,35,2026-02-04,4,15,0.26666666666666666
H14,36,2026-02-05,4,15,0.26666666666666666
H14,37,2026-02-06,4,15,0.26666666666666666
H14,38,2026-02-07,4,15,0.26666666666666666
H14,39,2026-02-08,4,15,0.26666666666666666
H14,40,2026-02-09,0,15,0.0
H14,41,2026-02-10,0,15,0.0
H14,42,2026-02-11,0,15,0.0
H14,43,2026-02-12,0,15,0.0
H14,44,2026-02-13,0,15,0.0
H14,45,2026-02-14,0,15,0.0
H14,46,2026-02-15,0,15,0.0
H14,47,2026-02-16,0,15,0.0
H14,48,2026-02-17,0,15,0.0
H14,49,2026-02-18,0,15,0.0
H14,50,2026-02-19,0,15,0.0
H14,51,2026-02-20,0,15,0.0
H14,52,2026-02-21,0,15,0.0
H14,53,2026-02-22,0,15,0.0
H14,54,2026-02-23,0,15,0.0
H14,55,2026-02-24,3,15,0.2
H14,56,2026-02-25,3,15,0.2
H14,57,2026-02-26,3,15,0.2
H14,58,2026-02-27,3,15,0.2
H14,59,2026-02-28,3,15,0.2
H14,60,2026-03-01,3,15,0.2
H14,61,2026-03-02,1,15,0.06666666666666667
H14,62,2026-03-03,1,15,0.06666666666666667
H14,63,2026-03-04,1,15,0.06666666666666667
H14,64,2026-03-05,8,15,0.5333333333333333
H14,65,2026-03-06,8,15,0.5333333333333333
H14,66,2026-03-07,0,15,0.0
H14,67,2026-03-08,0,15,0.0
H14,68,2026-03-09,7,15,0.4666666666666667
H14,69,2026-03-10,7,15,0.4666666666666667
H14,70,2026-03-11,7,15,0.4666666666666667
H14,71,2026-03-12,7,15,0.4666666666666667
H14,72,2026-03-13,7,15,0.4666666666666667
H14,73,2026-03-14,1,15,0.06666666666666667
H14,74,2026-03-15,1,15,0.06666666666666667
H14,75,2026-03-16,1,15,0.06666666666666667
H14,76,2026-03-17,0,15,0.0
H14,77,2026-03-18,0,15,0.0
H14,78,2026-03-19,0,15,0.0
H14,79,2026-03-20,0,15,0.0
H14,80,2026-03-21,0,15,0.0
H14,81,2026-03-22,0,15,0.0
H14,82,2026-03-23,0,15,0.0
H14,83,2026-03-24,5,15,0.3333333333333333
H14,84,2026-03-25,5,15,0.3333333333333333
H14,85,2026-03-26,0,15,0.0
H14,86,2026-03-27,0,15,0.0
H14,87,2026-03-28,0,15,0.0
H14,88,2026-03-29,0,15,0.0
H14,89,2026-03-30,0,15,0.0
H14,90,2026-03-31,0,15,0.0
H14,91,2026-04-01,0,15,0.0
H14,92,2026-04-02,0,15,0.0
H14,93,2026-04-03,0,15,0.0
H14,94,2026-04-04,0,15,0.0
H14,95,2026-04-05,0,15,0.0
H14,96,2026-04-06,0,15,0.0
H14,97,2026-04-07,0,15,0.0
H14,98,2026-04-08,0,15,0.0
H14,99,2026-04-09,0,15,0.0
H14,100,2026-04-10,0,15,0.0
H14,101,2026-04-11,0,15,0.0
H14,102,2026-04-12,0,15,0.0
H14,103,2026-04-13,0,15,0.0
H14,104,2026-04-14,0,15,0.0
H14,105,2026-04-15,1,15,0.06666666666666667
H14,106,2026-04-16,0,15,0.0
H14,107,2026-04-17,0,15,0.0
H14,108,2026-04-18,0,15,0.0
H14,109,2026-04-19,0,15,0.0
H14,110,2026-04-20,0,15,0.0
H14,111,2026-04-21,8,15,0.5333333333333333
H14,112,2026-04-22,13,15,0.8666666666666667
H14,113,2026-04-23,13,15,0.8666666666666667
H14,114,2026-04-24,13,15,0.8666666666666667
H14,115,2026-04-25,13,15,0.8666666666666667
H14,116,2026-04-26,13,15,0.8666666666666667
H14,117,2026-04-27,14,15,0.9333333333333333
H14,118,2026-04-28,3,15,0.2
H14,119,2026-04-29,3,15,0.2
H14,120,2026-04-30,3,15,0.2
H14,121,2026-05-01,3,15,0.2
H14,122,2026-05-02,3,15,0.2
H14,123,2026-05-03,3,15,0.2
H14,124,2026-05-04,3,15,0.2
H14,125,2026-05-05,3,15,0.2
H14,126,2026-05-06,0,15,0.0
H14,127,2026-05-07,0,15,0.0
H14,128,2026-05-08,0,15,0.0
H14,129,2026-05-09,0,15,0.0
H14,130,2026-05-10,0,15,0.0
H14,131,2026-05-11,0,15,0.0
H14,132,2026-05-12,0,15,0.0
H14,133,2026-05-13,0,15,0.0
H14,134,2026-05-14,0,15,0.0
H14,135,2026-05-15,0,15,0.0
H14,136,2026-05-16,0,15,0.0
H14,137,2026-05-17,0,15,0.0
H14,138,2026-05-18,0,15,0.0
H14,139,2026-05-19,0,15,0.0
H14,140,2026-05-20,0,15,0.0
H14,141,2026-05-21,0,15,0.0
H14,142,2026-05-22,0,15,0.0
H14,143,2026-05-23,0,15,0.0
H14,144,2026-05-24,0,15,0.0
H14,145,2026-05-25,0,15,0.0
H14,146,2026-05-26,0,15,0.0
H14,147,2026-05-27,0,15,0.0
H14,148,2026-05-28,0,15,0.0
H14,149,2026-05-29,0,15,0.0
H14,150,2026-05-30,0,15,0.0
H14,151,2026-05-31,0,15,0.0
H14,152,2026-06-01,0,15,0.0
H14,153,2026-06-02,0,15,0.0
H14,154,2026-06-03,0,15,0.0
H14,155,2026-06-04,0,15,0.0
H14,156,2026-06-05,0,15,0.0
H14,157,2026-06-06,0,15,0.0
H14,158,2026-06-07,0,15,0.0
H14,159,2026-06-08,0,15,0.0
H14,160,2026-06-09,0,15,0.0
H14,161,2026-06-10,0,15,0.0
H14,162,2026-06-11,0,15,0.0
H14,163,2026-06-12,0,15,0.0
H14,164,2026-06-13,0,15,0.0
H14,165,2026-06-14,0,15,0.0
H15,5,2026-01-05,0,15,0.0
H15,6,2026-01-06,0,15,0.0
H15,7,2026-01-07,2,15,0.13333333333333333
H15,8,2026-01-08,2,15,0.13333333333333333
H15,9,2026-01-09,2,15,0.13333333333333333
H15,10,2026-01-10,2,15,0.13333333333333333
H15,11,2026-01-11,2,15,0.13333333333333333
H15,12,2026-01-12,2,15,0.13333333333333333
H15,13,2026-01-13,2,15,0.13333333333333333
H15,14,2026-01-14,3,15,0.2
H15,15,2026-01-15,2,15,0.13333333333333333
H15,16,2026-01-16,2,15,0.13333333333333333
H15,17,2026-01-17,2,15,0.13333333333333333
H15,18,2026-01-18,2,15,0.13333333333333333
H15,19,2026-01-19,6,15,0.4
H15,20,2026-01-20,7,15,0.4666666666666667
H15,21,2026-01-21,7,15,0.4666666666666667
H15,22,2026-01-22,6,15,0.4
H15,23,2026-01-23,6,15,0.4
H15,24,2026-01-24,6,15,0.4
H15,25,2026-01-25,6,15,0.4
H15,26,2026-01-26,6,15,0.4
H15,27,2026-01-27,6,15,0.4
H15,28,2026-01-28,10,15,0.6666666666666666
H15,29,2026-01-29,10,15,0.6666666666666666
H15,30,2026-01-30,10,15,0.6666666666666666
H15,31,2026-01-31,10,15,0.6666666666666666
H15,32,2026-02-01,10,15,0.6666666666666666
H15,33,2026-02-02,12,15,0.8
H15,34,2026-02-03,20,15,1.3333333333333333
H15,35,2026-02-04,19,15,1.2666666666666666
H15,36,2026-02-05,17,15,1.1333333333333333
H15,37,2026-02-06,16,15,1.0666666666666667
H15,38,2026-02-07,16,15,1.0666666666666667
H15,39,2026-02-08,16,15,1.0666666666666667
H15,40,2026-02-09,16,15,1.0666666666666667
H15,41,2026-02-10,7,15,0.4666666666666667
H15,42,2026-02-11,7,15,0.4666666666666667
H15,43,2026-02-12,7,15,0.4666666666666667
H15,44,2026-02-13,7,15,0.4666666666666667
H15,45,2026-02-14,7,15,0.4666666666666667
H15,46,2026-02-15,7,15,0.4666666666666667
H15,47,2026-02-16,7,15,0.4666666666666667
H15,48,2026-02-17,7,15,0.4666666666666667
H15,49,2026-02-18,7,15,0.4666666666666667
H15,50,2026-02-19,7,15,0.4666666666666667
H15,51,2026-02-20,7,15,0.4666666666666667
H15,52,2026-02-21,7,15,0.4666666666666667
H15,53,2026-02-22,7,15,0.4666666666666667
H15,54,2026-02-23,7,15,0.4666666666666667
H15,55,2026-02-24,14,15,0.9333333333333333
H15,56,2026-02-25,28,15,1.8666666666666667
H15,57,2026-02-26,11,15,0.7333333333333333
H15,58,2026-02-27,11,15,0.7333333333333333
H15,59,2026-02-28,11,15,0.7333333333333333
H15,60,2026-03-01,11,15,0.7333333333333333
H15,61,2026-03-02,11,15,0.7333333333333333
H15,62,2026-03-03,19,15,1.2666666666666666
H15,63,2026-03-04,34,15,2.2666666666666666
H15,64,2026-03-05,38,15,2.533333333333333
H15,65,2026-03-06,51,15,3.4
H15,66,2026-03-07,41,15,2.7333333333333334
H15,67,2026-03-08,41,15,2.7333333333333334
H15,68,2026-03-09,37,15,2.466666666666667
H15,69,2026-03-10,51,15,3.4
H15,70,2026-03-11,55,15,3.6666666666666665
H15,71,2026-03-12,53,15,3.533333333333333
H15,72,2026-03-13,53,15,3.533333333333333
H15,73,2026-03-14,52,15,3.466666666666667
H15,74,2026-03-15,52,15,3.466666666666667
H15,75,2026-03-16,42,15,2.8
H15,76,2026-03-17,44,15,2.933333333333333
H15,77,2026-03-18,52,15,3.466666666666667
H15,78,2026-03-19,32,15,2.1333333333333333
H15,79,2026-03-20,29,15,1.9333333333333333
H15,80,2026-03-21,23,15,1.5333333333333334
H15,81,2026-03-22,23,15,1.5333333333333334
H15,82,2026-03-23,12,15,0.8
H15,83,2026-03-24,12,15,0.8
H15,84,2026-03-25,12,15,0.8
H15,85,2026-03-26,12,15,0.8
H15,86,2026-03-27,12,15,0.8
H15,87,2026-03-28,11,15,0.7333333333333333
H15,88,2026-03-29,11,15,0.7333333333333333
H15,89,2026-03-30,20,15,1.3333333333333333
H15,90,2026-03-31,29,15,1.9333333333333333
H15,91,2026-04-01,27,15,1.8
H15,92,2026-04-02,14,15,0.9333333333333333
H15,93,2026-04-03,14,15,0.9333333333333333
H15,94,2026-04-04,14,15,0.9333333333333333
H15,95,2026-04-05,14,15,0.9333333333333333
H15,96,2026-04-06,11,15,0.7333333333333333
H15,97,2026-04-07,20,15,1.3333333333333333
H15,98,2026-04-08,7,15,0.4666666666666667
H15,99,2026-04-09,3,15,0.2
H15,100,2026-04-10,1,15,0.06666666666666667
H15,101,2026-04-11,1,15,0.06666666666666667
H15,102,2026-04-12,1,15,0.06666666666666667
H15,103,2026-04-13,12,15,0.8
H15,104,2026-04-14,14,15,0.9333333333333333
H15,105,2026-04-15,24,15,1.6
H15,106,2026-04-16,22,15,1.4666666666666666
H15,107,2026-04-17,31,15,2.066666666666667
H15,108,2026-04-18,21,15,1.4
H15,109,2026-04-19,21,15,1.4
H15,110,2026-04-20,12,15,0.8
H15,111,2026-04-21,4,15,0.26666666666666666
H15,112,2026-04-22,0,15,0.0
H15,113,2026-04-23,0,15,0.0
H15,114,2026-04-24,0,15,0.0
H15,115,2026-04-25,0,15,0.0
H15,116,2026-04-26,0,15,0.0
H15,117,2026-04-27,0,15,0.0
H15,118,2026-04-28,0,15,0.0
H15,119,2026-04-29,0,15,0.0
H15,120,2026-04-30,0,15,0.0
H15,121,2026-05-01,0,15,0.0
H15,122,2026-05-02,0,15,0.0
H15,123,2026-05-03,0,15,0.0
H15,124,2026-05-04,0,15,0.0
H15,125,2026-05-05,0,15,0.0
H15,126,2026-05-06,0,15,0.0
H15,127,2026-05-07,0,15,0.0
H15,128,2026-05-08,0,15,0.0
H15,129,2026-05-09,0,15,0.0
H15,130,2026-05-10,0,15,0.0
H15,131,2026-05-11,0,15,0.0
H15,132,2026-05-12,0,15,0.0
H15,133,2026-05-13,0,15,0.0
H15,134,2026-05-14,0,15,0.0
H15,135,2026-05-15,0,15,0.0
H15,136,2026-05-16,0,15,0.0
H15,137,2026-05-17,0,15,0.0
H15,138,2026-05-18,0,15,0.0
H15,139,2026-05-19,0,15,0.0
H15,140,2026-05-20,0,15,0.0
H15,141,2026-05-21,0,15,0.0
H15,142,2026-05-22,0,15,0.0
H15,143,2026-05-23,0,15,0.0
H15,144,2026-05-24,0,15,0.0
H15,145,2026-05-25,0,15,0.0
H15,146,2026-05-26,0,15,0.0
H15,147,2026-05-27,0,15,0.0
H15,148,2026-05-28,0,15,0.0
H15,149,2026-05-29,0,15,0.0
H15,150,2026-05-30,0,15,0.0
H15,151,2026-05-31,0,15,0.0
H15,152,2026-06-01,0,15,0.0
H15,153,2026-06-02,0,15,0.0
H15,154,2026-06-03,0,15,0.0
H15,155,2026-06-04,0,15,0.0
H15,156,2026-06-05,0,15,0.0
H15,157,2026-06-06,0,15,0.0
H15,158,2026-06-07,0,15,0.0
H15,159,2026-06-08,0,15,0.0
H15,160,2026-06-09,0,15,0.0
H15,161,2026-06-10,0,15,0.0
H15,162,2026-06-11,0,15,0.0
H15,163,2026-06-12,0,15,0.0
H15,164,2026-06-13,0,15,0.0
H15,165,2026-06-14,0,15,0.0
H16,5,2026-01-05,0,21,0.0
H16,6,2026-01-06,0,21,0.0
H16,7,2026-01-07,0,21,0.0
H16,8,2026-01-08,0,21,0.0
H16,9,2026-01-09,0,21,0.0
H16,10,2026-01-10,0,21,0.0
H16,11,2026-01-11,0,21,0.0
H16,12,2026-01-12,0,21,0.0
H16,13,2026-01-13,0,21,0.0
H16,14,2026-01-14,0,21,0.0
H16,15,2026-01-15,0,21,0.0
H16,16,2026-01-16,0,21,0.0
H16,17,2026-01-17,0,21,0.0
H16,18,2026-01-18,0,21,0.0
H16,19,2026-01-19,1,21,0.047619047619047616
H16,20,2026-01-20,1,21,0.047619047619047616
H16,21,2026-01-21,1,21,0.047619047619047616
H16,22,2026-01-22,0,21,0.0
H16,23,2026-01-23,0,21,0.0
H16,24,2026-01-24,0,21,0.0
H16,25,2026-01-25,0,21,0.0
H16,26,2026-01-26,0,21,0.0
H16,27,2026-01-27,0,21,0.0
H16,28,2026-01-28,0,21,0.0
H16,29,2026-01-29,6,21,0.2857142857142857
H16,30,2026-01-30,25,21,1.1904761904761905
H16,31,2026-01-31,25,21,1.1904761904761905
H16,32,2026-02-01,25,21,1.1904761904761905
H16,33,2026-02-02,24,21,1.1428571428571428
H16,34,2026-02-03,24,21,1.1428571428571428
H16,35,2026-02-04,24,21,1.1428571428571428
H16,36,2026-02-05,24,21,1.1428571428571428
H16,37,2026-02-06,24,21,1.1428571428571428
H16,38,2026-02-07,24,21,1.1428571428571428
H16,39,2026-02-08,24,21,1.1428571428571428
H16,40,2026-02-09,24,21,1.1428571428571428
H16,41,2026-02-10,24,21,1.1428571428571428
H16,42,2026-02-11,24,21,1.1428571428571428
H16,43,2026-02-12,24,21,1.1428571428571428
H16,44,2026-02-13,24,21,1.1428571428571428
H16,45,2026-02-14,24,21,1.1428571428571428
H16,46,2026-02-15,24,21,1.1428571428571428
H16,47,2026-02-16,24,21,1.1428571428571428
H16,48,2026-02-17,24,21,1.1428571428571428
H16,49,2026-02-18,24,21,1.1428571428571428
H16,50,2026-02-19,24,21,1.1428571428571428
H16,51,2026-02-20,24,21,1.1428571428571428
H16,52,2026-02-21,24,21,1.1428571428571428
H16,53,2026-02-22,24,21,1.1428571428571428
H16,54,2026-02-23,24,21,1.1428571428571428
H16,55,2026-02-24,24,21,1.1428571428571428
H16,56,2026-02-25,24,21,1.1428571428571428
H16,57,2026-02-26,24,21,1.1428571428571428
H16,58,2026-02-27,24,21,1.1428571428571428
H16,59,2026-02-28,24,21,1.1428571428571428
H16,60,2026-03-01,24,21,1.1428571428571428
H16,61,2026-03-02,24,21,1.1428571428571428
H16,62,2026-03-03,24,21,1.1428571428571428
H16,63,2026-03-04,0,21,0.0
H16,64,2026-03-05,0,21,0.0
H16,65,2026-03-06,2,21,0.09523809523809523
H16,66,2026-03-07,2,21,0.09523809523809523
H16,67,2026-03-08,2,21,0.09523809523809523
H16,68,2026-03-09,2,21,0.09523809523809523
H16,69,2026-03-10,2,21,0.09523809523809523
H16,70,2026-03-11,2,21,0.09523809523809523
H16,71,2026-03-12,2,21,0.09523809523809523
H16,72,2026-03-13,2,21,0.09523809523809523
H16,73,2026-03-14,2,21,0.09523809523809523
H16,74,2026-03-15,2,21,0.09523809523809523
H16,75,2026-03-16,2,21,0.09523809523809523
H16,76,2026-03-17,1,21,0.047619047619047616
H16,77,2026-03-18,1,21,0.047619047619047616
H16,78,2026-03-19,1,21,0.047619047619047616
H16,79,2026-03-20,13,21,0.6190476190476191
H16,80,2026-03-21,12,21,0.5714285714285714
H16,81,2026-03-22,12,21,0.5714285714285714
H16,82,2026-03-23,11,21,0.5238095238095238
H16,83,2026-03-24,20,21,0.9523809523809523
H16,84,2026-03-25,20,21,0.9523809523809523
H16,85,2026-03-26,20,21,0.9523809523809523
H16,86,2026-03-27,17,21,0.8095238095238095
H16,87,2026-03-28,17,21,0.8095238095238095
H16,88,2026-03-29,17,21,0.8095238095238095
H16,89,2026-03-30,17,21,0.8095238095238095
H16,90,2026-03-31,32,21,1.5238095238095237
H16,91,2026-04-01,32,21,1.5238095238095237
H16,92,2026-04-02,30,21,1.4285714285714286
H16,93,2026-04-03,30,21,1.4285714285714286
H16,94,2026-04-04,30,21,1.4285714285714286
H16,95,2026-04-05,30,21,1.4285714285714286
H16,96,2026-04-06,13,21,0.6190476190476191
H16,97,2026-04-07,13,21,0.6190476190476191
H16,98,2026-04-08,0,21,0.0
H16,99,2026-04-09,0,21,0.0
H16,100,2026-04-10,0,21,0.0
H16,101,2026-04-11,0,21,0.0
H16,102,2026-04-12,0,21,0.0
H16,103,2026-04-13,0,21,0.0
H16,104,2026-04-14,0,21,0.0
H16,105,2026-04-15,0,21,0.0
H16,106,2026-04-16,1,21,0.047619047619047616
H16,107,2026-04-17,9,21,0.42857142857142855
H16,108,2026-04-18,9,21,0.42857142857142855
H16,109,2026-04-19,9,21,0.42857142857142855
H16,110,2026-04-20,8,21,0.38095238095238093
H16,111,2026-04-21,0,21,0.0
H16,112,2026-04-22,0,21,0.0
H16,113,2026-04-23,0,21,0.0
H16,114,2026-04-24,0,21,0.0
H16,115,2026-04-25,0,21,0.0
H16,116,2026-04-26,0,21,0.0
H16,117,2026-04-27,0,21,0.0
H16,118,2026-04-28,0,21,0.0
H16,119,2026-04-29,0,21,0.0
H16,120,2026-04-30,0,21,0.0
H16,121,2026-05-01,0,21,0.0
H16,122,2026-05-02,0,21,0.0
H16,123,2026-05-03,0,21,0.0
H16,124,2026-05-04,0,21,0.0
H16,125,2026-05-05,0,21,0.0
H16,126,2026-05-06,0,21,0.0
H16,127,2026-05-07,0,21,0.0
H16,128,2026-05-08,9,21,0.42857142857142855
H16,129,2026-05-09,8,21,0.38095238095238093
H16,130,2026-05-10,8,21,0.38095238095238093
H16,131,2026-05-11,8,21,0.38095238095238093
H16,132,2026-05-12,8,21,0.38095238095238093
H16,133,2026-05-13,8,21,0.38095238095238093
H16,134,2026-05-14,2,21,0.09523809523809523
H16,135,2026-05-15,2,21,0.09523809523809523
H16,136,2026-05-16,2,21,0.09523809523809523
H16,137,2026-05-17,2,21,0.09523809523809523
H16,138,2026-05-18,2,21,0.09523809523809523
H16,139,2026-05-19,0,21,0.0
H16,140,2026-05-20,0,21,0.0
H16,141,2026-05-21,0,21,0.0
H16,142,2026-05-22,0,21,0.0
H16,143,2026-05-23,0,21,0.0
H16,144,2026-05-24,0,21,0.0
H16,145,2026-05-25,0,21,0.0
H16,146,2026-05-26,0,21,0.0
H16,147,2026-05-27,0,21,0.0
H16,148,2026-05-28,0,21,0.0
H16,149,2026-05-29,0,21,0.0
H16,150,2026-05-30,0,21,0.0
H16,151,2026-05-31,0,21,0.0
H16,152,2026-06-01,0,21,0.0
H16,153,2026-06-02,0,21,0.0
H16,154,2026-06-03,0,21,0.0
H16,155,2026-06-04,0,21,0.0
H16,156,2026-06-05,0,21,0.0
H16,157,2026-06-06,0,21,0.0
H16,158,2026-06-07,0,21,0.0
H16,159,2026-06-08,0,21,0.0
H16,160,2026-06-09,0,21,0.0
H16,161,2026-06-10,0,21,0.0
H16,162,2026-06-11,0,21,0.0
H16,163,2026-06-12,0,21,0.0
H16,164,2026-06-13,0,21,0.0
H16,165,2026-06-14,0,21,0.0
H17,5,2026-01-05,0,21,0.0
H17,6,2026-01-06,0,21,0.0
H17,7,2026-01-07,0,21,0.0
H17,8,2026-01-08,0,21,0.0
H17,9,2026-01-09,0,21,0.0
H17,10,2026-01-10,0,21,0.0
H17,11,2026-01-11,0,21,0.0
H17,12,2026-01-12,0,21,0.0
H17,13,2026-01-13,0,21,0.0
H17,14,2026-01-14,0,21,0.0
H17,15,2026-01-15,0,21,0.0
H17,16,2026-01-16,0,21,0.0
H17,17,2026-01-17,0,21,0.0
H17,18,2026-01-18,0,21,0.0
H17,19,2026-01-19,0,21,0.0
H17,20,2026-01-20,0,21,0.0
H17,21,2026-01-21,0,21,0.0
H17,22,2026-01-22,0,21,0.0
H17,23,2026-01-23,0,21,0.0
H17,24,2026-01-24,0,21,0.0
H17,25,2026-01-25,0,21,0.0
H17,26,2026-01-26,8,21,0.38095238095238093
H17,27,2026-01-27,9,21,0.42857142857142855
H17,28,2026-01-28,0,21,0.0
H17,29,2026-01-29,16,21,0.7619047619047619
H17,30,2026-01-30,16,21,0.7619047619047619
H17,31,2026-01-31,16,21,0.7619047619047619
H17,32,2026-02-01,16,21,0.7619047619047619
H17,33,2026-02-02,16,21,0.7619047619047619
H17,34,2026-02-03,16,21,0.7619047619047619
H17,35,2026-02-04,16,21,0.7619047619047619
H17,36,2026-02-05,16,21,0.7619047619047619
H17,37,2026-02-06,16,21,0.7619047619047619
H17,38,2026-02-07,16,21,0.7619047619047619
H17,39,2026-02-08,16,21,0.7619047619047619
H17,40,2026-02-09,16,21,0.7619047619047619
H17,41,2026-02-10,16,21,0.7619047619047619
H17,42,2026-02-11,0,21,0.0
H17,43,2026-02-12,0,21,0.0
H17,44,2026-02-13,0,21,0.0
H17,45,2026-02-14,0,21,0.0
H17,46,2026-02-15,0,21,0.0
H17,47,2026-02-16,0,21,0.0
H17,48,2026-02-17,0,21,0.0
H17,49,2026-02-18,0,21,0.0
H17,50,2026-02-19,0,21,0.0
H17,51,2026-02-20,0,21,0.0
H17,52,2026-02-21,0,21,0.0
H17,53,2026-02-22,0,21,0.0
H17,54,2026-02-23,0,21,0.0
H17,55,2026-02-24,0,21,0.0
H17,56,2026-02-25,0,21,0.0
H17,57,2026-02-26,0,21,0.0
H17,58,2026-02-27,0,21,0.0
H17,59,2026-02-28,0,21,0.0
H17,60,2026-03-01,0,21,0.0
H17,61,2026-03-02,0,21,0.0
H17,62,2026-03-03,0,21,0.0
H17,63,2026-03-04,0,21,0.0
H17,64,2026-03-05,0,21,0.0
H17,65,2026-03-06,0,21,0.0
H17,66,2026-03-07,0,21,0.0
H17,67,2026-03-08,0,21,0.0
H17,68,2026-03-09,0,21,0.0
H17,69,2026-03-10,0,21,0.0
H17,70,2026-03-11,0,21,0.0
H17,71,2026-03-12,0,21,0.0
H17,72,2026-03-13,0,21,0.0
H17,73,2026-03-14,0,21,0.0
H17,74,2026-03-15,0,21,0.0
H17,75,2026-03-16,0,21,0.0
H17,76,2026-03-17,0,21,0.0
H17,77,2026-03-18,0,21,0.0
H17,78,2026-03-19,0,21,0.0
H17,79,2026-03-20,0,21,0.0
H17,80,2026-03-21,0,21,0.0
H17,81,2026-03-22,0,21,0.0
H17,82,2026-03-23,12,21,0.5714285714285714
H17,83,2026-03-24,12,21,0.5714285714285714
H17,84,2026-03-25,12,21,0.5714285714285714
H17,85,2026-03-26,12,21,0.5714285714285714
H17,86,2026-03-27,10,21,0.47619047619047616
H17,87,2026-03-28,10,21,0.47619047619047616
H17,88,2026-03-29,10,21,0.47619047619047616
H17,89,2026-03-30,10,21,0.47619047619047616
H17,90,2026-03-31,12,21,0.5714285714285714
H17,91,2026-04-01,22,21,1.0476190476190477
H17,92,2026-04-02,22,21,1.0476190476190477
H17,93,2026-04-03,25,21,1.1904761904761905
H17,94,2026-04-04,25,21,1.1904761904761905
H17,95,2026-04-05,25,21,1.1904761904761905
H17,96,2026-04-06,6,21,0.2857142857142857
H17,97,2026-04-07,5,21,0.23809523809523808
H17,98,2026-04-08,5,21,0.23809523809523808
H17,99,2026-04-09,5,21,0.23809523809523808
H17,100,2026-04-10,1,21,0.047619047619047616
H17,101,2026-04-11,0,21,0.0
H17,102,2026-04-12,0,21,0.0
H17,103,2026-04-13,0,21,0.0
H17,104,2026-04-14,0,21,0.0
H17,105,2026-04-15,0,21,0.0
H17,106,2026-04-16,0,21,0.0
H17,107,2026-04-17,0,21,0.0
H17,108,2026-04-18,0,21,0.0
H17,109,2026-04-19,0,21,0.0
H17,110,2026-04-20,0,21,0.0
H17,111,2026-04-21,0,21,0.0
H17,112,2026-04-22,0,21,0.0
H17,113,2026-04-23,0,21,0.0
H17,114,2026-04-24,0,21,0.0
H17,115,2026-04-25,0,21,0.0
H17,116,2026-04-26,0,21,0.0
H17,117,2026-04-27,0,21,0.0
H17,118,2026-04-28,0,21,0.0
H17,119,2026-04-29,0,21,0.0
H17,120,2026-04-30,0,21,0.0
H17,121,2026-05-01,0,21,0.0
H17,122,2026-05-02,0,21,0.0
H17,123,2026-05-03,0,21,0.0
H17,124,2026-05-04,0,21,0.0
H17,125,2026-05-05,0,21,0.0
H17,126,2026-05-06,0,21,0.0
H17,127,2026-05-07,1,21,0.047619047619047616
H17,128,2026-05-08,2,21,0.09523809523809523
H17,129,2026-05-09,2,21,0.09523809523809523
H17,130,2026-05-10,2,21,0.09523809523809523
H17,131,2026-05-11,2,21,0.09523809523809523
H17,132,2026-05-12,2,21,0.09523809523809523
H17,133,2026-05-13,2,21,0.09523809523809523
H17,134,2026-05-14,0,21,0.0
H17,135,2026-05-15,0,21,0.0
H17,136,2026-05-16,0,21,0.0
H17,137,2026-05-17,0,21,0.0
H17,138,2026-05-18,0,21,0.0
H17,139,2026-05-19,0,21,0.0
H17,140,2026-05-20,0,21,0.0
H17,141,2026-05-21,0,21,0.0
H17,142,2026-05-22,0,21,0.0
H17,143,2026-05-23,0,21,0.0
H17,144,2026-05-24,0,21,0.0
H17,145,2026-05-25,0,21,0.0
H17,146,2026-05-26,0,21,0.0
H17,147,2026-05-27,0,21,0.0
H17,148,2026-05-28,0,21,0.0
H17,149,2026-05-29,0,21,0.0
H17,150,2026-05-30,0,21,0.0
H17,151,2026-05-31,0,21,0.0
H17,152,2026-06-01,0,21,0.0
H17,153,2026-06-02,0,21,0.0
H17,154,2026-06-03,0,21,0.0
H17,155,2026-06-04,0,21,0.0
H17,156,2026-06-05,0,21,0.0
H17,157,2026-06-06,0,21,0.0
H17,158,2026-06-07,0,21,0.0
H17,159,2026-06-08,0,21,0.0
H17,160,2026-06-09,0,21,0.0
H17,161,2026-06-10,0,21,0.0
H17,162,2026-06-11,0,21,0.0
H17,163,2026-06-12,0,21,0.0
H17,164,2026-06-13,0,21,0.0
H17,165,2026-06-14,0,21,0.0
H18,5,2026-01-05,0,21,0.0
H18,6,2026-01-06,0,21,0.0
H18,7,2026-01-07,0,21,0.0
H18,8,2026-01-08,0,21,0.0
H18,9,2026-01-09,0,21,0.0
H18,10,2026-01-10,0,21,0.0
H18,11,2026-01-11,0,21,0.0
H18,12,2026-01-12,0,21,0.0
H18,13,2026-01-13,0,21,0.0
H18,14,2026-01-14,0,21,0.0
H18,15,2026-01-15,0,21,0.0
H18,16,2026-01-16,0,21,0.0
H18,17,2026-01-17,0,21,0.0
H18,18,2026-01-18,0,21,0.0
H18,19,2026-01-19,0,21,0.0
H18,20,2026-01-20,0,21,0.0
H18,21,2026-01-21,0,21,0.0
H18,22,2026-01-22,0,21,0.0
H18,23,2026-01-23,0,21,0.0
H18,24,2026-01-24,0,21,0.0
H18,25,2026-01-25,0,21,0.0
H18,26,2026-01-26,0,21,0.0
H18,27,2026-01-27,0,21,0.0
H18,28,2026-01-28,0,21,0.0
H18,29,2026-01-29,0,21,0.0
H18,30,2026-01-30,0,21,0.0
H18,31,2026-01-31,0,21,0.0
H18,32,2026-02-01,0,21,0.0
H18,33,2026-02-02,0,21,0.0
H18,34,2026-02-03,0,21,0.0
H18,35,2026-02-04,0,21,0.0
H18,36,2026-02-05,0,21,0.0
H18,37,2026-02-06,0,21,0.0
H18,38,2026-02-07,0,21,0.0
H18,39,2026-02-08,0,21,0.0
H18,40,2026-02-09,0,21,0.0
H18,41,2026-02-10,0,21,0.0
H18,42,2026-02-11,0,21,0.0
H18,43,2026-02-12,0,21,0.0
H18,44,2026-02-13,0,21,0.0
H18,45,2026-02-14,0,21,0.0
H18,46,2026-02-15,0,21,0.0
H18,47,2026-02-16,0,21,0.0
H18,48,2026-02-17,0,21,0.0
H18,49,2026-02-18,0,21,0.0
H18,50,2026-02-19,0,21,0.0
H18,51,2026-02-20,0,21,0.0
H18,52,2026-02-21,0,21,0.0
H18,53,2026-02-22,0,21,0.0
H18,54,2026-02-23,0,21,0.0
H18,55,2026-02-24,0,21,0.0
H18,56,2026-02-25,0,21,0.0
H18,57,2026-02-26,0,21,0.0
H18,58,2026-02-27,0,21,0.0
H18,59,2026-02-28,0,21,0.0
H18,60,2026-03-01,0,21,0.0
H18,61,2026-03-02,0,21,0.0
H18,62,2026-03-03,0,21,0.0
H18,63,2026-03-04,0,21,0.0
H18,64,2026-03-05,0,21,0.0
H18,65,2026-03-06,0,21,0.0
H18,66,2026-03-07,0,21,0.0
H18,67,2026-03-08,0,21,0.0
H18,68,2026-03-09,0,21,0.0
H18,69,2026-03-10,0,21,0.0
H18,70,2026-03-11,0,21,0.0
H18,71,2026-03-12,0,21,0.0
H18,72,2026-03-13,0,21,0.0
H18,73,2026-03-14,0,21,0.0
H18,74,2026-03-15,0,21,0.0
H18,75,2026-03-16,0,21,0.0
H18,76,2026-03-17,0,21,0.0
H18,77,2026-03-18,0,21,0.0
H18,78,2026-03-19,0,21,0.0
H18,79,2026-03-20,0,21,0.0
H18,80,2026-03-21,0,21,0.0
H18,81,2026-03-22,0,21,0.0
H18,82,2026-03-23,0,21,0.0
H18,83,2026-03-24,0,21,0.0
H18,84,2026-03-25,0,21,0.0
H18,85,2026-03-26,0,21,0.0
H18,86,2026-03-27,0,21,0.0
H18,87,2026-03-28,0,21,0.0
H18,88,2026-03-29,0,21,0.0
H18,89,2026-03-30,0,21,0.0
H18,90,2026-03-31,0,21,0.0
H18,91,2026-04-01,0,21,0.0
H18,92,2026-04-02,0,21,0.0
H18,93,2026-04-03,0,21,0.0
H18,94,2026-04-04,0,21,0.0
H18,95,2026-04-05,0,21,0.0
H18,96,2026-04-06,0,21,0.0
H18,97,2026-04-07,2,21,0.09523809523809523
H18,98,2026-04-08,2,21,0.09523809523809523
H18,99,2026-04-09,2,21,0.09523809523809523
H18,100,2026-04-10,2,21,0.09523809523809523
H18,101,2026-04-11,2,21,0.09523809523809523
H18,102,2026-04-12,2,21,0.09523809523809523
H18,103,2026-04-13,2,21,0.09523809523809523
H18,104,2026-04-14,2,21,0.09523809523809523
H18,105,2026-04-15,2,21,0.09523809523809523
H18,106,2026-04-16,2,21,0.09523809523809523
H18,107,2026-04-17,2,21,0.09523809523809523
H18,108,2026-04-18,2,21,0.09523809523809523
H18,109,2026-04-19,2,21,0.09523809523809523
H18,110,2026-04-20,0,21,0.0
H18,111,2026-04-21,0,21,0.0
H18,112,2026-04-22,0,21,0.0
H18,113,2026-04-23,0,21,0.0
H18,114,2026-04-24,0,21,0.0
H18,115,2026-04-25,0,21,0.0
H18,116,2026-04-26,0,21,0.0
H18,117,2026-04-27,0,21,0.0
H18,118,2026-04-28,0,21,0.0
H18,119,2026-04-29,0,21,0.0
H18,120,2026-04-30,0,21,0.0
H18,121,2026-05-01,0,21,0.0
H18,122,2026-05-02,0,21,0.0
H18,123,2026-05-03,0,21,0.0
H18,124,2026-05-04,0,21,0.0
H18,125,2026-05-05,0,21,0.0
H18,126,2026-05-06,0,21,0.0
H18,127,2026-05-07,0,21,0.0
H18,128,2026-05-08,0,21,0.0
H18,129,2026-05-09,0,21,0.0
H18,130,2026-05-10,0,21,0.0
H18,131,2026-05-11,0,21,0.0
H18,132,2026-05-12,0,21,0.0
H18,133,2026-05-13,0,21,0.0
H18,134,2026-05-14,0,21,0.0
H18,135,2026-05-15,0,21,0.0
H18,136,2026-05-16,0,21,0.0
H18,137,2026-05-17,0,21,0.0
H18,138,2026-05-18,0,21,0.0
H18,139,2026-05-19,0,21,0.0
H18,140,2026-05-20,0,21,0.0
H18,141,2026-05-21,0,21,0.0
H18,142,2026-05-22,0,21,0.0
H18,143,2026-05-23,0,21,0.0
H18,144,2026-05-24,0,21,0.0
H18,145,2026-05-25,0,21,0.0
H18,146,2026-05-26,0,21,0.0
H18,147,2026-05-27,0,21,0.0
H18,148,2026-05-28,0,21,0.0
H18,149,2026-05-29,0,21,0.0
H18,150,2026-05-30,0,21,0.0
H18,151,2026-05-31,0,21,0.0
H18,152,2026-06-01,0,21,0.0
H18,153,2026-06-02,0,21,0.0
H18,154,2026-06-03,0,21,0.0
H18,155,2026-06-04,0,21,0.0
H18,156,2026-06-05,0,21,0.0
H18,157,2026-06-06,0,21,0.0
H18,158,2026-06-07,0,21,0.0
H18,159,2026-06-08,0,21,0.0
H18,160,2026-06-09,0,21,0.0
H18,161,2026-06-10,0,21,0.0
H18,162,2026-06-11,0,21,0.0
H18,163,2026-06-12,0,21,0.0
H18,164,2026-06-13,0,21,0.0
H18,165,2026-06-14,0,21,0.0
H19,5,2026-01-05,0,21,0.0
H19,6,2026-01-06,0,21,0.0
H19,7,2026-01-07,0,21,0.0
H19,8,2026-01-08,0,21,0.0
H19,9,2026-01-09,0,21,0.0
H19,10,2026-01-10,0,21,0.0
H19,11,2026-01-11,0,21,0.0
H19,12,2026-01-12,0,21,0.0
H19,13,2026-01-13,0,21,0.0
H19,14,2026-01-14,0,21,0.0
H19,15,2026-01-15,0,21,0.0
H19,16,2026-01-16,0,21,0.0
H19,17,2026-01-17,0,21,0.0
H19,18,2026-01-18,0,21,0.0
H19,19,2026-01-19,0,21,0.0
H19,20,2026-01-20,0,21,0.0
H19,21,2026-01-21,0,21,0.0
H19,22,2026-01-22,0,21,0.0
H19,23,2026-01-23,0,21,0.0
H19,24,2026-01-24,0,21,0.0
H19,25,2026-01-25,0,21,0.0
H19,26,2026-01-26,0,21,0.0
H19,27,2026-01-27,0,21,0.0
H19,28,2026-01-28,0,21,0.0
H19,29,2026-01-29,0,21,0.0
H19,30,2026-01-30,0,21,0.0
H19,31,2026-01-31,0,21,0.0
H19,32,2026-02-01,0,21,0.0
H19,33,2026-02-02,0,21,0.0
H19,34,2026-02-03,0,21,0.0
H19,35,2026-02-04,0,21,0.0
H19,36,2026-02-05,0,21,0.0
H19,37,2026-02-06,0,21,0.0
H19,38,2026-02-07,0,21,0.0
H19,39,2026-02-08,0,21,0.0
H19,40,2026-02-09,0,21,0.0
H19,41,2026-02-10,0,21,0.0
H19,42,2026-02-11,0,21,0.0
H19,43,2026-02-12,0,21,0.0
H19,44,2026-02-13,0,21,0.0
H19,45,2026-02-14,0,21,0.0
H19,46,2026-02-15,0,21,0.0
H19,47,2026-02-16,0,21,0.0
H19,48,2026-02-17,0,21,0.0
H19,49,2026-02-18,0,21,0.0
H19,50,2026-02-19,0,21,0.0
H19,51,2026-02-20,0,21,0.0
H19,52,2026-02-21,0,21,0.0
H19,53,2026-02-22,0,21,0.0
H19,54,2026-02-23,0,21,0.0
H19,55,2026-02-24,0,21,0.0
H19,56,2026-02-25,0,21,0.0
H19,57,2026-02-26,0,21,0.0
H19,58,2026-02-27,0,21,0.0
H19,59,2026-02-28,0,21,0.0
H19,60,2026-03-01,0,21,0.0
H19,61,2026-03-02,0,21,0.0
H19,62,2026-03-03,0,21,0.0
H19,63,2026-03-04,0,21,0.0
H19,64,2026-03-05,0,21,0.0
H19,65,2026-03-06,0,21,0.0
H19,66,2026-03-07,0,21,0.0
H19,67,2026-03-08,0,21,0.0
H19,68,2026-03-09,0,21,0.0
H19,69,2026-03-10,0,21,0.0
H19,70,2026-03-11,0,21,0.0
H19,71,2026-03-12,0,21,0.0
H19,72,2026-03-13,0,21,0.0
H19,73,2026-03-14,0,21,0.0
H19,74,2026-03-15,0,21,0.0
H19,75,2026-03-16,0,21,0.0
H19,76,2026-03-17,0,21,0.0
H19,77,2026-03-18,0,21,0.0
H19,78,2026-03-19,0,21,0.0
H19,79,2026-03-20,0,21,0.0
H19,80,2026-03-21,0,21,0.0
H19,81,2026-03-22,0,21,0.0
H19,82,2026-03-23,0,21,0.0
H19,83,2026-03-24,0,21,0.0
H19,84,2026-03-25,0,21,0.0
H19,85,2026-03-26,0,21,0.0
H19,86,2026-03-27,0,21,0.0
H19,87,2026-03-28,0,21,0.0
H19,88,2026-03-29,0,21,0.0
H19,89,2026-03-30,0,21,0.0
H19,90,2026-03-31,0,21,0.0
H19,91,2026-04-01,0,21,0.0
H19,92,2026-04-02,0,21,0.0
H19,93,2026-04-03,0,21,0.0
H19,94,2026-04-04,0,21,0.0
H19,95,2026-04-05,0,21,0.0
H19,96,2026-04-06,0,21,0.0
H19,97,2026-04-07,0,21,0.0
H19,98,2026-04-08,0,21,0.0
H19,99,2026-04-09,0,21,0.0
H19,100,2026-04-10,0,21,0.0
H19,101,2026-04-11,0,21,0.0
H19,102,2026-04-12,0,21,0.0
H19,103,2026-04-13,0,21,0.0
H19,104,2026-04-14,0,21,0.0
H19,105,2026-04-15,0,21,0.0
H19,106,2026-04-16,0,21,0.0
H19,107,2026-04-17,0,21,0.0
H19,108,2026-04-18,0,21,0.0
H19,109,2026-04-19,0,21,0.0
H19,110,2026-04-20,0,21,0.0
H19,111,2026-04-21,0,21,0.0
H19,112,2026-04-22,0,21,0.0
H19,113,2026-04-23,0,21,0.0
H19,114,2026-04-24,0,21,0.0
H19,115,2026-04-25,0,21,0.0
H19,116,2026-04-26,0,21,0.0
H19,117,2026-04-27,0,21,0.0
H19,118,2026-04-28,0,21,0.0
H19,119,2026-04-29,0,21,0.0
H19,120,2026-04-30,0,21,0.0
H19,121,2026-05-01,0,21,0.0
H19,122,2026-05-02,0,21,0.0
H19,123,2026-05-03,0,21,0.0
H19,124,2026-05-04,0,21,0.0
H19,125,2026-05-05,0,21,0.0
H19,126,2026-05-06,0,21,0.0
H19,127,2026-05-07,0,21,0.0
H19,128,2026-05-08,0,21,0.0
H19,129,2026-05-09,0,21,0.0
H19,130,2026-05-10,0,21,0.0
H19,131,2026-05-11,0,21,0.0
H19,132,2026-05-12,0,21,0.0
H19,133,2026-05-13,0,21,0.0
H19,134,2026-05-14,0,21,0.0
H19,135,2026-05-15,0,21,0.0
H19,136,2026-05-16,0,21,0.0
H19,137,2026-05-17,0,21,0.0
H19,138,2026-05-18,0,21,0.0
H19,139,2026-05-19,0,21,0.0
H19,140,2026-05-20,0,21,0.0
H19,141,2026-05-21,0,21,0.0
H19,142,2026-05-22,0,21,0.0
H19,143,2026-05-23,0,21,0.0
H19,144,2026-05-24,0,21,0.0
H19,145,2026-05-25,0,21,0.0
H19,146,2026-05-26,0,21,0.0
H19,147,2026-05-27,0,21,0.0
H19,148,2026-05-28,0,21,0.0
H19,149,2026-05-29,0,21,0.0
H19,150,2026-05-30,0,21,0.0
H19,151,2026-05-31,0,21,0.0
H19,152,2026-06-01,0,21,0.0
H19,153,2026-06-02,0,21,0.0
H19,154,2026-06-03,0,21,0.0
H19,155,2026-06-04,0,21,0.0
H19,156,2026-06-05,0,21,0.0
H19,157,2026-06-06,0,21,0.0
H19,158,2026-06-07,0,21,0.0
H19,159,2026-06-08,0,21,0.0
H19,160,2026-06-09,0,21,0.0
H19,161,2026-06-10,0,21,0.0
H19,162,2026-06-11,0,21,0.0
H19,163,2026-06-12,0,21,0.0
H19,164,2026-06-13,0,21,0.0
H19,165,2026-06-14,0,21,0.0
J1,5,2026-01-05,0,21,0.0
J1,6,2026-01-06,0,21,0.0
J1,7,2026-01-07,0,21,0.0
J1,8,2026-01-08,0,21,0.0
J1,9,2026-01-09,0,21,0.0
J1,10,2026-01-10,0,21,0.0
J1,11,2026-01-11,0,21,0.0
J1,12,2026-01-12,0,21,0.0
J1,13,2026-01-13,0,21,0.0
J1,14,2026-01-14,0,21,0.0
J1,15,2026-01-15,0,21,0.0
J1,16,2026-01-16,0,21,0.0
J1,17,2026-01-17,0,21,0.0
J1,18,2026-01-18,0,21,0.0
J1,19,2026-01-19,0,21,0.0
J1,20,2026-01-20,0,21,0.0
J1,21,2026-01-21,0,21,0.0
J1,22,2026-01-22,0,21,0.0
J1,23,2026-01-23,0,21,0.0
J1,24,2026-01-24,0,21,0.0
J1,25,2026-01-25,0,21,0.0
J1,26,2026-01-26,0,21,0.0
J1,27,2026-01-27,0,21,0.0
J1,28,2026-01-28,0,21,0.0
J1,29,2026-01-29,0,21,0.0
J1,30,2026-01-30,0,21,0.0
J1,31,2026-01-31,0,21,0.0
J1,32,2026-02-01,0,21,0.0
J1,33,2026-02-02,0,21,0.0
J1,34,2026-02-03,0,21,0.0
J1,35,2026-02-04,0,21,0.0
J1,36,2026-02-05,0,21,0.0
J1,37,2026-02-06,0,21,0.0
J1,38,2026-02-07,0,21,0.0
J1,39,2026-02-08,0,21,0.0
J1,40,2026-02-09,0,21,0.0
J1,41,2026-02-10,0,21,0.0
J1,42,2026-02-11,0,21,0.0
J1,43,2026-02-12,0,21,0.0
J1,44,2026-02-13,0,21,0.0
J1,45,2026-02-14,0,21,0.0
J1,46,2026-02-15,0,21,0.0
J1,47,2026-02-16,0,21,0.0
J1,48,2026-02-17,0,21,0.0
J1,49,2026-02-18,0,21,0.0
J1,50,2026-02-19,0,21,0.0
J1,51,2026-02-20,0,21,0.0
J1,52,2026-02-21,0,21,0.0
J1,53,2026-02-22,0,21,0.0
J1,54,2026-02-23,0,21,0.0
J1,55,2026-02-24,0,21,0.0
J1,56,2026-02-25,0,21,0.0
J1,57,2026-02-26,0,21,0.0
J1,58,2026-02-27,0,21,0.0
J1,59,2026-02-28,0,21,0.0
J1,60,2026-03-01,0,21,0.0
J1,61,2026-03-02,0,21,0.0
J1,62,2026-03-03,0,21,0.0
J1,63,2026-03-04,0,21,0.0
J1,64,2026-03-05,0,21,0.0
J1,65,2026-03-06,0,21,0.0
J1,66,2026-03-07,0,21,0.0
J1,67,2026-03-08,0,21,0.0
J1,68,2026-03-09,0,21,0.0
J1,69,2026-03-10,0,21,0.0
J1,70,2026-03-11,0,21,0.0
J1,71,2026-03-12,0,21,0.0
J1,72,2026-03-13,0,21,0.0
J1,73,2026-03-14,0,21,0.0
J1,74,2026-03-15,0,21,0.0
J1,75,2026-03-16,0,21,0.0
J1,76,2026-03-17,0,21,0.0
J1,77,2026-03-18,0,21,0.0
J1,78,2026-03-19,0,21,0.0
J1,79,2026-03-20,0,21,0.0
J1,80,2026-03-21,0,21,0.0
J1,81,2026-03-22,0,21,0.0
J1,82,2026-03-23,0,21,0.0
J1,83,2026-03-24,0,21,0.0
J1,84,2026-03-25,0,21,0.0
J1,85,2026-03-26,0,21,0.0
J1,86,2026-03-27,0,21,0.0
J1,87,2026-03-28,0,21,0.0
J1,88,2026-03-29,0,21,0.0
J1,89,2026-03-30,0,21,0.0
J1,90,2026-03-31,0,21,0.0
J1,91,2026-04-01,0,21,0.0
J1,92,2026-04-02,0,21,0.0
J1,93,2026-04-03,0,21,0.0
J1,94,2026-04-04,0,21,0.0
J1,95,2026-04-05,0,21,0.0
J1,96,2026-04-06,0,21,0.0
J1,97,2026-04-07,0,21,0.0
J1,98,2026-04-08,0,21,0.0
J1,99,2026-04-09,0,21,0.0
J1,100,2026-04-10,0,21,0.0
J1,101,2026-04-11,0,21,0.0
J1,102,2026-04-12,0,21,0.0
J1,103,2026-04-13,0,21,0.0
J1,104,2026-04-14,0,21,0.0
J1,105,2026-04-15,0,21,0.0
J1,106,2026-04-16,0,21,0.0
J1,107,2026-04-17,0,21,0.0
J1,108,2026-04-18,0,21,0.0
J1,109,2026-04-19,0,21,0.0
J1,110,2026-04-20,0,21,0.0
J1,111,2026-04-21,0,21,0.0
J1,112,2026-04-22,0,21,0.0
J1,113,2026-04-23,0,21,0.0
J1,114,2026-04-24,0,21,0.0
J1,115,2026-04-25,0,21,0.0
J1,116,2026-04-26,0,21,0.0
J1,117,2026-04-27,0,21,0.0
J1,118,2026-04-28,0,21,0.0
J1,119,2026-04-29,0,21,0.0
J1,120,2026-04-30,0,21,0.0
J1,121,2026-05-01,0,21,0.0
J1,122,2026-05-02,0,21,0.0
J1,123,2026-05-03,0,21,0.0
J1,124,2026-05-04,0,21,0.0
J1,125,2026-05-05,0,21,0.0
J1,126,2026-05-06,0,21,0.0
J1,127,2026-05-07,0,21,0.0
J1,128,2026-05-08,0,21,0.0
J1,129,2026-05-09,0,21,0.0
J1,130,2026-05-10,0,21,0.0
J1,131,2026-05-11,0,21,0.0
J1,132,2026-05-12,0,21,0.0
J1,133,2026-05-13,0,21,0.0
J1,134,2026-05-14,0,21,0.0
J1,135,2026-05-15,0,21,0.0
J1,136,2026-05-16,0,21,0.0
J1,137,2026-05-17,0,21,0.0
J1,138,2026-05-18,0,21,0.0
J1,139,2026-05-19,0,21,0.0
J1,140,2026-05-20,0,21,0.0
J1,141,2026-05-21,0,21,0.0
J1,142,2026-05-22,0,21,0.0
J1,143,2026-05-23,0,21,0.0
J1,144,2026-05-24,0,21,0.0
J1,145,2026-05-25,0,21,0.0
J1,146,2026-05-26,0,21,0.0
J1,147,2026-05-27,0,21,0.0
J1,148,2026-05-28,0,21,0.0
J1,149,2026-05-29,0,21,0.0
J1,150,2026-05-30,0,21,0.0
J1,151,2026-05-31,0,21,0.0
J1,152,2026-06-01,0,21,0.0
J1,153,2026-06-02,0,21,0.0
J1,154,2026-06-03,0,21,0.0
J1,155,2026-06-04,0,21,0.0
J1,156,2026-06-05,0,21,0.0
J1,157,2026-06-06,0,21,0.0
J1,158,2026-06-07,0,21,0.0
J1,159,2026-06-08,0,21,0.0
J1,160,2026-06-09,0,21,0.0
J1,161,2026-06-10,0,21,0.0
J1,162,2026-06-11,0,21,0.0
J1,163,2026-06-12,0,21,0.0
J1,164,2026-06-13,0,21,0.0
J1,165,2026-06-14,0,21,0.0
J2,5,2026-01-05,0,21,0.0
J2,6,2026-01-06,0,21,0.0
J2,7,2026-01-07,0,21,0.0
J2,8,2026-01-08,0,21,0.0
J2,9,2026-01-09,0,21,0.0
J2,10,2026-01-10,0,21,0.0
J2,11,2026-01-11,0,21,0.0
J2,12,2026-01-12,0,21,0.0
J2,13,2026-01-13,0,21,0.0
J2,14,2026-01-14,0,21,0.0
J2,15,2026-01-15,0,21,0.0
J2,16,2026-01-16,0,21,0.0
J2,17,2026-01-17,0,21,0.0
J2,18,2026-01-18,0,21,0.0
J2,19,2026-01-19,0,21,0.0
J2,20,2026-01-20,0,21,0.0
J2,21,2026-01-21,0,21,0.0
J2,22,2026-01-22,0,21,0.0
J2,23,2026-01-23,0,21,0.0
J2,24,2026-01-24,0,21,0.0
J2,25,2026-01-25,0,21,0.0
J2,26,2026-01-26,0,21,0.0
J2,27,2026-01-27,0,21,0.0
J2,28,2026-01-28,0,21,0.0
J2,29,2026-01-29,0,21,0.0
J2,30,2026-01-30,0,21,0.0
J2,31,2026-01-31,0,21,0.0
J2,32,2026-02-01,0,21,0.0
J2,33,2026-02-02,0,21,0.0
J2,34,2026-02-03,0,21,0.0
J2,35,2026-02-04,0,21,0.0
J2,36,2026-02-05,0,21,0.0
J2,37,2026-02-06,0,21,0.0
J2,38,2026-02-07,0,21,0.0
J2,39,2026-02-08,0,21,0.0
J2,40,2026-02-09,0,21,0.0
J2,41,2026-02-10,0,21,0.0
J2,42,2026-02-11,0,21,0.0
J2,43,2026-02-12,0,21,0.0
J2,44,2026-02-13,0,21,0.0
J2,45,2026-02-14,0,21,0.0
J2,46,2026-02-15,0,21,0.0
J2,47,2026-02-16,0,21,0.0
J2,48,2026-02-17,0,21,0.0
J2,49,2026-02-18,0,21,0.0
J2,50,2026-02-19,0,21,0.0
J2,51,2026-02-20,0,21,0.0
J2,52,2026-02-21,0,21,0.0
J2,53,2026-02-22,0,21,0.0
J2,54,2026-02-23,0,21,0.0
J2,55,2026-02-24,0,21,0.0
J2,56,2026-02-25,0,21,0.0
J2,57,2026-02-26,0,21,0.0
J2,58,2026-02-27,0,21,0.0
J2,59,2026-02-28,0,21,0.0
J2,60,2026-03-01,0,21,0.0
J2,61,2026-03-02,0,21,0.0
J2,62,2026-03-03,0,21,0.0
J2,63,2026-03-04,0,21,0.0
J2,64,2026-03-05,0,21,0.0
J2,65,2026-03-06,0,21,0.0
J2,66,2026-03-07,0,21,0.0
J2,67,2026-03-08,0,21,0.0
J2,68,2026-03-09,0,21,0.0
J2,69,2026-03-10,0,21,0.0
J2,70,2026-03-11,0,21,0.0
J2,71,2026-03-12,0,21,0.0
J2,72,2026-03-13,0,21,0.0
J2,73,2026-03-14,0,21,0.0
J2,74,2026-03-15,0,21,0.0
J2,75,2026-03-16,0,21,0.0
J2,76,2026-03-17,0,21,0.0
J2,77,2026-03-18,0,21,0.0
J2,78,2026-03-19,0,21,0.0
J2,79,2026-03-20,0,21,0.0
J2,80,2026-03-21,0,21,0.0
J2,81,2026-03-22,0,21,0.0
J2,82,2026-03-23,0,21,0.0
J2,83,2026-03-24,0,21,0.0
J2,84,2026-03-25,0,21,0.0
J2,85,2026-03-26,0,21,0.0
J2,86,2026-03-27,0,21,0.0
J2,87,2026-03-28,0,21,0.0
J2,88,2026-03-29,0,21,0.0
J2,89,2026-03-30,0,21,0.0
J2,90,2026-03-31,0,21,0.0
J2,91,2026-04-01,0,21,0.0
J2,92,2026-04-02,0,21,0.0
J2,93,2026-04-03,0,21,0.0
J2,94,2026-04-04,0,21,0.0
J2,95,2026-04-05,0,21,0.0
J2,96,2026-04-06,0,21,0.0
J2,97,2026-04-07,0,21,0.0
J2,98,2026-04-08,0,21,0.0
J2,99,2026-04-09,0,21,0.0
J2,100,2026-04-10,0,21,0.0
J2,101,2026-04-11,0,21,0.0
J2,102,2026-04-12,0,21,0.0
J2,103,2026-04-13,0,21,0.0
J2,104,2026-04-14,0,21,0.0
J2,105,2026-04-15,0,21,0.0
J2,106,2026-04-16,0,21,0.0
J2,107,2026-04-17,0,21,0.0
J2,108,2026-04-18,0,21,0.0
J2,109,2026-04-19,0,21,0.0
J2,110,2026-04-20,0,21,0.0
J2,111,2026-04-21,0,21,0.0
J2,112,2026-04-22,0,21,0.0
J2,113,2026-04-23,0,21,0.0
J2,114,2026-04-24,0,21,0.0
J2,115,2026-04-25,0,21,0.0
J2,116,2026-04-26,0,21,0.0
J2,117,2026-04-27,0,21,0.0
J2,118,2026-04-28,0,21,0.0
J2,119,2026-04-29,0,21,0.0
J2,120,2026-04-30,0,21,0.0
J2,121,2026-05-01,0,21,0.0
J2,122,2026-05-02,0,21,0.0
J2,123,2026-05-03,0,21,0.0
J2,124,2026-05-04,0,21,0.0
J2,125,2026-05-05,0,21,0.0
J2,126,2026-05-06,0,21,0.0
J2,127,2026-05-07,0,21,0.0
J2,128,2026-05-08,0,21,0.0
J2,129,2026-05-09,0,21,0.0
J2,130,2026-05-10,0,21,0.0
J2,131,2026-05-11,0,21,0.0
J2,132,2026-05-12,0,21,0.0
J2,133,2026-05-13,0,21,0.0
J2,134,2026-05-14,0,21,0.0
J2,135,2026-05-15,0,21,0.0
J2,136,2026-05-16,0,21,0.0
J2,137,2026-05-17,0,21,0.0
J2,138,2026-05-18,0,21,0.0
J2,139,2026-05-19,0,21,0.0
J2,140,2026-05-20,0,21,0.0
J2,141,2026-05-21,0,21,0.0
J2,142,2026-05-22,0,21,0.0
J2,143,2026-05-23,0,21,0.0
J2,144,2026-05-24,0,21,0.0
J2,145,2026-05-25,0,21,0.0
J2,146,2026-05-26,0,21,0.0
J2,147,2026-05-27,0,21,0.0
J2,148,2026-05-28,0,21,0.0
J2,149,2026-05-29,0,21,0.0
J2,150,2026-05-30,0,21,0.0
J2,151,2026-05-31,0,21,0.0
J2,152,2026-06-01,0,21,0.0
J2,153,2026-06-02,0,21,0.0
J2,154,2026-06-03,0,21,0.0
J2,155,2026-06-04,0,21,0.0
J2,156,2026-06-05,0,21,0.0
J2,157,2026-06-06,0,21,0.0
J2,158,2026-06-07,0,21,0.0
J2,159,2026-06-08,0,21,0.0
J2,160,2026-06-09,0,21,0.0
J2,161,2026-06-10,0,21,0.0
J2,162,2026-06-11,0,21,0.0
J2,163,2026-06-12,0,21,0.0
J2,164,2026-06-13,0,21,0.0
J2,165,2026-06-14,0,21,0.0
J3,5,2026-01-05,0,21,0.0
J3,6,2026-01-06,0,21,0.0
J3,7,2026-01-07,0,21,0.0
J3,8,2026-01-08,0,21,0.0
J3,9,2026-01-09,0,21,0.0
J3,10,2026-01-10,0,21,0.0
J3,11,2026-01-11,0,21,0.0
J3,12,2026-01-12,0,21,0.0
J3,13,2026-01-13,0,21,0.0
J3,14,2026-01-14,0,21,0.0
J3,15,2026-01-15,0,21,0.0
J3,16,2026-01-16,0,21,0.0
J3,17,2026-01-17,0,21,0.0
J3,18,2026-01-18,0,21,0.0
J3,19,2026-01-19,0,21,0.0
J3,20,2026-01-20,0,21,0.0
J3,21,2026-01-21,0,21,0.0
J3,22,2026-01-22,0,21,0.0
J3,23,2026-01-23,0,21,0.0
J3,24,2026-01-24,0,21,0.0
J3,25,2026-01-25,0,21,0.0
J3,26,2026-01-26,0,21,0.0
J3,27,2026-01-27,0,21,0.0
J3,28,2026-01-28,0,21,0.0
J3,29,2026-01-29,0,21,0.0
J3,30,2026-01-30,0,21,0.0
J3,31,2026-01-31,0,21,0.0
J3,32,2026-02-01,0,21,0.0
J3,33,2026-02-02,0,21,0.0
J3,34,2026-02-03,0,21,0.0
J3,35,2026-02-04,0,21,0.0
J3,36,2026-02-05,0,21,0.0
J3,37,2026-02-06,0,21,0.0
J3,38,2026-02-07,0,21,0.0
J3,39,2026-02-08,0,21,0.0
J3,40,2026-02-09,0,21,0.0
J3,41,2026-02-10,0,21,0.0
J3,42,2026-02-11,0,21,0.0
J3,43,2026-02-12,0,21,0.0
J3,44,2026-02-13,0,21,0.0
J3,45,2026-02-14,0,21,0.0
J3,46,2026-02-15,0,21,0.0
J3,47,2026-02-16,0,21,0.0
J3,48,2026-02-17,0,21,0.0
J3,49,2026-02-18,0,21,0.0
J3,50,2026-02-19,0,21,0.0
J3,51,2026-02-20,0,21,0.0
J3,52,2026-02-21,0,21,0.0
J3,53,2026-02-22,0,21,0.0
J3,54,2026-02-23,0,21,0.0
J3,55,2026-02-24,0,21,0.0
J3,56,2026-02-25,0,21,0.0
J3,57,2026-02-26,0,21,0.0
J3,58,2026-02-27,0,21,0.0
J3,59,2026-02-28,0,21,0.0
J3,60,2026-03-01,0,21,0.0
J3,61,2026-03-02,0,21,0.0
J3,62,2026-03-03,0,21,0.0
J3,63,2026-03-04,0,21,0.0
J3,64,2026-03-05,0,21,0.0
J3,65,2026-03-06,0,21,0.0
J3,66,2026-03-07,0,21,0.0
J3,67,2026-03-08,0,21,0.0
J3,68,2026-03-09,0,21,0.0
J3,69,2026-03-10,0,21,0.0
J3,70,2026-03-11,0,21,0.0
J3,71,2026-03-12,0,21,0.0
J3,72,2026-03-13,0,21,0.0
J3,73,2026-03-14,0,21,0.0
J3,74,2026-03-15,0,21,0.0
J3,75,2026-03-16,0,21,0.0
J3,76,2026-03-17,0,21,0.0
J3,77,2026-03-18,0,21,0.0
J3,78,2026-03-19,0,21,0.0
J3,79,2026-03-20,0,21,0.0
J3,80,2026-03-21,0,21,0.0
J3,81,2026-03-22,0,21,0.0
J3,82,2026-03-23,0,21,0.0
J3,83,2026-03-24,0,21,0.0
J3,84,2026-03-25,0,21,0.0
J3,85,2026-03-26,0,21,0.0
J3,86,2026-03-27,0,21,0.0
J3,87,2026-03-28,0,21,0.0
J3,88,2026-03-29,0,21,0.0
J3,89,2026-03-30,0,21,0.0
J3,90,2026-03-31,0,21,0.0
J3,91,2026-04-01,0,21,0.0
J3,92,2026-04-02,0,21,0.0
J3,93,2026-04-03,0,21,0.0
J3,94,2026-04-04,0,21,0.0
J3,95,2026-04-05,0,21,0.0
J3,96,2026-04-06,0,21,0.0
J3,97,2026-04-07,0,21,0.0
J3,98,2026-04-08,0,21,0.0
J3,99,2026-04-09,0,21,0.0
J3,100,2026-04-10,0,21,0.0
J3,101,2026-04-11,0,21,0.0
J3,102,2026-04-12,0,21,0.0
J3,103,2026-04-13,0,21,0.0
J3,104,2026-04-14,0,21,0.0
J3,105,2026-04-15,0,21,0.0
J3,106,2026-04-16,0,21,0.0
J3,107,2026-04-17,0,21,0.0
J3,108,2026-04-18,0,21,0.0
J3,109,2026-04-19,0,21,0.0
J3,110,2026-04-20,0,21,0.0
J3,111,2026-04-21,0,21,0.0
J3,112,2026-04-22,0,21,0.0
J3,113,2026-04-23,0,21,0.0
J3,114,2026-04-24,0,21,0.0
J3,115,2026-04-25,0,21,0.0
J3,116,2026-04-26,0,21,0.0
J3,117,2026-04-27,0,21,0.0
J3,118,2026-04-28,0,21,0.0
J3,119,2026-04-29,0,21,0.0
J3,120,2026-04-30,0,21,0.0
J3,121,2026-05-01,0,21,0.0
J3,122,2026-05-02,0,21,0.0
J3,123,2026-05-03,0,21,0.0
J3,124,2026-05-04,0,21,0.0
J3,125,2026-05-05,0,21,0.0
J3,126,2026-05-06,0,21,0.0
J3,127,2026-05-07,0,21,0.0
J3,128,2026-05-08,0,21,0.0
J3,129,2026-05-09,0,21,0.0
J3,130,2026-05-10,0,21,0.0
J3,131,2026-05-11,0,21,0.0
J3,132,2026-05-12,0,21,0.0
J3,133,2026-05-13,0,21,0.0
J3,134,2026-05-14,0,21,0.0
J3,135,2026-05-15,0,21,0.0
J3,136,2026-05-16,0,21,0.0
J3,137,2026-05-17,0,21,0.0
J3,138,2026-05-18,0,21,0.0
J3,139,2026-05-19,0,21,0.0
J3,140,2026-05-20,0,21,0.0
J3,141,2026-05-21,0,21,0.0
J3,142,2026-05-22,0,21,0.0
J3,143,2026-05-23,0,21,0.0
J3,144,2026-05-24,0,21,0.0
J3,145,2026-05-25,0,21,0.0
J3,146,2026-05-26,0,21,0.0
J3,147,2026-05-27,0,21,0.0
J3,148,2026-05-28,0,21,0.0
J3,149,2026-05-29,0,21,0.0
J3,150,2026-05-30,0,21,0.0
J3,151,2026-05-31,0,21,0.0
J3,152,2026-06-01,0,21,0.0
J3,153,2026-06-02,0,21,0.0
J3,154,2026-06-03,0,21,0.0
J3,155,2026-06-04,0,21,0.0
J3,156,2026-06-05,0,21,0.0
J3,157,2026-06-06,0,21,0.0
J3,158,2026-06-07,0,21,0.0
J3,159,2026-06-08,0,21,0.0
J3,160,2026-06-09,0,21,0.0
J3,161,2026-06-10,0,21,0.0
J3,162,2026-06-11,0,21,0.0
J3,163,2026-06-12,0,21,0.0
J3,164,2026-06-13,0,21,0.0
J3,165,2026-06-14,0,21,0.0
J4,5,2026-01-05,0,21,0.0
J4,6,2026-01-06,0,21,0.0
J4,7,2026-01-07,0,21,0.0
J4,8,2026-01-08,0,21,0.0
J4,9,2026-01-09,0,21,0.0
J4,10,2026-01-10,0,21,0.0
J4,11,2026-01-11,0,21,0.0
J4,12,2026-01-12,0,21,0.0
J4,13,2026-01-13,0,21,0.0
J4,14,2026-01-14,0,21,0.0
J4,15,2026-01-15,0,21,0.0
J4,16,2026-01-16,0,21,0.0
J4,17,2026-01-17,0,21,0.0
J4,18,2026-01-18,0,21,0.0
J4,19,2026-01-19,0,21,0.0
J4,20,2026-01-20,0,21,0.0
J4,21,2026-01-21,0,21,0.0
J4,22,2026-01-22,0,21,0.0
J4,23,2026-01-23,0,21,0.0
J4,24,2026-01-24,0,21,0.0
J4,25,2026-01-25,0,21,0.0
J4,26,2026-01-26,0,21,0.0
J4,27,2026-01-27,0,21,0.0
J4,28,2026-01-28,0,21,0.0
J4,29,2026-01-29,0,21,0.0
J4,30,2026-01-30,0,21,0.0
J4,31,2026-01-31,0,21,0.0
J4,32,2026-02-01,0,21,0.0
J4,33,2026-02-02,0,21,0.0
J4,34,2026-02-03,0,21,0.0
J4,35,2026-02-04,0,21,0.0
J4,36,2026-02-05,0,21,0.0
J4,37,2026-02-06,0,21,0.0
J4,38,2026-02-07,0,21,0.0
J4,39,2026-02-08,0,21,0.0
J4,40,2026-02-09,0,21,0.0
J4,41,2026-02-10,0,21,0.0
J4,42,2026-02-11,0,21,0.0
J4,43,2026-02-12,0,21,0.0
J4,44,2026-02-13,0,21,0.0
J4,45,2026-02-14,0,21,0.0
J4,46,2026-02-15,0,21,0.0
J4,47,2026-02-16,0,21,0.0
J4,48,2026-02-17,0,21,0.0
J4,49,2026-02-18,0,21,0.0
J4,50,2026-02-19,0,21,0.0
J4,51,2026-02-20,0,21,0.0
J4,52,2026-02-21,0,21,0.0
J4,53,2026-02-22,0,21,0.0
J4,54,2026-02-23,0,21,0.0
J4,55,2026-02-24,0,21,0.0
J4,56,2026-02-25,0,21,0.0
J4,57,2026-02-26,0,21,0.0
J4,58,2026-02-27,0,21,0.0
J4,59,2026-02-28,0,21,0.0
J4,60,2026-03-01,0,21,0.0
J4,61,2026-03-02,0,21,0.0
J4,62,2026-03-03,0,21,0.0
J4,63,2026-03-04,0,21,0.0
J4,64,2026-03-05,0,21,0.0
J4,65,2026-03-06,0,21,0.0
J4,66,2026-03-07,0,21,0.0
J4,67,2026-03-08,0,21,0.0
J4,68,2026-03-09,0,21,0.0
J4,69,2026-03-10,0,21,0.0
J4,70,2026-03-11,0,21,0.0
J4,71,2026-03-12,0,21,0.0
J4,72,2026-03-13,0,21,0.0
J4,73,2026-03-14,0,21,0.0
J4,74,2026-03-15,0,21,0.0
J4,75,2026-03-16,0,21,0.0
J4,76,2026-03-17,0,21,0.0
J4,77,2026-03-18,0,21,0.0
J4,78,2026-03-19,0,21,0.0
J4,79,2026-03-20,0,21,0.0
J4,80,2026-03-21,0,21,0.0
J4,81,2026-03-22,0,21,0.0
J4,82,2026-03-23,0,21,0.0
J4,83,2026-03-24,0,21,0.0
J4,84,2026-03-25,0,21,0.0
J4,85,2026-03-26,0,21,0.0
J4,86,2026-03-27,0,21,0.0
J4,87,2026-03-28,0,21,0.0
J4,88,2026-03-29,0,21,0.0
J4,89,2026-03-30,0,21,0.0
J4,90,2026-03-31,0,21,0.0
J4,91,2026-04-01,0,21,0.0
J4,92,2026-04-02,0,21,0.0
J4,93,2026-04-03,0,21,0.0
J4,94,2026-04-04,0,21,0.0
J4,95,2026-04-05,0,21,0.0
J4,96,2026-04-06,0,21,0.0
J4,97,2026-04-07,0,21,0.0
J4,98,2026-04-08,0,21,0.0
J4,99,2026-04-09,0,21,0.0
J4,100,2026-04-10,0,21,0.0
J4,101,2026-04-11,0,21,0.0
J4,102,2026-04-12,0,21,0.0
J4,103,2026-04-13,0,21,0.0
J4,104,2026-04-14,0,21,0.0
J4,105,2026-04-15,0,21,0.0
J4,106,2026-04-16,0,21,0.0
J4,107,2026-04-17,0,21,0.0
J4,108,2026-04-18,0,21,0.0
J4,109,2026-04-19,0,21,0.0
J4,110,2026-04-20,0,21,0.0
J4,111,2026-04-21,0,21,0.0
J4,112,2026-04-22,0,21,0.0
J4,113,2026-04-23,0,21,0.0
J4,114,2026-04-24,0,21,0.0
J4,115,2026-04-25,0,21,0.0
J4,116,2026-04-26,0,21,0.0
J4,117,2026-04-27,0,21,0.0
J4,118,2026-04-28,0,21,0.0
J4,119,2026-04-29,0,21,0.0
J4,120,2026-04-30,0,21,0.0
J4,121,2026-05-01,0,21,0.0
J4,122,2026-05-02,0,21,0.0
J4,123,2026-05-03,0,21,0.0
J4,124,2026-05-04,0,21,0.0
J4,125,2026-05-05,0,21,0.0
J4,126,2026-05-06,0,21,0.0
J4,127,2026-05-07,0,21,0.0
J4,128,2026-05-08,0,21,0.0
J4,129,2026-05-09,0,21,0.0
J4,130,2026-05-10,0,21,0.0
J4,131,2026-05-11,0,21,0.0
J4,132,2026-05-12,0,21,0.0
J4,133,2026-05-13,0,21,0.0
J4,134,2026-05-14,0,21,0.0
J4,135,2026-05-15,0,21,0.0
J4,136,2026-05-16,0,21,0.0
J4,137,2026-05-17,0,21,0.0
J4,138,2026-05-18,0,21,0.0
J4,139,2026-05-19,0,21,0.0
J4,140,2026-05-20,0,21,0.0
J4,141,2026-05-21,0,21,0.0
J4,142,2026-05-22,0,21,0.0
J4,143,2026-05-23,0,21,0.0
J4,144,2026-05-24,0,21,0.0
J4,145,2026-05-25,0,21,0.0
J4,146,2026-05-26,0,21,0.0
J4,147,2026-05-27,0,21,0.0
J4,148,2026-05-28,0,21,0.0
J4,149,2026-05-29,0,21,0.0
J4,150,2026-05-30,0,21,0.0
J4,151,2026-05-31,0,21,0.0
J4,152,2026-06-01,0,21,0.0
J4,153,2026-06-02,0,21,0.0
J4,154,2026-06-03,0,21,0.0
J4,155,2026-06-04,0,21,0.0
J4,156,2026-06-05,0,21,0.0
J4,157,2026-06-06,0,21,0.0
J4,158,2026-06-07,0,21,0.0
J4,159,2026-06-08,0,21,0.0
J4,160,2026-06-09,0,21,0.0
J4,161,2026-06-10,0,21,0.0
J4,162,2026-06-11,0,21,0.0
J4,163,2026-06-12,0,21,0.0
J4,164,2026-06-13,0,21,0.0
J4,165,2026-06-14,0,21,0.0
J5,5,2026-01-05,0,21,0.0
J5,6,2026-01-06,0,21,0.0
J5,7,2026-01-07,0,21,0.0
J5,8,2026-01-08,0,21,0.0
J5,9,2026-01-09,0,21,0.0
J5,10,2026-01-10,0,21,0.0
J5,11,2026-01-11,0,21,0.0
J5,12,2026-01-12,0,21,0.0
J5,13,2026-01-13,0,21,0.0
J5,14,2026-01-14,0,21,0.0
J5,15,2026-01-15,0,21,0.0
J5,16,2026-01-16,0,21,0.0
J5,17,2026-01-17,0,21,0.0
J5,18,2026-01-18,0,21,0.0
J5,19,2026-01-19,0,21,0.0
J5,20,2026-01-20,0,21,0.0
J5,21,2026-01-21,0,21,0.0
J5,22,2026-01-22,0,21,0.0
J5,23,2026-01-23,0,21,0.0
J5,24,2026-01-24,0,21,0.0
J5,25,2026-01-25,0,21,0.0
J5,26,2026-01-26,0,21,0.0
J5,27,2026-01-27,0,21,0.0
J5,28,2026-01-28,0,21,0.0
J5,29,2026-01-29,0,21,0.0
J5,30,2026-01-30,0,21,0.0
J5,31,2026-01-31,0,21,0.0
J5,32,2026-02-01,0,21,0.0
J5,33,2026-02-02,0,21,0.0
J5,34,2026-02-03,0,21,0.0
J5,35,2026-02-04,0,21,0.0
J5,36,2026-02-05,0,21,0.0
J5,37,2026-02-06,0,21,0.0
J5,38,2026-02-07,0,21,0.0
J5,39,2026-02-08,0,21,0.0
J5,40,2026-02-09,0,21,0.0
J5,41,2026-02-10,0,21,0.0
J5,42,2026-02-11,0,21,0.0
J5,43,2026-02-12,0,21,0.0
J5,44,2026-02-13,0,21,0.0
J5,45,2026-02-14,0,21,0.0
J5,46,2026-02-15,0,21,0.0
J5,47,2026-02-16,0,21,0.0
J5,48,2026-02-17,0,21,0.0
J5,49,2026-02-18,0,21,0.0
J5,50,2026-02-19,0,21,0.0
J5,51,2026-02-20,0,21,0.0
J5,52,2026-02-21,0,21,0.0
J5,53,2026-02-22,0,21,0.0
J5,54,2026-02-23,0,21,0.0
J5,55,2026-02-24,0,21,0.0
J5,56,2026-02-25,0,21,0.0
J5,57,2026-02-26,0,21,0.0
J5,58,2026-02-27,0,21,0.0
J5,59,2026-02-28,0,21,0.0
J5,60,2026-03-01,0,21,0.0
J5,61,2026-03-02,0,21,0.0
J5,62,2026-03-03,0,21,0.0
J5,63,2026-03-04,0,21,0.0
J5,64,2026-03-05,0,21,0.0
J5,65,2026-03-06,0,21,0.0
J5,66,2026-03-07,0,21,0.0
J5,67,2026-03-08,0,21,0.0
J5,68,2026-03-09,0,21,0.0
J5,69,2026-03-10,0,21,0.0
J5,70,2026-03-11,0,21,0.0
J5,71,2026-03-12,0,21,0.0
J5,72,2026-03-13,0,21,0.0
J5,73,2026-03-14,0,21,0.0
J5,74,2026-03-15,0,21,0.0
J5,75,2026-03-16,0,21,0.0
J5,76,2026-03-17,0,21,0.0
J5,77,2026-03-18,0,21,0.0
J5,78,2026-03-19,0,21,0.0
J5,79,2026-03-20,0,21,0.0
J5,80,2026-03-21,0,21,0.0
J5,81,2026-03-22,0,21,0.0
J5,82,2026-03-23,0,21,0.0
J5,83,2026-03-24,0,21,0.0
J5,84,2026-03-25,0,21,0.0
J5,85,2026-03-26,0,21,0.0
J5,86,2026-03-27,0,21,0.0
J5,87,2026-03-28,0,21,0.0
J5,88,2026-03-29,0,21,0.0
J5,89,2026-03-30,0,21,0.0
J5,90,2026-03-31,0,21,0.0
J5,91,2026-04-01,0,21,0.0
J5,92,2026-04-02,0,21,0.0
J5,93,2026-04-03,0,21,0.0
J5,94,2026-04-04,0,21,0.0
J5,95,2026-04-05,0,21,0.0
J5,96,2026-04-06,0,21,0.0
J5,97,2026-04-07,0,21,0.0
J5,98,2026-04-08,0,21,0.0
J5,99,2026-04-09,0,21,0.0
J5,100,2026-04-10,0,21,0.0
J5,101,2026-04-11,0,21,0.0
J5,102,2026-04-12,0,21,0.0
J5,103,2026-04-13,0,21,0.0
J5,104,2026-04-14,0,21,0.0
J5,105,2026-04-15,0,21,0.0
J5,106,2026-04-16,0,21,0.0
J5,107,2026-04-17,0,21,0.0
J5,108,2026-04-18,0,21,0.0
J5,109,2026-04-19,0,21,0.0
J5,110,2026-04-20,0,21,0.0
J5,111,2026-04-21,0,21,0.0
J5,112,2026-04-22,0,21,0.0
J5,113,2026-04-23,0,21,0.0
J5,114,2026-04-24,0,21,0.0
J5,115,2026-04-25,0,21,0.0
J5,116,2026-04-26,0,21,0.0
J5,117,2026-04-27,0,21,0.0
J5,118,2026-04-28,0,21,0.0
J5,119,2026-04-29,0,21,0.0
J5,120,2026-04-30,0,21,0.0
J5,121,2026-05-01,0,21,0.0
J5,122,2026-05-02,0,21,0.0
J5,123,2026-05-03,0,21,0.0
J5,124,2026-05-04,0,21,0.0
J5,125,2026-05-05,0,21,0.0
J5,126,2026-05-06,0,21,0.0
J5,127,2026-05-07,0,21,0.0
J5,128,2026-05-08,0,21,0.0
J5,129,2026-05-09,0,21,0.0
J5,130,2026-05-10,0,21,0.0
J5,131,2026-05-11,0,21,0.0
J5,132,2026-05-12,0,21,0.0
J5,133,2026-05-13,0,21,0.0
J5,134,2026-05-14,0,21,0.0
J5,135,2026-05-15,0,21,0.0
J5,136,2026-05-16,0,21,0.0
J5,137,2026-05-17,0,21,0.0
J5,138,2026-05-18,0,21,0.0
J5,139,2026-05-19,0,21,0.0
J5,140,2026-05-20,0,21,0.0
J5,141,2026-05-21,0,21,0.0
J5,142,2026-05-22,0,21,0.0
J5,143,2026-05-23,0,21,0.0
J5,144,2026-05-24,0,21,0.0
J5,145,2026-05-25,0,21,0.0
J5,146,2026-05-26,0,21,0.0
J5,147,2026-05-27,0,21,0.0
J5,148,2026-05-28,0,21,0.0
J5,149,2026-05-29,0,21,0.0
J5,150,2026-05-30,0,21,0.0
J5,151,2026-05-31,0,21,0.0
J5,152,2026-06-01,0,21,0.0
J5,153,2026-06-02,0,21,0.0
J5,154,2026-06-03,0,21,0.0
J5,155,2026-06-04,0,21,0.0
J5,156,2026-06-05,0,21,0.0
J5,157,2026-06-06,0,21,0.0
J5,158,2026-06-07,0,21,0.0
J5,159,2026-06-08,0,21,0.0
J5,160,2026-06-09,0,21,0.0
J5,161,2026-06-10,0,21,0.0
J5,162,2026-06-11,0,21,0.0
J5,163,2026-06-12,0,21,0.0
J5,164,2026-06-13,0,21,0.0
J5,165,2026-06-14,0,21,0.0
J6,5,2026-01-05,0,21,0.0
J6,6,2026-01-06,0,21,0.0
J6,7,2026-01-07,0,21,0.0
J6,8,2026-01-08,0,21,0.0
J6,9,2026-01-09,0,21,0.0
J6,10,2026-01-10,0,21,0.0
J6,11,2026-01-11,0,21,0.0
J6,12,2026-01-12,0,21,0.0
J6,13,2026-01-13,0,21,0.0
J6,14,2026-01-14,0,21,0.0
J6,15,2026-01-15,0,21,0.0
J6,16,2026-01-16,0,21,0.0
J6,17,2026-01-17,0,21,0.0
J6,18,2026-01-18,0,21,0.0
J6,19,2026-01-19,0,21,0.0
J6,20,2026-01-20,0,21,0.0
J6,21,2026-01-21,0,21,0.0
J6,22,2026-01-22,0,21,0.0
J6,23,2026-01-23,0,21,0.0
J6,24,2026-01-24,0,21,0.0
J6,25,2026-01-25,0,21,0.0
J6,26,2026-01-26,0,21,0.0
J6,27,2026-01-27,0,21,0.0
J6,28,2026-01-28,0,21,0.0
J6,29,2026-01-29,0,21,0.0
J6,30,2026-01-30,0,21,0.0
J6,31,2026-01-31,0,21,0.0
J6,32,2026-02-01,0,21,0.0
J6,33,2026-02-02,0,21,0.0
J6,34,2026-02-03,0,21,0.0
J6,35,2026-02-04,0,21,0.0
J6,36,2026-02-05,0,21,0.0
J6,37,2026-02-06,0,21,0.0
J6,38,2026-02-07,0,21,0.0
J6,39,2026-02-08,0,21,0.0
J6,40,2026-02-09,0,21,0.0
J6,41,2026-02-10,0,21,0.0
J6,42,2026-02-11,0,21,0.0
J6,43,2026-02-12,0,21,0.0
J6,44,2026-02-13,0,21,0.0
J6,45,2026-02-14,0,21,0.0
J6,46,2026-02-15,0,21,0.0
J6,47,2026-02-16,0,21,0.0
J6,48,2026-02-17,0,21,0.0
J6,49,2026-02-18,0,21,0.0
J6,50,2026-02-19,0,21,0.0
J6,51,2026-02-20,0,21,0.0
J6,52,2026-02-21,0,21,0.0
J6,53,2026-02-22,0,21,0.0
J6,54,2026-02-23,0,21,0.0
J6,55,2026-02-24,0,21,0.0
J6,56,2026-02-25,0,21,0.0
J6,57,2026-02-26,0,21,0.0
J6,58,2026-02-27,0,21,0.0
J6,59,2026-02-28,0,21,0.0
J6,60,2026-03-01,0,21,0.0
J6,61,2026-03-02,0,21,0.0
J6,62,2026-03-03,0,21,0.0
J6,63,2026-03-04,0,21,0.0
J6,64,2026-03-05,0,21,0.0
J6,65,2026-03-06,0,21,0.0
J6,66,2026-03-07,0,21,0.0
J6,67,2026-03-08,0,21,0.0
J6,68,2026-03-09,0,21,0.0
J6,69,2026-03-10,0,21,0.0
J6,70,2026-03-11,0,21,0.0
J6,71,2026-03-12,0,21,0.0
J6,72,2026-03-13,0,21,0.0
J6,73,2026-03-14,0,21,0.0
J6,74,2026-03-15,0,21,0.0
J6,75,2026-03-16,0,21,0.0
J6,76,2026-03-17,0,21,0.0
J6,77,2026-03-18,0,21,0.0
J6,78,2026-03-19,0,21,0.0
J6,79,2026-03-20,0,21,0.0
J6,80,2026-03-21,0,21,0.0
J6,81,2026-03-22,0,21,0.0
J6,82,2026-03-23,0,21,0.0
J6,83,2026-03-24,0,21,0.0
J6,84,2026-03-25,0,21,0.0
J6,85,2026-03-26,0,21,0.0
J6,86,2026-03-27,0,21,0.0
J6,87,2026-03-28,0,21,0.0
J6,88,2026-03-29,0,21,0.0
J6,89,2026-03-30,0,21,0.0
J6,90,2026-03-31,0,21,0.0
J6,91,2026-04-01,0,21,0.0
J6,92,2026-04-02,0,21,0.0
J6,93,2026-04-03,0,21,0.0
J6,94,2026-04-04,0,21,0.0
J6,95,2026-04-05,0,21,0.0
J6,96,2026-04-06,0,21,0.0
J6,97,2026-04-07,0,21,0.0
J6,98,2026-04-08,0,21,0.0
J6,99,2026-04-09,0,21,0.0
J6,100,2026-04-10,0,21,0.0
J6,101,2026-04-11,0,21,0.0
J6,102,2026-04-12,0,21,0.0
J6,103,2026-04-13,0,21,0.0
J6,104,2026-04-14,0,21,0.0
J6,105,2026-04-15,0,21,0.0
J6,106,2026-04-16,0,21,0.0
J6,107,2026-04-17,0,21,0.0
J6,108,2026-04-18,0,21,0.0
J6,109,2026-04-19,0,21,0.0
J6,110,2026-04-20,0,21,0.0
J6,111,2026-04-21,0,21,0.0
J6,112,2026-04-22,0,21,0.0
J6,113,2026-04-23,0,21,0.0
J6,114,2026-04-24,0,21,0.0
J6,115,2026-04-25,0,21,0.0
J6,116,2026-04-26,0,21,0.0
J6,117,2026-04-27,0,21,0.0
J6,118,2026-04-28,0,21,0.0
J6,119,2026-04-29,0,21,0.0
J6,120,2026-04-30,0,21,0.0
J6,121,2026-05-01,0,21,0.0
J6,122,2026-05-02,0,21,0.0
J6,123,2026-05-03,0,21,0.0
J6,124,2026-05-04,0,21,0.0
J6,125,2026-05-05,0,21,0.0
J6,126,2026-05-06,0,21,0.0
J6,127,2026-05-07,0,21,0.0
J6,128,2026-05-08,0,21,0.0
J6,129,2026-05-09,0,21,0.0
J6,130,2026-05-10,0,21,0.0
J6,131,2026-05-11,0,21,0.0
J6,132,2026-05-12,0,21,0.0
J6,133,2026-05-13,0,21,0.0
J6,134,2026-05-14,0,21,0.0
J6,135,2026-05-15,0,21,0.0
J6,136,2026-05-16,0,21,0.0
J6,137,2026-05-17,0,21,0.0
J6,138,2026-05-18,0,21,0.0
J6,139,2026-05-19,0,21,0.0
J6,140,2026-05-20,0,21,0.0
J6,141,2026-05-21,0,21,0.0
J6,142,2026-05-22,0,21,0.0
J6,143,2026-05-23,0,21,0.0
J6,144,2026-05-24,0,21,0.0
J6,145,2026-05-25,0,21,0.0
J6,146,2026-05-26,0,21,0.0
J6,147,2026-05-27,0,21,0.0
J6,148,2026-05-28,0,21,0.0
J6,149,2026-05-29,0,21,0.0
J6,150,2026-05-30,0,21,0.0
J6,151,2026-05-31,0,21,0.0
J6,152,2026-06-01,0,21,0.0
J6,153,2026-06-02,0,21,0.0
J6,154,2026-06-03,0,21,0.0
J6,155,2026-06-04,0,21,0.0
J6,156,2026-06-05,0,21,0.0
J6,157,2026-06-06,0,21,0.0
J6,158,2026-06-07,0,21,0.0
J6,159,2026-06-08,0,21,0.0
J6,160,2026-06-09,0,21,0.0
J6,161,2026-06-10,0,21,0.0
J6,162,2026-06-11,0,21,0.0
J6,163,2026-06-12,0,21,0.0
J6,164,2026-06-13,0,21,0.0
J6,165,2026-06-14,0,21,0.0
J7,5,2026-01-05,0,21,0.0
J7,6,2026-01-06,0,21,0.0
J7,7,2026-01-07,0,21,0.0
J7,8,2026-01-08,0,21,0.0
J7,9,2026-01-09,0,21,0.0
J7,10,2026-01-10,0,21,0.0
J7,11,2026-01-11,0,21,0.0
J7,12,2026-01-12,0,21,0.0
J7,13,2026-01-13,0,21,0.0
J7,14,2026-01-14,0,21,0.0
J7,15,2026-01-15,0,21,0.0
J7,16,2026-01-16,0,21,0.0
J7,17,2026-01-17,0,21,0.0
J7,18,2026-01-18,0,21,0.0
J7,19,2026-01-19,0,21,0.0
J7,20,2026-01-20,0,21,0.0
J7,21,2026-01-21,0,21,0.0
J7,22,2026-01-22,0,21,0.0
J7,23,2026-01-23,0,21,0.0
J7,24,2026-01-24,0,21,0.0
J7,25,2026-01-25,0,21,0.0
J7,26,2026-01-26,0,21,0.0
J7,27,2026-01-27,0,21,0.0
J7,28,2026-01-28,0,21,0.0
J7,29,2026-01-29,0,21,0.0
J7,30,2026-01-30,0,21,0.0
J7,31,2026-01-31,0,21,0.0
J7,32,2026-02-01,0,21,0.0
J7,33,2026-02-02,0,21,0.0
J7,34,2026-02-03,0,21,0.0
J7,35,2026-02-04,0,21,0.0
J7,36,2026-02-05,0,21,0.0
J7,37,2026-02-06,0,21,0.0
J7,38,2026-02-07,0,21,0.0
J7,39,2026-02-08,0,21,0.0
J7,40,2026-02-09,0,21,0.0
J7,41,2026-02-10,0,21,0.0
J7,42,2026-02-11,0,21,0.0
J7,43,2026-02-12,0,21,0.0
J7,44,2026-02-13,0,21,0.0
J7,45,2026-02-14,0,21,0.0
J7,46,2026-02-15,0,21,0.0
J7,47,2026-02-16,0,21,0.0
J7,48,2026-02-17,0,21,0.0
J7,49,2026-02-18,0,21,0.0
J7,50,2026-02-19,0,21,0.0
J7,51,2026-02-20,0,21,0.0
J7,52,2026-02-21,0,21,0.0
J7,53,2026-02-22,0,21,0.0
J7,54,2026-02-23,0,21,0.0
J7,55,2026-02-24,0,21,0.0
J7,56,2026-02-25,0,21,0.0
J7,57,2026-02-26,0,21,0.0
J7,58,2026-02-27,0,21,0.0
J7,59,2026-02-28,0,21,0.0
J7,60,2026-03-01,0,21,0.0
J7,61,2026-03-02,0,21,0.0
J7,62,2026-03-03,0,21,0.0
J7,63,2026-03-04,0,21,0.0
J7,64,2026-03-05,0,21,0.0
J7,65,2026-03-06,0,21,0.0
J7,66,2026-03-07,0,21,0.0
J7,67,2026-03-08,0,21,0.0
J7,68,2026-03-09,0,21,0.0
J7,69,2026-03-10,0,21,0.0
J7,70,2026-03-11,0,21,0.0
J7,71,2026-03-12,0,21,0.0
J7,72,2026-03-13,0,21,0.0
J7,73,2026-03-14,0,21,0.0
J7,74,2026-03-15,0,21,0.0
J7,75,2026-03-16,0,21,0.0
J7,76,2026-03-17,0,21,0.0
J7,77,2026-03-18,0,21,0.0
J7,78,2026-03-19,0,21,0.0
J7,79,2026-03-20,0,21,0.0
J7,80,2026-03-21,0,21,0.0
J7,81,2026-03-22,0,21,0.0
J7,82,2026-03-23,0,21,0.0
J7,83,2026-03-24,0,21,0.0
J7,84,2026-03-25,0,21,0.0
J7,85,2026-03-26,0,21,0.0
J7,86,2026-03-27,0,21,0.0
J7,87,2026-03-28,0,21,0.0
J7,88,2026-03-29,0,21,0.0
J7,89,2026-03-30,0,21,0.0
J7,90,2026-03-31,0,21,0.0
J7,91,2026-04-01,0,21,0.0
J7,92,2026-04-02,0,21,0.0
J7,93,2026-04-03,0,21,0.0
J7,94,2026-04-04,0,21,0.0
J7,95,2026-04-05,0,21,0.0
J7,96,2026-04-06,0,21,0.0
J7,97,2026-04-07,0,21,0.0
J7,98,2026-04-08,0,21,0.0
J7,99,2026-04-09,0,21,0.0
J7,100,2026-04-10,0,21,0.0
J7,101,2026-04-11,0,21,0.0
J7,102,2026-04-12,0,21,0.0
J7,103,2026-04-13,0,21,0.0
J7,104,2026-04-14,0,21,0.0
J7,105,2026-04-15,0,21,0.0
J7,106,2026-04-16,0,21,0.0
J7,107,2026-04-17,0,21,0.0
J7,108,2026-04-18,0,21,0.0
J7,109,2026-04-19,0,21,0.0
J7,110,2026-04-20,0,21,0.0
J7,111,2026-04-21,0,21,0.0
J7,112,2026-04-22,0,21,0.0
J7,113,2026-04-23,0,21,0.0
J7,114,2026-04-24,0,21,0.0
J7,115,2026-04-25,0,21,0.0
J7,116,2026-04-26,0,21,0.0
J7,117,2026-04-27,0,21,0.0
J7,118,2026-04-28,0,21,0.0
J7,119,2026-04-29,0,21,0.0
J7,120,2026-04-30,0,21,0.0
J7,121,2026-05-01,0,21,0.0
J7,122,2026-05-02,0,21,0.0
J7,123,2026-05-03,0,21,0.0
J7,124,2026-05-04,0,21,0.0
J7,125,2026-05-05,0,21,0.0
J7,126,2026-05-06,0,21,0.0
J7,127,2026-05-07,0,21,0.0
J7,128,2026-05-08,0,21,0.0
J7,129,2026-05-09,0,21,0.0
J7,130,2026-05-10,0,21,0.0
J7,131,2026-05-11,0,21,0.0
J7,132,2026-05-12,0,21,0.0
J7,133,2026-05-13,0,21,0.0
J7,134,2026-05-14,0,21,0.0
J7,135,2026-05-15,0,21,0.0
J7,136,2026-05-16,0,21,0.0
J7,137,2026-05-17,0,21,0.0
J7,138,2026-05-18,0,21,0.0
J7,139,2026-05-19,0,21,0.0
J7,140,2026-05-20,0,21,0.0
J7,141,2026-05-21,0,21,0.0
J7,142,2026-05-22,0,21,0.0
J7,143,2026-05-23,0,21,0.0
J7,144,2026-05-24,0,21,0.0
J7,145,2026-05-25,0,21,0.0
J7,146,2026-05-26,0,21,0.0
J7,147,2026-05-27,0,21,0.0
J7,148,2026-05-28,0,21,0.0
J7,149,2026-05-29,0,21,0.0
J7,150,2026-05-30,0,21,0.0
J7,151,2026-05-31,0,21,0.0
J7,152,2026-06-01,0,21,0.0
J7,153,2026-06-02,0,21,0.0
J7,154,2026-06-03,0,21,0.0
J7,155,2026-06-04,0,21,0.0
J7,156,2026-06-05,0,21,0.0
J7,157,2026-06-06,0,21,0.0
J7,158,2026-06-07,0,21,0.0
J7,159,2026-06-08,0,21,0.0
J7,160,2026-06-09,0,21,0.0
J7,161,2026-06-10,0,21,0.0
J7,162,2026-06-11,0,21,0.0
J7,163,2026-06-12,0,21,0.0
J7,164,2026-06-13,0,21,0.0
J7,165,2026-06-14,0,21,0.0
J8,5,2026-01-05,0,21,0.0
J8,6,2026-01-06,0,21,0.0
J8,7,2026-01-07,0,21,0.0
J8,8,2026-01-08,0,21,0.0
J8,9,2026-01-09,0,21,0.0
J8,10,2026-01-10,0,21,0.0
J8,11,2026-01-11,0,21,0.0
J8,12,2026-01-12,0,21,0.0
J8,13,2026-01-13,0,21,0.0
J8,14,2026-01-14,0,21,0.0
J8,15,2026-01-15,0,21,0.0
J8,16,2026-01-16,0,21,0.0
J8,17,2026-01-17,0,21,0.0
J8,18,2026-01-18,0,21,0.0
J8,19,2026-01-19,0,21,0.0
J8,20,2026-01-20,0,21,0.0
J8,21,2026-01-21,0,21,0.0
J8,22,2026-01-22,0,21,0.0
J8,23,2026-01-23,0,21,0.0
J8,24,2026-01-24,0,21,0.0
J8,25,2026-01-25,0,21,0.0
J8,26,2026-01-26,0,21,0.0
J8,27,2026-01-27,0,21,0.0
J8,28,2026-01-28,0,21,0.0
J8,29,2026-01-29,0,21,0.0
J8,30,2026-01-30,0,21,0.0
J8,31,2026-01-31,0,21,0.0
J8,32,2026-02-01,0,21,0.0
J8,33,2026-02-02,0,21,0.0
J8,34,2026-02-03,0,21,0.0
J8,35,2026-02-04,0,21,0.0
J8,36,2026-02-05,0,21,0.0
J8,37,2026-02-06,0,21,0.0
J8,38,2026-02-07,0,21,0.0
J8,39,2026-02-08,0,21,0.0
J8,40,2026-02-09,0,21,0.0
J8,41,2026-02-10,0,21,0.0
J8,42,2026-02-11,0,21,0.0
J8,43,2026-02-12,0,21,0.0
J8,44,2026-02-13,0,21,0.0
J8,45,2026-02-14,0,21,0.0
J8,46,2026-02-15,0,21,0.0
J8,47,2026-02-16,0,21,0.0
J8,48,2026-02-17,0,21,0.0
J8,49,2026-02-18,0,21,0.0
J8,50,2026-02-19,0,21,0.0
J8,51,2026-02-20,0,21,0.0
J8,52,2026-02-21,0,21,0.0
J8,53,2026-02-22,0,21,0.0
J8,54,2026-02-23,0,21,0.0
J8,55,2026-02-24,0,21,0.0
J8,56,2026-02-25,0,21,0.0
J8,57,2026-02-26,0,21,0.0
J8,58,2026-02-27,0,21,0.0
J8,59,2026-02-28,0,21,0.0
J8,60,2026-03-01,0,21,0.0
J8,61,2026-03-02,0,21,0.0
J8,62,2026-03-03,0,21,0.0
J8,63,2026-03-04,0,21,0.0
J8,64,2026-03-05,0,21,0.0
J8,65,2026-03-06,0,21,0.0
J8,66,2026-03-07,0,21,0.0
J8,67,2026-03-08,0,21,0.0
J8,68,2026-03-09,0,21,0.0
J8,69,2026-03-10,0,21,0.0
J8,70,2026-03-11,0,21,0.0
J8,71,2026-03-12,0,21,0.0
J8,72,2026-03-13,0,21,0.0
J8,73,2026-03-14,0,21,0.0
J8,74,2026-03-15,0,21,0.0
J8,75,2026-03-16,0,21,0.0
J8,76,2026-03-17,0,21,0.0
J8,77,2026-03-18,0,21,0.0
J8,78,2026-03-19,0,21,0.0
J8,79,2026-03-20,0,21,0.0
J8,80,2026-03-21,0,21,0.0
J8,81,2026-03-22,0,21,0.0
J8,82,2026-03-23,0,21,0.0
J8,83,2026-03-24,0,21,0.0
J8,84,2026-03-25,0,21,0.0
J8,85,2026-03-26,0,21,0.0
J8,86,2026-03-27,0,21,0.0
J8,87,2026-03-28,0,21,0.0
J8,88,2026-03-29,0,21,0.0
J8,89,2026-03-30,0,21,0.0
J8,90,2026-03-31,0,21,0.0
J8,91,2026-04-01,0,21,0.0
J8,92,2026-04-02,0,21,0.0
J8,93,2026-04-03,0,21,0.0
J8,94,2026-04-04,0,21,0.0
J8,95,2026-04-05,0,21,0.0
J8,96,2026-04-06,0,21,0.0
J8,97,2026-04-07,0,21,0.0
J8,98,2026-04-08,0,21,0.0
J8,99,2026-04-09,0,21,0.0
J8,100,2026-04-10,0,21,0.0
J8,101,2026-04-11,0,21,0.0
J8,102,2026-04-12,0,21,0.0
J8,103,2026-04-13,0,21,0.0
J8,104,2026-04-14,0,21,0.0
J8,105,2026-04-15,0,21,0.0
J8,106,2026-04-16,0,21,0.0
J8,107,2026-04-17,0,21,0.0
J8,108,2026-04-18,0,21,0.0
J8,109,2026-04-19,0,21,0.0
J8,110,2026-04-20,0,21,0.0
J8,111,2026-04-21,0,21,0.0
J8,112,2026-04-22,0,21,0.0
J8,113,2026-04-23,0,21,0.0
J8,114,2026-04-24,0,21,0.0
J8,115,2026-04-25,0,21,0.0
J8,116,2026-04-26,0,21,0.0
J8,117,2026-04-27,0,21,0.0
J8,118,2026-04-28,0,21,0.0
J8,119,2026-04-29,0,21,0.0
J8,120,2026-04-30,0,21,0.0
J8,121,2026-05-01,0,21,0.0
J8,122,2026-05-02,0,21,0.0
J8,123,2026-05-03,0,21,0.0
J8,124,2026-05-04,0,21,0.0
J8,125,2026-05-05,0,21,0.0
J8,126,2026-05-06,0,21,0.0
J8,127,2026-05-07,0,21,0.0
J8,128,2026-05-08,0,21,0.0
J8,129,2026-05-09,0,21,0.0
J8,130,2026-05-10,0,21,0.0
J8,131,2026-05-11,0,21,0.0
J8,132,2026-05-12,0,21,0.0
J8,133,2026-05-13,0,21,0.0
J8,134,2026-05-14,0,21,0.0
J8,135,2026-05-15,0,21,0.0
J8,136,2026-05-16,0,21,0.0
J8,137,2026-05-17,0,21,0.0
J8,138,2026-05-18,0,21,0.0
J8,139,2026-05-19,0,21,0.0
J8,140,2026-05-20,0,21,0.0
J8,141,2026-05-21,0,21,0.0
J8,142,2026-05-22,0,21,0.0
J8,143,2026-05-23,0,21,0.0
J8,144,2026-05-24,0,21,0.0
J8,145,2026-05-25,0,21,0.0
J8,146,2026-05-26,0,21,0.0
J8,147,2026-05-27,0,21,0.0
J8,148,2026-05-28,0,21,0.0
J8,149,2026-05-29,0,21,0.0
J8,150,2026-05-30,0,21,0.0
J8,151,2026-05-31,0,21,0.0
J8,152,2026-06-01,0,21,0.0
J8,153,2026-06-02,0,21,0.0
J8,154,2026-06-03,0,21,0.0
J8,155,2026-06-04,0,21,0.0
J8,156,2026-06-05,0,21,0.0
J8,157,2026-06-06,0,21,0.0
J8,158,2026-06-07,0,21,0.0
J8,159,2026-06-08,0,21,0.0
J8,160,2026-06-09,0,21,0.0
J8,161,2026-06-10,0,21,0.0
J8,162,2026-06-11,0,21,0.0
J8,163,2026-06-12,0,21,0.0
J8,164,2026-06-13,0,21,0.0
J8,165,2026-06-14,0,21,0.0
J9,5,2026-01-05,0,21,0.0
J9,6,2026-01-06,0,21,0.0
J9,7,2026-01-07,0,21,0.0
J9,8,2026-01-08,0,21,0.0
J9,9,2026-01-09,0,21,0.0
J9,10,2026-01-10,0,21,0.0
J9,11,2026-01-11,0,21,0.0
J9,12,2026-01-12,0,21,0.0
J9,13,2026-01-13,0,21,0.0
J9,14,2026-01-14,0,21,0.0
J9,15,2026-01-15,0,21,0.0
J9,16,2026-01-16,0,21,0.0
J9,17,2026-01-17,0,21,0.0
J9,18,2026-01-18,0,21,0.0
J9,19,2026-01-19,0,21,0.0
J9,20,2026-01-20,0,21,0.0
J9,21,2026-01-21,0,21,0.0
J9,22,2026-01-22,0,21,0.0
J9,23,2026-01-23,0,21,0.0
J9,24,2026-01-24,0,21,0.0
J9,25,2026-01-25,0,21,0.0
J9,26,2026-01-26,0,21,0.0
J9,27,2026-01-27,0,21,0.0
J9,28,2026-01-28,0,21,0.0
J9,29,2026-01-29,0,21,0.0
J9,30,2026-01-30,0,21,0.0
J9,31,2026-01-31,0,21,0.0
J9,32,2026-02-01,0,21,0.0
J9,33,2026-02-02,0,21,0.0
J9,34,2026-02-03,0,21,0.0
J9,35,2026-02-04,0,21,0.0
J9,36,2026-02-05,0,21,0.0
J9,37,2026-02-06,0,21,0.0
J9,38,2026-02-07,0,21,0.0
J9,39,2026-02-08,0,21,0.0
J9,40,2026-02-09,0,21,0.0
J9,41,2026-02-10,0,21,0.0
J9,42,2026-02-11,0,21,0.0
J9,43,2026-02-12,0,21,0.0
J9,44,2026-02-13,0,21,0.0
J9,45,2026-02-14,0,21,0.0
J9,46,2026-02-15,0,21,0.0
J9,47,2026-02-16,0,21,0.0
J9,48,2026-02-17,0,21,0.0
J9,49,2026-02-18,0,21,0.0
J9,50,2026-02-19,0,21,0.0
J9,51,2026-02-20,0,21,0.0
J9,52,2026-02-21,0,21,0.0
J9,53,2026-02-22,0,21,0.0
J9,54,2026-02-23,0,21,0.0
J9,55,2026-02-24,0,21,0.0
J9,56,2026-02-25,0,21,0.0
J9,57,2026-02-26,0,21,0.0
J9,58,2026-02-27,0,21,0.0
J9,59,2026-02-28,0,21,0.0
J9,60,2026-03-01,0,21,0.0
J9,61,2026-03-02,0,21,0.0
J9,62,2026-03-03,0,21,0.0
J9,63,2026-03-04,0,21,0.0
J9,64,2026-03-05,0,21,0.0
J9,65,2026-03-06,0,21,0.0
J9,66,2026-03-07,0,21,0.0
J9,67,2026-03-08,0,21,0.0
J9,68,2026-03-09,0,21,0.0
J9,69,2026-03-10,0,21,0.0
J9,70,2026-03-11,0,21,0.0
J9,71,2026-03-12,0,21,0.0
J9,72,2026-03-13,0,21,0.0
J9,73,2026-03-14,0,21,0.0
J9,74,2026-03-15,0,21,0.0
J9,75,2026-03-16,0,21,0.0
J9,76,2026-03-17,0,21,0.0
J9,77,2026-03-18,0,21,0.0
J9,78,2026-03-19,0,21,0.0
J9,79,2026-03-20,0,21,0.0
J9,80,2026-03-21,0,21,0.0
J9,81,2026-03-22,0,21,0.0
J9,82,2026-03-23,0,21,0.0
J9,83,2026-03-24,0,21,0.0
J9,84,2026-03-25,0,21,0.0
J9,85,2026-03-26,0,21,0.0
J9,86,2026-03-27,0,21,0.0
J9,87,2026-03-28,0,21,0.0
J9,88,2026-03-29,0,21,0.0
J9,89,2026-03-30,0,21,0.0
J9,90,2026-03-31,0,21,0.0
J9,91,2026-04-01,0,21,0.0
J9,92,2026-04-02,0,21,0.0
J9,93,2026-04-03,0,21,0.0
J9,94,2026-04-04,0,21,0.0
J9,95,2026-04-05,0,21,0.0
J9,96,2026-04-06,0,21,0.0
J9,97,2026-04-07,0,21,0.0
J9,98,2026-04-08,0,21,0.0
J9,99,2026-04-09,0,21,0.0
J9,100,2026-04-10,0,21,0.0
J9,101,2026-04-11,0,21,0.0
J9,102,2026-04-12,0,21,0.0
J9,103,2026-04-13,0,21,0.0
J9,104,2026-04-14,0,21,0.0
J9,105,2026-04-15,0,21,0.0
J9,106,2026-04-16,0,21,0.0
J9,107,2026-04-17,0,21,0.0
J9,108,2026-04-18,0,21,0.0
J9,109,2026-04-19,0,21,0.0
J9,110,2026-04-20,0,21,0.0
J9,111,2026-04-21,0,21,0.0
J9,112,2026-04-22,0,21,0.0
J9,113,2026-04-23,0,21,0.0
J9,114,2026-04-24,0,21,0.0
J9,115,2026-04-25,0,21,0.0
J9,116,2026-04-26,0,21,0.0
J9,117,2026-04-27,0,21,0.0
J9,118,2026-04-28,0,21,0.0
J9,119,2026-04-29,0,21,0.0
J9,120,2026-04-30,0,21,0.0
J9,121,2026-05-01,0,21,0.0
J9,122,2026-05-02,0,21,0.0
J9,123,2026-05-03,0,21,0.0
J9,124,2026-05-04,0,21,0.0
J9,125,2026-05-05,0,21,0.0
J9,126,2026-05-06,0,21,0.0
J9,127,2026-05-07,0,21,0.0
J9,128,2026-05-08,0,21,0.0
J9,129,2026-05-09,0,21,0.0
J9,130,2026-05-10,0,21,0.0
J9,131,2026-05-11,0,21,0.0
J9,132,2026-05-12,0,21,0.0
J9,133,2026-05-13,0,21,0.0
J9,134,2026-05-14,0,21,0.0
J9,135,2026-05-15,0,21,0.0
J9,136,2026-05-16,0,21,0.0
J9,137,2026-05-17,0,21,0.0
J9,138,2026-05-18,0,21,0.0
J9,139,2026-05-19,0,21,0.0
J9,140,2026-05-20,0,21,0.0
J9,141,2026-05-21,0,21,0.0
J9,142,2026-05-22,0,21,0.0
J9,143,2026-05-23,0,21,0.0
J9,144,2026-05-24,0,21,0.0
J9,145,2026-05-25,0,21,0.0
J9,146,2026-05-26,0,21,0.0
J9,147,2026-05-27,0,21,0.0
J9,148,2026-05-28,0,21,0.0
J9,149,2026-05-29,0,21,0.0
J9,150,2026-05-30,0,21,0.0
J9,151,2026-05-31,0,21,0.0
J9,152,2026-06-01,0,21,0.0
J9,153,2026-06-02,0,21,0.0
J9,154,2026-06-03,0,21,0.0
J9,155,2026-06-04,0,21,0.0
J9,156,2026-06-05,0,21,0.0
J9,157,2026-06-06,0,21,0.0
J9,158,2026-06-07,0,21,0.0
J9,159,2026-06-08,0,21,0.0
J9,160,2026-06-09,0,21,0.0
J9,161,2026-06-10,0,21,0.0
J9,162,2026-06-11,0,21,0.0
J9,163,2026-06-12,0,21,0.0
J9,164,2026-06-13,0,21,0.0
J9,165,2026-06-14,0,21,0.0
J10,5,2026-01-05,0,21,0.0
J10,6,2026-01-06,0,21,0.0
J10,7,2026-01-07,0,21,0.0
J10,8,2026-01-08,0,21,0.0
J10,9,2026-01-09,0,21,0.0
J10,10,2026-01-10,0,21,0.0
J10,11,2026-01-11,0,21,0.0
J10,12,2026-01-12,0,21,0.0
J10,13,2026-01-13,0,21,0.0
J10,14,2026-01-14,0,21,0.0
J10,15,2026-01-15,0,21,0.0
J10,16,2026-01-16,0,21,0.0
J10,17,2026-01-17,0,21,0.0
J10,18,2026-01-18,0,21,0.0
J10,19,2026-01-19,0,21,0.0
J10,20,2026-01-20,0,21,0.0
J10,21,2026-01-21,0,21,0.0
J10,22,2026-01-22,0,21,0.0
J10,23,2026-01-23,0,21,0.0
J10,24,2026-01-24,0,21,0.0
J10,25,2026-01-25,0,21,0.0
J10,26,2026-01-26,0,21,0.0
J10,27,2026-01-27,0,21,0.0
J10,28,2026-01-28,0,21,0.0
J10,29,2026-01-29,0,21,0.0
J10,30,2026-01-30,0,21,0.0
J10,31,2026-01-31,0,21,0.0
J10,32,2026-02-01,0,21,0.0
J10,33,2026-02-02,0,21,0.0
J10,34,2026-02-03,0,21,0.0
J10,35,2026-02-04,0,21,0.0
J10,36,2026-02-05,0,21,0.0
J10,37,2026-02-06,0,21,0.0
J10,38,2026-02-07,0,21,0.0
J10,39,2026-02-08,0,21,0.0
J10,40,2026-02-09,0,21,0.0
J10,41,2026-02-10,0,21,0.0
J10,42,2026-02-11,0,21,0.0
J10,43,2026-02-12,0,21,0.0
J10,44,2026-02-13,0,21,0.0
J10,45,2026-02-14,0,21,0.0
J10,46,2026-02-15,0,21,0.0
J10,47,2026-02-16,0,21,0.0
J10,48,2026-02-17,0,21,0.0
J10,49,2026-02-18,0,21,0.0
J10,50,2026-02-19,0,21,0.0
J10,51,2026-02-20,0,21,0.0
J10,52,2026-02-21,0,21,0.0
J10,53,2026-02-22,0,21,0.0
J10,54,2026-02-23,0,21,0.0
J10,55,2026-02-24,0,21,0.0
J10,56,2026-02-25,0,21,0.0
J10,57,2026-02-26,0,21,0.0
J10,58,2026-02-27,0,21,0.0
J10,59,2026-02-28,0,21,0.0
J10,60,2026-03-01,0,21,0.0
J10,61,2026-03-02,0,21,0.0
J10,62,2026-03-03,0,21,0.0
J10,63,2026-03-04,0,21,0.0
J10,64,2026-03-05,0,21,0.0
J10,65,2026-03-06,0,21,0.0
J10,66,2026-03-07,0,21,0.0
J10,67,2026-03-08,0,21,0.0
J10,68,2026-03-09,0,21,0.0
J10,69,2026-03-10,0,21,0.0
J10,70,2026-03-11,0,21,0.0
J10,71,2026-03-12,0,21,0.0
J10,72,2026-03-13,0,21,0.0
J10,73,2026-03-14,0,21,0.0
J10,74,2026-03-15,0,21,0.0
J10,75,2026-03-16,0,21,0.0
J10,76,2026-03-17,0,21,0.0
J10,77,2026-03-18,0,21,0.0
J10,78,2026-03-19,0,21,0.0
J10,79,2026-03-20,0,21,0.0
J10,80,2026-03-21,0,21,0.0
J10,81,2026-03-22,0,21,0.0
J10,82,2026-03-23,0,21,0.0
J10,83,2026-03-24,0,21,0.0
J10,84,2026-03-25,0,21,0.0
J10,85,2026-03-26,0,21,0.0
J10,86,2026-03-27,0,21,0.0
J10,87,2026-03-28,0,21,0.0
J10,88,2026-03-29,0,21,0.0
J10,89,2026-03-30,0,21,0.0
J10,90,2026-03-31,0,21,0.0
J10,91,2026-04-01,0,21,0.0
J10,92,2026-04-02,0,21,0.0
J10,93,2026-04-03,0,21,0.0
J10,94,2026-04-04,0,21,0.0
J10,95,2026-04-05,0,21,0.0
J10,96,2026-04-06,0,21,0.0
J10,97,2026-04-07,0,21,0.0
J10,98,2026-04-08,0,21,0.0
J10,99,2026-04-09,0,21,0.0
J10,100,2026-04-10,0,21,0.0
J10,101,2026-04-11,0,21,0.0
J10,102,2026-04-12,0,21,0.0
J10,103,2026-04-13,0,21,0.0
J10,104,2026-04-14,0,21,0.0
J10,105,2026-04-15,0,21,0.0
J10,106,2026-04-16,0,21,0.0
J10,107,2026-04-17,0,21,0.0
J10,108,2026-04-18,0,21,0.0
J10,109,2026-04-19,0,21,0.0
J10,110,2026-04-20,0,21,0.0
J10,111,2026-04-21,0,21,0.0
J10,112,2026-04-22,0,21,0.0
J10,113,2026-04-23,0,21,0.0
J10,114,2026-04-24,0,21,0.0
J10,115,2026-04-25,0,21,0.0
J10,116,2026-04-26,0,21,0.0
J10,117,2026-04-27,0,21,0.0
J10,118,2026-04-28,0,21,0.0
J10,119,2026-04-29,0,21,0.0
J10,120,2026-04-30,0,21,0.0
J10,121,2026-05-01,0,21,0.0
J10,122,2026-05-02,0,21,0.0
J10,123,2026-05-03,0,21,0.0
J10,124,2026-05-04,0,21,0.0
J10,125,2026-05-05,0,21,0.0
J10,126,2026-05-06,0,21,0.0
J10,127,2026-05-07,0,21,0.0
J10,128,2026-05-08,0,21,0.0
J10,129,2026-05-09,0,21,0.0
J10,130,2026-05-10,0,21,0.0
J10,131,2026-05-11,0,21,0.0
J10,132,2026-05-12,0,21,0.0
J10,133,2026-05-13,0,21,0.0
J10,134,2026-05-14,0,21,0.0
J10,135,2026-05-15,0,21,0.0
J10,136,2026-05-16,0,21,0.0
J10,137,2026-05-17,0,21,0.0
J10,138,2026-05-18,0,21,0.0
J10,139,2026-05-19,0,21,0.0
J10,140,2026-05-20,0,21,0.0
J10,141,2026-05-21,0,21,0.0
J10,142,2026-05-22,0,21,0.0
J10,143,2026-05-23,0,21,0.0
J10,144,2026-05-24,0,21,0.0
J10,145,2026-05-25,0,21,0.0
J10,146,2026-05-26,0,21,0.0
J10,147,2026-05-27,0,21,0.0
J10,148,2026-05-28,0,21,0.0
J10,149,2026-05-29,0,21,0.0
J10,150,2026-05-30,0,21,0.0
J10,151,2026-05-31,0,21,0.0
J10,152,2026-06-01,0,21,0.0
J10,153,2026-06-02,0,21,0.0
J10,154,2026-06-03,0,21,0.0
J10,155,2026-06-04,0,21,0.0
J10,156,2026-06-05,0,21,0.0
J10,157,2026-06-06,0,21,0.0
J10,158,2026-06-07,0,21,0.0
J10,159,2026-06-08,0,21,0.0
J10,160,2026-06-09,0,21,0.0
J10,161,2026-06-10,0,21,0.0
J10,162,2026-06-11,0,21,0.0
J10,163,2026-06-12,0,21,0.0
J10,164,2026-06-13,0,21,0.0
J10,165,2026-06-14,0,21,0.0
J11,5,2026-01-05,0,21,0.0
J11,6,2026-01-06,0,21,0.0
J11,7,2026-01-07,0,21,0.0
J11,8,2026-01-08,0,21,0.0
J11,9,2026-01-09,0,21,0.0
J11,10,2026-01-10,0,21,0.0
J11,11,2026-01-11,0,21,0.0
J11,12,2026-01-12,0,21,0.0
J11,13,2026-01-13,0,21,0.0
J11,14,2026-01-14,0,21,0.0
J11,15,2026-01-15,0,21,0.0
J11,16,2026-01-16,0,21,0.0
J11,17,2026-01-17,0,21,0.0
J11,18,2026-01-18,0,21,0.0
J11,19,2026-01-19,0,21,0.0
J11,20,2026-01-20,0,21,0.0
J11,21,2026-01-21,0,21,0.0
J11,22,2026-01-22,0,21,0.0
J11,23,2026-01-23,0,21,0.0
J11,24,2026-01-24,0,21,0.0
J11,25,2026-01-25,0,21,0.0
J11,26,2026-01-26,0,21,0.0
J11,27,2026-01-27,0,21,0.0
J11,28,2026-01-28,0,21,0.0
J11,29,2026-01-29,0,21,0.0
J11,30,2026-01-30,0,21,0.0
J11,31,2026-01-31,0,21,0.0
J11,32,2026-02-01,0,21,0.0
J11,33,2026-02-02,0,21,0.0
J11,34,2026-02-03,0,21,0.0
J11,35,2026-02-04,0,21,0.0
J11,36,2026-02-05,0,21,0.0
J11,37,2026-02-06,0,21,0.0
J11,38,2026-02-07,0,21,0.0
J11,39,2026-02-08,0,21,0.0
J11,40,2026-02-09,0,21,0.0
J11,41,2026-02-10,0,21,0.0
J11,42,2026-02-11,0,21,0.0
J11,43,2026-02-12,0,21,0.0
J11,44,2026-02-13,0,21,0.0
J11,45,2026-02-14,0,21,0.0
J11,46,2026-02-15,0,21,0.0
J11,47,2026-02-16,0,21,0.0
J11,48,2026-02-17,0,21,0.0
J11,49,2026-02-18,0,21,0.0
J11,50,2026-02-19,0,21,0.0
J11,51,2026-02-20,0,21,0.0
J11,52,2026-02-21,0,21,0.0
J11,53,2026-02-22,0,21,0.0
J11,54,2026-02-23,0,21,0.0
J11,55,2026-02-24,0,21,0.0
J11,56,2026-02-25,0,21,0.0
J11,57,2026-02-26,0,21,0.0
J11,58,2026-02-27,0,21,0.0
J11,59,2026-02-28,0,21,0.0
J11,60,2026-03-01,0,21,0.0
J11,61,2026-03-02,0,21,0.0
J11,62,2026-03-03,0,21,0.0
J11,63,2026-03-04,0,21,0.0
J11,64,2026-03-05,0,21,0.0
J11,65,2026-03-06,0,21,0.0
J11,66,2026-03-07,0,21,0.0
J11,67,2026-03-08,0,21,0.0
J11,68,2026-03-09,0,21,0.0
J11,69,2026-03-10,0,21,0.0
J11,70,2026-03-11,0,21,0.0
J11,71,2026-03-12,0,21,0.0
J11,72,2026-03-13,0,21,0.0
J11,73,2026-03-14,0,21,0.0
J11,74,2026-03-15,0,21,0.0
J11,75,2026-03-16,0,21,0.0
J11,76,2026-03-17,0,21,0.0
J11,77,2026-03-18,0,21,0.0
J11,78,2026-03-19,0,21,0.0
J11,79,2026-03-20,0,21,0.0
J11,80,2026-03-21,0,21,0.0
J11,81,2026-03-22,0,21,0.0
J11,82,2026-03-23,0,21,0.0
J11,83,2026-03-24,0,21,0.0
J11,84,2026-03-25,0,21,0.0
J11,85,2026-03-26,0,21,0.0
J11,86,2026-03-27,0,21,0.0
J11,87,2026-03-28,0,21,0.0
J11,88,2026-03-29,0,21,0.0
J11,89,2026-03-30,0,21,0.0
J11,90,2026-03-31,0,21,0.0
J11,91,2026-04-01,0,21,0.0
J11,92,2026-04-02,0,21,0.0
J11,93,2026-04-03,0,21,0.0
J11,94,2026-04-04,0,21,0.0
J11,95,2026-04-05,0,21,0.0
J11,96,2026-04-06,0,21,0.0
J11,97,2026-04-07,0,21,0.0
J11,98,2026-04-08,0,21,0.0
J11,99,2026-04-09,0,21,0.0
J11,100,2026-04-10,0,21,0.0
J11,101,2026-04-11,0,21,0.0
J11,102,2026-04-12,0,21,0.0
J11,103,2026-04-13,0,21,0.0
J11,104,2026-04-14,0,21,0.0
J11,105,2026-04-15,0,21,0.0
J11,106,2026-04-16,0,21,0.0
J11,107,2026-04-17,0,21,0.0
J11,108,2026-04-18,0,21,0.0
J11,109,2026-04-19,0,21,0.0
J11,110,2026-04-20,0,21,0.0
J11,111,2026-04-21,0,21,0.0
J11,112,2026-04-22,0,21,0.0
J11,113,2026-04-23,0,21,0.0
J11,114,2026-04-24,0,21,0.0
J11,115,2026-04-25,0,21,0.0
J11,116,2026-04-26,0,21,0.0
J11,117,2026-04-27,0,21,0.0
J11,118,2026-04-28,0,21,0.0
J11,119,2026-04-29,0,21,0.0
J11,120,2026-04-30,0,21,0.0
J11,121,2026-05-01,0,21,0.0
J11,122,2026-05-02,0,21,0.0
J11,123,2026-05-03,0,21,0.0
J11,124,2026-05-04,0,21,0.0
J11,125,2026-05-05,0,21,0.0
J11,126,2026-05-06,0,21,0.0
J11,127,2026-05-07,0,21,0.0
J11,128,2026-05-08,0,21,0.0
J11,129,2026-05-09,0,21,0.0
J11,130,2026-05-10,0,21,0.0
J11,131,2026-05-11,0,21,0.0
J11,132,2026-05-12,0,21,0.0
J11,133,2026-05-13,0,21,0.0
J11,134,2026-05-14,0,21,0.0
J11,135,2026-05-15,0,21,0.0
J11,136,2026-05-16,0,21,0.0
J11,137,2026-05-17,0,21,0.0
J11,138,2026-05-18,0,21,0.0
J11,139,2026-05-19,0,21,0.0
J11,140,2026-05-20,0,21,0.0
J11,141,2026-05-21,0,21,0.0
J11,142,2026-05-22,0,21,0.0
J11,143,2026-05-23,0,21,0.0
J11,144,2026-05-24,0,21,0.0
J11,145,2026-05-25,0,21,0.0
J11,146,2026-05-26,0,21,0.0
J11,147,2026-05-27,0,21,0.0
J11,148,2026-05-28,0,21,0.0
J11,149,2026-05-29,0,21,0.0
J11,150,2026-05-30,0,21,0.0
J11,151,2026-05-31,0,21,0.0
J11,152,2026-06-01,0,21,0.0
J11,153,2026-06-02,0,21,0.0
J11,154,2026-06-03,0,21,0.0
J11,155,2026-06-04,0,21,0.0
J11,156,2026-06-05,0,21,0.0
J11,157,2026-06-06,0,21,0.0
J11,158,2026-06-07,0,21,0.0
J11,159,2026-06-08,0,21,0.0
J11,160,2026-06-09,0,21,0.0
J11,161,2026-06-10,0,21,0.0
J11,162,2026-06-11,0,21,0.0
J11,163,2026-06-12,0,21,0.0
J11,164,2026-06-13,0,21,0.0
J11,165,2026-06-14,0,21,0.0
J12,5,2026-01-05,0,21,0.0
J12,6,2026-01-06,0,21,0.0
J12,7,2026-01-07,0,21,0.0
J12,8,2026-01-08,0,21,0.0
J12,9,2026-01-09,0,21,0.0
J12,10,2026-01-10,0,21,0.0
J12,11,2026-01-11,0,21,0.0
J12,12,2026-01-12,0,21,0.0
J12,13,2026-01-13,0,21,0.0
J12,14,2026-01-14,0,21,0.0
J12,15,2026-01-15,0,21,0.0
J12,16,2026-01-16,0,21,0.0
J12,17,2026-01-17,0,21,0.0
J12,18,2026-01-18,0,21,0.0
J12,19,2026-01-19,0,21,0.0
J12,20,2026-01-20,0,21,0.0
J12,21,2026-01-21,0,21,0.0
J12,22,2026-01-22,0,21,0.0
J12,23,2026-01-23,0,21,0.0
J12,24,2026-01-24,0,21,0.0
J12,25,2026-01-25,0,21,0.0
J12,26,2026-01-26,0,21,0.0
J12,27,2026-01-27,0,21,0.0
J12,28,2026-01-28,0,21,0.0
J12,29,2026-01-29,0,21,0.0
J12,30,2026-01-30,0,21,0.0
J12,31,2026-01-31,0,21,0.0
J12,32,2026-02-01,0,21,0.0
J12,33,2026-02-02,0,21,0.0
J12,34,2026-02-03,0,21,0.0
J12,35,2026-02-04,0,21,0.0
J12,36,2026-02-05,0,21,0.0
J12,37,2026-02-06,0,21,0.0
J12,38,2026-02-07,0,21,0.0
J12,39,2026-02-08,0,21,0.0
J12,40,2026-02-09,0,21,0.0
J12,41,2026-02-10,0,21,0.0
J12,42,2026-02-11,0,21,0.0
J12,43,2026-02-12,0,21,0.0
J12,44,2026-02-13,0,21,0.0
J12,45,2026-02-14,0,21,0.0
J12,46,2026-02-15,0,21,0.0
J12,47,2026-02-16,0,21,0.0
J12,48,2026-02-17,0,21,0.0
J12,49,2026-02-18,0,21,0.0
J12,50,2026-02-19,0,21,0.0
J12,51,2026-02-20,0,21,0.0
J12,52,2026-02-21,0,21,0.0
J12,53,2026-02-22,0,21,0.0
J12,54,2026-02-23,0,21,0.0
J12,55,2026-02-24,0,21,0.0
J12,56,2026-02-25,0,21,0.0
J12,57,2026-02-26,0,21,0.0
J12,58,2026-02-27,0,21,0.0
J12,59,2026-02-28,0,21,0.0
J12,60,2026-03-01,0,21,0.0
J12,61,2026-03-02,0,21,0.0
J12,62,2026-03-03,0,21,0.0
J12,63,2026-03-04,0,21,0.0
J12,64,2026-03-05,0,21,0.0
J12,65,2026-03-06,0,21,0.0
J12,66,2026-03-07,0,21,0.0
J12,67,2026-03-08,0,21,0.0
J12,68,2026-03-09,0,21,0.0
J12,69,2026-03-10,0,21,0.0
J12,70,2026-03-11,0,21,0.0
J12,71,2026-03-12,0,21,0.0
J12,72,2026-03-13,0,21,0.0
J12,73,2026-03-14,0,21,0.0
J12,74,2026-03-15,0,21,0.0
J12,75,2026-03-16,0,21,0.0
J12,76,2026-03-17,0,21,0.0
J12,77,2026-03-18,0,21,0.0
J12,78,2026-03-19,0,21,0.0
J12,79,2026-03-20,0,21,0.0
J12,80,2026-03-21,0,21,0.0
J12,81,2026-03-22,0,21,0.0
J12,82,2026-03-23,0,21,0.0
J12,83,2026-03-24,0,21,0.0
J12,84,2026-03-25,0,21,0.0
J12,85,2026-03-26,0,21,0.0
J12,86,2026-03-27,0,21,0.0
J12,87,2026-03-28,0,21,0.0
J12,88,2026-03-29,0,21,0.0
J12,89,2026-03-30,0,21,0.0
J12,90,2026-03-31,0,21,0.0
J12,91,2026-04-01,0,21,0.0
J12,92,2026-04-02,0,21,0.0
J12,93,2026-04-03,0,21,0.0
J12,94,2026-04-04,0,21,0.0
J12,95,2026-04-05,0,21,0.0
J12,96,2026-04-06,0,21,0.0
J12,97,2026-04-07,0,21,0.0
J12,98,2026-04-08,0,21,0.0
J12,99,2026-04-09,0,21,0.0
J12,100,2026-04-10,0,21,0.0
J12,101,2026-04-11,0,21,0.0
J12,102,2026-04-12,0,21,0.0
J12,103,2026-04-13,0,21,0.0
J12,104,2026-04-14,0,21,0.0
J12,105,2026-04-15,0,21,0.0
J12,106,2026-04-16,0,21,0.0
J12,107,2026-04-17,0,21,0.0
J12,108,2026-04-18,0,21,0.0
J12,109,2026-04-19,0,21,0.0
J12,110,2026-04-20,0,21,0.0
J12,111,2026-04-21,0,21,0.0
J12,112,2026-04-22,0,21,0.0
J12,113,2026-04-23,0,21,0.0
J12,114,2026-04-24,0,21,0.0
J12,115,2026-04-25,0,21,0.0
J12,116,2026-04-26,0,21,0.0
J12,117,2026-04-27,0,21,0.0
J12,118,2026-04-28,0,21,0.0
J12,119,2026-04-29,0,21,0.0
J12,120,2026-04-30,0,21,0.0
J12,121,2026-05-01,0,21,0.0
J12,122,2026-05-02,0,21,0.0
J12,123,2026-05-03,0,21,0.0
J12,124,2026-05-04,0,21,0.0
J12,125,2026-05-05,0,21,0.0
J12,126,2026-05-06,0,21,0.0
J12,127,2026-05-07,0,21,0.0
J12,128,2026-05-08,0,21,0.0
J12,129,2026-05-09,0,21,0.0
J12,130,2026-05-10,0,21,0.0
J12,131,2026-05-11,0,21,0.0
J12,132,2026-05-12,0,21,0.0
J12,133,2026-05-13,0,21,0.0
J12,134,2026-05-14,0,21,0.0
J12,135,2026-05-15,0,21,0.0
J12,136,2026-05-16,0,21,0.0
J12,137,2026-05-17,0,21,0.0
J12,138,2026-05-18,0,21,0.0
J12,139,2026-05-19,0,21,0.0
J12,140,2026-05-20,0,21,0.0
J12,141,2026-05-21,0,21,0.0
J12,142,2026-05-22,0,21,0.0
J12,143,2026-05-23,0,21,0.0
J12,144,2026-05-24,0,21,0.0
J12,145,2026-05-25,0,21,0.0
J12,146,2026-05-26,0,21,0.0
J12,147,2026-05-27,0,21,0.0
J12,148,2026-05-28,0,21,0.0
J12,149,2026-05-29,0,21,0.0
J12,150,2026-05-30,0,21,0.0
J12,151,2026-05-31,0,21,0.0
J12,152,2026-06-01,0,21,0.0
J12,153,2026-06-02,0,21,0.0
J12,154,2026-06-03,0,21,0.0
J12,155,2026-06-04,0,21,0.0
J12,156,2026-06-05,0,21,0.0
J12,157,2026-06-06,0,21,0.0
J12,158,2026-06-07,0,21,0.0
J12,159,2026-06-08,0,21,0.0
J12,160,2026-06-09,0,21,0.0
J12,161,2026-06-10,0,21,0.0
J12,162,2026-06-11,0,21,0.0
J12,163,2026-06-12,0,21,0.0
J12,164,2026-06-13,0,21,0.0
J12,165,2026-06-14,0,21,0.0
J13,5,2026-01-05,0,21,0.0
J13,6,2026-01-06,0,21,0.0
J13,7,2026-01-07,0,21,0.0
J13,8,2026-01-08,0,21,0.0
J13,9,2026-01-09,0,21,0.0
J13,10,2026-01-10,0,21,0.0
J13,11,2026-01-11,0,21,0.0
J13,12,2026-01-12,0,21,0.0
J13,13,2026-01-13,0,21,0.0
J13,14,2026-01-14,0,21,0.0
J13,15,2026-01-15,0,21,0.0
J13,16,2026-01-16,0,21,0.0
J13,17,2026-01-17,0,21,0.0
J13,18,2026-01-18,0,21,0.0
J13,19,2026-01-19,0,21,0.0
J13,20,2026-01-20,0,21,0.0
J13,21,2026-01-21,0,21,0.0
J13,22,2026-01-22,0,21,0.0
J13,23,2026-01-23,0,21,0.0
J13,24,2026-01-24,0,21,0.0
J13,25,2026-01-25,0,21,0.0
J13,26,2026-01-26,0,21,0.0
J13,27,2026-01-27,0,21,0.0
J13,28,2026-01-28,0,21,0.0
J13,29,2026-01-29,0,21,0.0
J13,30,2026-01-30,0,21,0.0
J13,31,2026-01-31,0,21,0.0
J13,32,2026-02-01,0,21,0.0
J13,33,2026-02-02,0,21,0.0
J13,34,2026-02-03,0,21,0.0
J13,35,2026-02-04,0,21,0.0
J13,36,2026-02-05,0,21,0.0
J13,37,2026-02-06,0,21,0.0
J13,38,2026-02-07,0,21,0.0
J13,39,2026-02-08,0,21,0.0
J13,40,2026-02-09,0,21,0.0
J13,41,2026-02-10,0,21,0.0
J13,42,2026-02-11,0,21,0.0
J13,43,2026-02-12,0,21,0.0
J13,44,2026-02-13,0,21,0.0
J13,45,2026-02-14,0,21,0.0
J13,46,2026-02-15,0,21,0.0
J13,47,2026-02-16,0,21,0.0
J13,48,2026-02-17,0,21,0.0
J13,49,2026-02-18,0,21,0.0
J13,50,2026-02-19,0,21,0.0
J13,51,2026-02-20,0,21,0.0
J13,52,2026-02-21,0,21,0.0
J13,53,2026-02-22,0,21,0.0
J13,54,2026-02-23,0,21,0.0
J13,55,2026-02-24,0,21,0.0
J13,56,2026-02-25,0,21,0.0
J13,57,2026-02-26,0,21,0.0
J13,58,2026-02-27,0,21,0.0
J13,59,2026-02-28,0,21,0.0
J13,60,2026-03-01,0,21,0.0
J13,61,2026-03-02,0,21,0.0
J13,62,2026-03-03,0,21,0.0
J13,63,2026-03-04,0,21,0.0
J13,64,2026-03-05,0,21,0.0
J13,65,2026-03-06,0,21,0.0
J13,66,2026-03-07,0,21,0.0
J13,67,2026-03-08,0,21,0.0
J13,68,2026-03-09,0,21,0.0
J13,69,2026-03-10,0,21,0.0
J13,70,2026-03-11,0,21,0.0
J13,71,2026-03-12,0,21,0.0
J13,72,2026-03-13,0,21,0.0
J13,73,2026-03-14,0,21,0.0
J13,74,2026-03-15,0,21,0.0
J13,75,2026-03-16,0,21,0.0
J13,76,2026-03-17,0,21,0.0
J13,77,2026-03-18,0,21,0.0
J13,78,2026-03-19,0,21,0.0
J13,79,2026-03-20,0,21,0.0
J13,80,2026-03-21,0,21,0.0
J13,81,2026-03-22,0,21,0.0
J13,82,2026-03-23,0,21,0.0
J13,83,2026-03-24,0,21,0.0
J13,84,2026-03-25,0,21,0.0
J13,85,2026-03-26,0,21,0.0
J13,86,2026-03-27,0,21,0.0
J13,87,2026-03-28,0,21,0.0
J13,88,2026-03-29,0,21,0.0
J13,89,2026-03-30,0,21,0.0
J13,90,2026-03-31,0,21,0.0
J13,91,2026-04-01,0,21,0.0
J13,92,2026-04-02,0,21,0.0
J13,93,2026-04-03,0,21,0.0
J13,94,2026-04-04,0,21,0.0
J13,95,2026-04-05,0,21,0.0
J13,96,2026-04-06,0,21,0.0
J13,97,2026-04-07,0,21,0.0
J13,98,2026-04-08,0,21,0.0
J13,99,2026-04-09,0,21,0.0
J13,100,2026-04-10,0,21,0.0
J13,101,2026-04-11,0,21,0.0
J13,102,2026-04-12,0,21,0.0
J13,103,2026-04-13,0,21,0.0
J13,104,2026-04-14,0,21,0.0
J13,105,2026-04-15,0,21,0.0
J13,106,2026-04-16,0,21,0.0
J13,107,2026-04-17,0,21,0.0
J13,108,2026-04-18,0,21,0.0
J13,109,2026-04-19,0,21,0.0
J13,110,2026-04-20,0,21,0.0
J13,111,2026-04-21,0,21,0.0
J13,112,2026-04-22,0,21,0.0
J13,113,2026-04-23,0,21,0.0
J13,114,2026-04-24,0,21,0.0
J13,115,2026-04-25,0,21,0.0
J13,116,2026-04-26,0,21,0.0
J13,117,2026-04-27,0,21,0.0
J13,118,2026-04-28,0,21,0.0
J13,119,2026-04-29,0,21,0.0
J13,120,2026-04-30,0,21,0.0
J13,121,2026-05-01,0,21,0.0
J13,122,2026-05-02,0,21,0.0
J13,123,2026-05-03,0,21,0.0
J13,124,2026-05-04,0,21,0.0
J13,125,2026-05-05,0,21,0.0
J13,126,2026-05-06,0,21,0.0
J13,127,2026-05-07,0,21,0.0
J13,128,2026-05-08,0,21,0.0
J13,129,2026-05-09,0,21,0.0
J13,130,2026-05-10,0,21,0.0
J13,131,2026-05-11,0,21,0.0
J13,132,2026-05-12,0,21,0.0
J13,133,2026-05-13,0,21,0.0
J13,134,2026-05-14,0,21,0.0
J13,135,2026-05-15,0,21,0.0
J13,136,2026-05-16,0,21,0.0
J13,137,2026-05-17,0,21,0.0
J13,138,2026-05-18,0,21,0.0
J13,139,2026-05-19,0,21,0.0
J13,140,2026-05-20,0,21,0.0
J13,141,2026-05-21,0,21,0.0
J13,142,2026-05-22,0,21,0.0
J13,143,2026-05-23,0,21,0.0
J13,144,2026-05-24,0,21,0.0
J13,145,2026-05-25,0,21,0.0
J13,146,2026-05-26,0,21,0.0
J13,147,2026-05-27,0,21,0.0
J13,148,2026-05-28,0,21,0.0
J13,149,2026-05-29,0,21,0.0
J13,150,2026-05-30,0,21,0.0
J13,151,2026-05-31,0,21,0.0
J13,152,2026-06-01,0,21,0.0
J13,153,2026-06-02,0,21,0.0
J13,154,2026-06-03,0,21,0.0
J13,155,2026-06-04,0,21,0.0
J13,156,2026-06-05,0,21,0.0
J13,157,2026-06-06,0,21,0.0
J13,158,2026-06-07,0,21,0.0
J13,159,2026-06-08,0,21,0.0
J13,160,2026-06-09,0,21,0.0
J13,161,2026-06-10,0,21,0.0
J13,162,2026-06-11,0,21,0.0
J13,163,2026-06-12,0,21,0.0
J13,164,2026-06-13,0,21,0.0
J13,165,2026-06-14,0,21,0.0
J14,5,2026-01-05,0,21,0.0
J14,6,2026-01-06,0,21,0.0
J14,7,2026-01-07,0,21,0.0
J14,8,2026-01-08,0,21,0.0
J14,9,2026-01-09,0,21,0.0
J14,10,2026-01-10,0,21,0.0
J14,11,2026-01-11,0,21,0.0
J14,12,2026-01-12,0,21,0.0
J14,13,2026-01-13,0,21,0.0
J14,14,2026-01-14,0,21,0.0
J14,15,2026-01-15,0,21,0.0
J14,16,2026-01-16,0,21,0.0
J14,17,2026-01-17,0,21,0.0
J14,18,2026-01-18,0,21,0.0
J14,19,2026-01-19,0,21,0.0
J14,20,2026-01-20,0,21,0.0
J14,21,2026-01-21,0,21,0.0
J14,22,2026-01-22,0,21,0.0
J14,23,2026-01-23,0,21,0.0
J14,24,2026-01-24,0,21,0.0
J14,25,2026-01-25,0,21,0.0
J14,26,2026-01-26,0,21,0.0
J14,27,2026-01-27,0,21,0.0
J14,28,2026-01-28,0,21,0.0
J14,29,2026-01-29,0,21,0.0
J14,30,2026-01-30,0,21,0.0
J14,31,2026-01-31,0,21,0.0
J14,32,2026-02-01,0,21,0.0
J14,33,2026-02-02,0,21,0.0
J14,34,2026-02-03,0,21,0.0
J14,35,2026-02-04,0,21,0.0
J14,36,2026-02-05,0,21,0.0
J14,37,2026-02-06,0,21,0.0
J14,38,2026-02-07,0,21,0.0
J14,39,2026-02-08,0,21,0.0
J14,40,2026-02-09,0,21,0.0
J14,41,2026-02-10,0,21,0.0
J14,42,2026-02-11,0,21,0.0
J14,43,2026-02-12,0,21,0.0
J14,44,2026-02-13,0,21,0.0
J14,45,2026-02-14,0,21,0.0
J14,46,2026-02-15,0,21,0.0
J14,47,2026-02-16,0,21,0.0
J14,48,2026-02-17,0,21,0.0
J14,49,2026-02-18,0,21,0.0
J14,50,2026-02-19,0,21,0.0
J14,51,2026-02-20,0,21,0.0
J14,52,2026-02-21,0,21,0.0
J14,53,2026-02-22,0,21,0.0
J14,54,2026-02-23,0,21,0.0
J14,55,2026-02-24,0,21,0.0
J14,56,2026-02-25,0,21,0.0
J14,57,2026-02-26,0,21,0.0
J14,58,2026-02-27,0,21,0.0
J14,59,2026-02-28,0,21,0.0
J14,60,2026-03-01,0,21,0.0
J14,61,2026-03-02,0,21,0.0
J14,62,2026-03-03,0,21,0.0
J14,63,2026-03-04,0,21,0.0
J14,64,2026-03-05,0,21,0.0
J14,65,2026-03-06,0,21,0.0
J14,66,2026-03-07,0,21,0.0
J14,67,2026-03-08,0,21,0.0
J14,68,2026-03-09,0,21,0.0
J14,69,2026-03-10,0,21,0.0
J14,70,2026-03-11,0,21,0.0
J14,71,2026-03-12,0,21,0.0
J14,72,2026-03-13,0,21,0.0
J14,73,2026-03-14,0,21,0.0
J14,74,2026-03-15,0,21,0.0
J14,75,2026-03-16,0,21,0.0
J14,76,2026-03-17,0,21,0.0
J14,77,2026-03-18,0,21,0.0
J14,78,2026-03-19,0,21,0.0
J14,79,2026-03-20,0,21,0.0
J14,80,2026-03-21,0,21,0.0
J14,81,2026-03-22,0,21,0.0
J14,82,2026-03-23,0,21,0.0
J14,83,2026-03-24,0,21,0.0
J14,84,2026-03-25,0,21,0.0
J14,85,2026-03-26,0,21,0.0
J14,86,2026-03-27,0,21,0.0
J14,87,2026-03-28,0,21,0.0
J14,88,2026-03-29,0,21,0.0
J14,89,2026-03-30,0,21,0.0
J14,90,2026-03-31,0,21,0.0
J14,91,2026-04-01,0,21,0.0
J14,92,2026-04-02,0,21,0.0
J14,93,2026-04-03,0,21,0.0
J14,94,2026-04-04,0,21,0.0
J14,95,2026-04-05,0,21,0.0
J14,96,2026-04-06,0,21,0.0
J14,97,2026-04-07,0,21,0.0
J14,98,2026-04-08,0,21,0.0
J14,99,2026-04-09,0,21,0.0
J14,100,2026-04-10,0,21,0.0
J14,101,2026-04-11,0,21,0.0
J14,102,2026-04-12,0,21,0.0
J14,103,2026-04-13,0,21,0.0
J14,104,2026-04-14,0,21,0.0
J14,105,2026-04-15,0,21,0.0
J14,106,2026-04-16,0,21,0.0
J14,107,2026-04-17,0,21,0.0
J14,108,2026-04-18,0,21,0.0
J14,109,2026-04-19,0,21,0.0
J14,110,2026-04-20,0,21,0.0
J14,111,2026-04-21,0,21,0.0
J14,112,2026-04-22,0,21,0.0
J14,113,2026-04-23,0,21,0.0
J14,114,2026-04-24,0,21,0.0
J14,115,2026-04-25,0,21,0.0
J14,116,2026-04-26,0,21,0.0
J14,117,2026-04-27,0,21,0.0
J14,118,2026-04-28,0,21,0.0
J14,119,2026-04-29,0,21,0.0
J14,120,2026-04-30,0,21,0.0
J14,121,2026-05-01,0,21,0.0
J14,122,2026-05-02,0,21,0.0
J14,123,2026-05-03,0,21,0.0
J14,124,2026-05-04,0,21,0.0
J14,125,2026-05-05,0,21,0.0
J14,126,2026-05-06,0,21,0.0
J14,127,2026-05-07,0,21,0.0
J14,128,2026-05-08,0,21,0.0
J14,129,2026-05-09,0,21,0.0
J14,130,2026-05-10,0,21,0.0
J14,131,2026-05-11,0,21,0.0
J14,132,2026-05-12,0,21,0.0
J14,133,2026-05-13,0,21,0.0
J14,134,2026-05-14,0,21,0.0
J14,135,2026-05-15,0,21,0.0
J14,136,2026-05-16,0,21,0.0
J14,137,2026-05-17,0,21,0.0
J14,138,2026-05-18,0,21,0.0
J14,139,2026-05-19,0,21,0.0
J14,140,2026-05-20,0,21,0.0
J14,141,2026-05-21,0,21,0.0
J14,142,2026-05-22,0,21,0.0
J14,143,2026-05-23,0,21,0.0
J14,144,2026-05-24,0,21,0.0
J14,145,2026-05-25,0,21,0.0
J14,146,2026-05-26,0,21,0.0
J14,147,2026-05-27,0,21,0.0
J14,148,2026-05-28,0,21,0.0
J14,149,2026-05-29,0,21,0.0
J14,150,2026-05-30,0,21,0.0
J14,151,2026-05-31,0,21,0.0
J14,152,2026-06-01,0,21,0.0
J14,153,2026-06-02,0,21,0.0
J14,154,2026-06-03,0,21,0.0
J14,155,2026-06-04,0,21,0.0
J14,156,2026-06-05,0,21,0.0
J14,157,2026-06-06,0,21,0.0
J14,158,2026-06-07,0,21,0.0
J14,159,2026-06-08,0,21,0.0
J14,160,2026-06-09,0,21,0.0
J14,161,2026-06-10,0,21,0.0
J14,162,2026-06-11,0,21,0.0
J14,163,2026-06-12,0,21,0.0
J14,164,2026-06-13,0,21,0.0
J14,165,2026-06-14,0,21,0.0
J15,5,2026-01-05,0,21,0.0
J15,6,2026-01-06,0,21,0.0
J15,7,2026-01-07,0,21,0.0
J15,8,2026-01-08,0,21,0.0
J15,9,2026-01-09,0,21,0.0
J15,10,2026-01-10,0,21,0.0
J15,11,2026-01-11,0,21,0.0
J15,12,2026-01-12,0,21,0.0
J15,13,2026-01-13,0,21,0.0
J15,14,2026-01-14,0,21,0.0
J15,15,2026-01-15,0,21,0.0
J15,16,2026-01-16,0,21,0.0
J15,17,2026-01-17,0,21,0.0
J15,18,2026-01-18,0,21,0.0
J15,19,2026-01-19,0,21,0.0
J15,20,2026-01-20,0,21,0.0
J15,21,2026-01-21,0,21,0.0
J15,22,2026-01-22,0,21,0.0
J15,23,2026-01-23,0,21,0.0
J15,24,2026-01-24,0,21,0.0
J15,25,2026-01-25,0,21,0.0
J15,26,2026-01-26,0,21,0.0
J15,27,2026-01-27,0,21,0.0
J15,28,2026-01-28,0,21,0.0
J15,29,2026-01-29,0,21,0.0
J15,30,2026-01-30,0,21,0.0
J15,31,2026-01-31,0,21,0.0
J15,32,2026-02-01,0,21,0.0
J15,33,2026-02-02,0,21,0.0
J15,34,2026-02-03,0,21,0.0
J15,35,2026-02-04,0,21,0.0
J15,36,2026-02-05,0,21,0.0
J15,37,2026-02-06,0,21,0.0
J15,38,2026-02-07,0,21,0.0
J15,39,2026-02-08,0,21,0.0
J15,40,2026-02-09,0,21,0.0
J15,41,2026-02-10,0,21,0.0
J15,42,2026-02-11,0,21,0.0
J15,43,2026-02-12,0,21,0.0
J15,44,2026-02-13,0,21,0.0
J15,45,2026-02-14,0,21,0.0
J15,46,2026-02-15,0,21,0.0
J15,47,2026-02-16,0,21,0.0
J15,48,2026-02-17,0,21,0.0
J15,49,2026-02-18,0,21,0.0
J15,50,2026-02-19,0,21,0.0
J15,51,2026-02-20,0,21,0.0
J15,52,2026-02-21,0,21,0.0
J15,53,2026-02-22,0,21,0.0
J15,54,2026-02-23,0,21,0.0
J15,55,2026-02-24,0,21,0.0
J15,56,2026-02-25,0,21,0.0
J15,57,2026-02-26,0,21,0.0
J15,58,2026-02-27,0,21,0.0
J15,59,2026-02-28,0,21,0.0
J15,60,2026-03-01,0,21,0.0
J15,61,2026-03-02,0,21,0.0
J15,62,2026-03-03,0,21,0.0
J15,63,2026-03-04,0,21,0.0
J15,64,2026-03-05,0,21,0.0
J15,65,2026-03-06,0,21,0.0
J15,66,2026-03-07,0,21,0.0
J15,67,2026-03-08,0,21,0.0
J15,68,2026-03-09,0,21,0.0
J15,69,2026-03-10,0,21,0.0
J15,70,2026-03-11,0,21,0.0
J15,71,2026-03-12,0,21,0.0
J15,72,2026-03-13,0,21,0.0
J15,73,2026-03-14,0,21,0.0
J15,74,2026-03-15,0,21,0.0
J15,75,2026-03-16,0,21,0.0
J15,76,2026-03-17,0,21,0.0
J15,77,2026-03-18,0,21,0.0
J15,78,2026-03-19,0,21,0.0
J15,79,2026-03-20,0,21,0.0
J15,80,2026-03-21,0,21,0.0
J15,81,2026-03-22,0,21,0.0
J15,82,2026-03-23,0,21,0.0
J15,83,2026-03-24,0,21,0.0
J15,84,2026-03-25,0,21,0.0
J15,85,2026-03-26,0,21,0.0
J15,86,2026-03-27,0,21,0.0
J15,87,2026-03-28,0,21,0.0
J15,88,2026-03-29,0,21,0.0
J15,89,2026-03-30,0,21,0.0
J15,90,2026-03-31,0,21,0.0
J15,91,2026-04-01,0,21,0.0
J15,92,2026-04-02,0,21,0.0
J15,93,2026-04-03,0,21,0.0
J15,94,2026-04-04,0,21,0.0
J15,95,2026-04-05,0,21,0.0
J15,96,2026-04-06,0,21,0.0
J15,97,2026-04-07,0,21,0.0
J15,98,2026-04-08,0,21,0.0
J15,99,2026-04-09,0,21,0.0
J15,100,2026-04-10,0,21,0.0
J15,101,2026-04-11,0,21,0.0
J15,102,2026-04-12,0,21,0.0
J15,103,2026-04-13,0,21,0.0
J15,104,2026-04-14,0,21,0.0
J15,105,2026-04-15,0,21,0.0
J15,106,2026-04-16,0,21,0.0
J15,107,2026-04-17,0,21,0.0
J15,108,2026-04-18,0,21,0.0
J15,109,2026-04-19,0,21,0.0
J15,110,2026-04-20,0,21,0.0
J15,111,2026-04-21,0,21,0.0
J15,112,2026-04-22,0,21,0.0
J15,113,2026-04-23,0,21,0.0
J15,114,2026-04-24,0,21,0.0
J15,115,2026-04-25,0,21,0.0
J15,116,2026-04-26,0,21,0.0
J15,117,2026-04-27,0,21,0.0
J15,118,2026-04-28,0,21,0.0
J15,119,2026-04-29,0,21,0.0
J15,120,2026-04-30,0,21,0.0
J15,121,2026-05-01,0,21,0.0
J15,122,2026-05-02,0,21,0.0
J15,123,2026-05-03,0,21,0.0
J15,124,2026-05-04,0,21,0.0
J15,125,2026-05-05,0,21,0.0
J15,126,2026-05-06,0,21,0.0
J15,127,2026-05-07,0,21,0.0
J15,128,2026-05-08,0,21,0.0
J15,129,2026-05-09,0,21,0.0
J15,130,2026-05-10,0,21,0.0
J15,131,2026-05-11,0,21,0.0
J15,132,2026-05-12,0,21,0.0
J15,133,2026-05-13,0,21,0.0
J15,134,2026-05-14,0,21,0.0
J15,135,2026-05-15,0,21,0.0
J15,136,2026-05-16,0,21,0.0
J15,137,2026-05-17,0,21,0.0
J15,138,2026-05-18,0,21,0.0
J15,139,2026-05-19,0,21,0.0
J15,140,2026-05-20,0,21,0.0
J15,141,2026-05-21,0,21,0.0
J15,142,2026-05-22,0,21,0.0
J15,143,2026-05-23,0,21,0.0
J15,144,2026-05-24,0,21,0.0
J15,145,2026-05-25,0,21,0.0
J15,146,2026-05-26,0,21,0.0
J15,147,2026-05-27,0,21,0.0
J15,148,2026-05-28,0,21,0.0
J15,149,2026-05-29,0,21,0.0
J15,150,2026-05-30,0,21,0.0
J15,151,2026-05-31,0,21,0.0
J15,152,2026-06-01,0,21,0.0
J15,153,2026-06-02,0,21,0.0
J15,154,2026-06-03,0,21,0.0
J15,155,2026-06-04,0,21,0.0
J15,156,2026-06-05,0,21,0.0
J15,157,2026-06-06,0,21,0.0
J15,158,2026-06-07,0,21,0.0
J15,159,2026-06-08,0,21,0.0
J15,160,2026-06-09,0,21,0.0
J15,161,2026-06-10,0,21,0.0
J15,162,2026-06-11,0,21,0.0
J15,163,2026-06-12,0,21,0.0
J15,164,2026-06-13,0,21,0.0
J15,165,2026-06-14,0,21,0.0
J16,5,2026-01-05,0,21,0.0
J16,6,2026-01-06,0,21,0.0
J16,7,2026-01-07,0,21,0.0
J16,8,2026-01-08,0,21,0.0
J16,9,2026-01-09,0,21,0.0
J16,10,2026-01-10,0,21,0.0
J16,11,2026-01-11,0,21,0.0
J16,12,2026-01-12,0,21,0.0
J16,13,2026-01-13,0,21,0.0
J16,14,2026-01-14,0,21,0.0
J16,15,2026-01-15,0,21,0.0
J16,16,2026-01-16,0,21,0.0
J16,17,2026-01-17,0,21,0.0
J16,18,2026-01-18,0,21,0.0
J16,19,2026-01-19,0,21,0.0
J16,20,2026-01-20,0,21,0.0
J16,21,2026-01-21,0,21,0.0
J16,22,2026-01-22,0,21,0.0
J16,23,2026-01-23,0,21,0.0
J16,24,2026-01-24,0,21,0.0
J16,25,2026-01-25,0,21,0.0
J16,26,2026-01-26,0,21,0.0
J16,27,2026-01-27,0,21,0.0
J16,28,2026-01-28,0,21,0.0
J16,29,2026-01-29,0,21,0.0
J16,30,2026-01-30,0,21,0.0
J16,31,2026-01-31,0,21,0.0
J16,32,2026-02-01,0,21,0.0
J16,33,2026-02-02,0,21,0.0
J16,34,2026-02-03,0,21,0.0
J16,35,2026-02-04,0,21,0.0
J16,36,2026-02-05,0,21,0.0
J16,37,2026-02-06,0,21,0.0
J16,38,2026-02-07,0,21,0.0
J16,39,2026-02-08,0,21,0.0
J16,40,2026-02-09,0,21,0.0
J16,41,2026-02-10,0,21,0.0
J16,42,2026-02-11,0,21,0.0
J16,43,2026-02-12,0,21,0.0
J16,44,2026-02-13,0,21,0.0
J16,45,2026-02-14,0,21,0.0
J16,46,2026-02-15,0,21,0.0
J16,47,2026-02-16,0,21,0.0
J16,48,2026-02-17,0,21,0.0
J16,49,2026-02-18,0,21,0.0
J16,50,2026-02-19,0,21,0.0
J16,51,2026-02-20,0,21,0.0
J16,52,2026-02-21,0,21,0.0
J16,53,2026-02-22,0,21,0.0
J16,54,2026-02-23,0,21,0.0
J16,55,2026-02-24,0,21,0.0
J16,56,2026-02-25,0,21,0.0
J16,57,2026-02-26,0,21,0.0
J16,58,2026-02-27,0,21,0.0
J16,59,2026-02-28,0,21,0.0
J16,60,2026-03-01,0,21,0.0
J16,61,2026-03-02,0,21,0.0
J16,62,2026-03-03,0,21,0.0
J16,63,2026-03-04,0,21,0.0
J16,64,2026-03-05,0,21,0.0
J16,65,2026-03-06,0,21,0.0
J16,66,2026-03-07,0,21,0.0
J16,67,2026-03-08,0,21,0.0
J16,68,2026-03-09,0,21,0.0
J16,69,2026-03-10,0,21,0.0
J16,70,2026-03-11,0,21,0.0
J16,71,2026-03-12,0,21,0.0
J16,72,2026-03-13,0,21,0.0
J16,73,2026-03-14,0,21,0.0
J16,74,2026-03-15,0,21,0.0
J16,75,2026-03-16,0,21,0.0
J16,76,2026-03-17,0,21,0.0
J16,77,2026-03-18,0,21,0.0
J16,78,2026-03-19,0,21,0.0
J16,79,2026-03-20,0,21,0.0
J16,80,2026-03-21,0,21,0.0
J16,81,2026-03-22,0,21,0.0
J16,82,2026-03-23,0,21,0.0
J16,83,2026-03-24,0,21,0.0
J16,84,2026-03-25,0,21,0.0
J16,85,2026-03-26,0,21,0.0
J16,86,2026-03-27,0,21,0.0
J16,87,2026-03-28,0,21,0.0
J16,88,2026-03-29,0,21,0.0
J16,89,2026-03-30,0,21,0.0
J16,90,2026-03-31,0,21,0.0
J16,91,2026-04-01,0,21,0.0
J16,92,2026-04-02,0,21,0.0
J16,93,2026-04-03,0,21,0.0
J16,94,2026-04-04,0,21,0.0
J16,95,2026-04-05,0,21,0.0
J16,96,2026-04-06,0,21,0.0
J16,97,2026-04-07,0,21,0.0
J16,98,2026-04-08,0,21,0.0
J16,99,2026-04-09,0,21,0.0
J16,100,2026-04-10,0,21,0.0
J16,101,2026-04-11,0,21,0.0
J16,102,2026-04-12,0,21,0.0
J16,103,2026-04-13,0,21,0.0
J16,104,2026-04-14,0,21,0.0
J16,105,2026-04-15,0,21,0.0
J16,106,2026-04-16,0,21,0.0
J16,107,2026-04-17,0,21,0.0
J16,108,2026-04-18,0,21,0.0
J16,109,2026-04-19,0,21,0.0
J16,110,2026-04-20,0,21,0.0
J16,111,2026-04-21,0,21,0.0
J16,112,2026-04-22,0,21,0.0
J16,113,2026-04-23,0,21,0.0
J16,114,2026-04-24,0,21,0.0
J16,115,2026-04-25,0,21,0.0
J16,116,2026-04-26,0,21,0.0
J16,117,2026-04-27,0,21,0.0
J16,118,2026-04-28,0,21,0.0
J16,119,2026-04-29,0,21,0.0
J16,120,2026-04-30,0,21,0.0
J16,121,2026-05-01,0,21,0.0
J16,122,2026-05-02,0,21,0.0
J16,123,2026-05-03,0,21,0.0
J16,124,2026-05-04,0,21,0.0
J16,125,2026-05-05,0,21,0.0
J16,126,2026-05-06,0,21,0.0
J16,127,2026-05-07,0,21,0.0
J16,128,2026-05-08,0,21,0.0
J16,129,2026-05-09,0,21,0.0
J16,130,2026-05-10,0,21,0.0
J16,131,2026-05-11,0,21,0.0
J16,132,2026-05-12,0,21,0.0
J16,133,2026-05-13,0,21,0.0
J16,134,2026-05-14,0,21,0.0
J16,135,2026-05-15,0,21,0.0
J16,136,2026-05-16,0,21,0.0
J16,137,2026-05-17,0,21,0.0
J16,138,2026-05-18,0,21,0.0
J16,139,2026-05-19,0,21,0.0
J16,140,2026-05-20,0,21,0.0
J16,141,2026-05-21,0,21,0.0
J16,142,2026-05-22,0,21,0.0
J16,143,2026-05-23,0,21,0.0
J16,144,2026-05-24,0,21,0.0
J16,145,2026-05-25,0,21,0.0
J16,146,2026-05-26,0,21,0.0
J16,147,2026-05-27,0,21,0.0
J16,148,2026-05-28,0,21,0.0
J16,149,2026-05-29,0,21,0.0
J16,150,2026-05-30,0,21,0.0
J16,151,2026-05-31,0,21,0.0
J16,152,2026-06-01,0,21,0.0
J16,153,2026-06-02,0,21,0.0
J16,154,2026-06-03,0,21,0.0
J16,155,2026-06-04,0,21,0.0
J16,156,2026-06-05,0,21,0.0
J16,157,2026-06-06,0,21,0.0
J16,158,2026-06-07,0,21,0.0
J16,159,2026-06-08,0,21,0.0
J16,160,2026-06-09,0,21,0.0
J16,161,2026-06-10,0,21,0.0
J16,162,2026-06-11,0,21,0.0
J16,163,2026-06-12,0,21,0.0
J16,164,2026-06-13,0,21,0.0
J16,165,2026-06-14,0,21,0.0
J17,5,2026-01-05,0,21,0.0
J17,6,2026-01-06,0,21,0.0
J17,7,2026-01-07,0,21,0.0
J17,8,2026-01-08,0,21,0.0
J17,9,2026-01-09,0,21,0.0
J17,10,2026-01-10,0,21,0.0
J17,11,2026-01-11,0,21,0.0
J17,12,2026-01-12,0,21,0.0
J17,13,2026-01-13,0,21,0.0
J17,14,2026-01-14,0,21,0.0
J17,15,2026-01-15,0,21,0.0
J17,16,2026-01-16,0,21,0.0
J17,17,2026-01-17,0,21,0.0
J17,18,2026-01-18,0,21,0.0
J17,19,2026-01-19,0,21,0.0
J17,20,2026-01-20,0,21,0.0
J17,21,2026-01-21,0,21,0.0
J17,22,2026-01-22,0,21,0.0
J17,23,2026-01-23,0,21,0.0
J17,24,2026-01-24,0,21,0.0
J17,25,2026-01-25,0,21,0.0
J17,26,2026-01-26,0,21,0.0
J17,27,2026-01-27,0,21,0.0
J17,28,2026-01-28,0,21,0.0
J17,29,2026-01-29,0,21,0.0
J17,30,2026-01-30,0,21,0.0
J17,31,2026-01-31,0,21,0.0
J17,32,2026-02-01,0,21,0.0
J17,33,2026-02-02,0,21,0.0
J17,34,2026-02-03,0,21,0.0
J17,35,2026-02-04,0,21,0.0
J17,36,2026-02-05,0,21,0.0
J17,37,2026-02-06,0,21,0.0
J17,38,2026-02-07,0,21,0.0
J17,39,2026-02-08,0,21,0.0
J17,40,2026-02-09,0,21,0.0
J17,41,2026-02-10,0,21,0.0
J17,42,2026-02-11,0,21,0.0
J17,43,2026-02-12,0,21,0.0
J17,44,2026-02-13,0,21,0.0
J17,45,2026-02-14,0,21,0.0
J17,46,2026-02-15,0,21,0.0
J17,47,2026-02-16,0,21,0.0
J17,48,2026-02-17,0,21,0.0
J17,49,2026-02-18,0,21,0.0
J17,50,2026-02-19,0,21,0.0
J17,51,2026-02-20,0,21,0.0
J17,52,2026-02-21,0,21,0.0
J17,53,2026-02-22,0,21,0.0
J17,54,2026-02-23,0,21,0.0
J17,55,2026-02-24,0,21,0.0
J17,56,2026-02-25,0,21,0.0
J17,57,2026-02-26,0,21,0.0
J17,58,2026-02-27,0,21,0.0
J17,59,2026-02-28,0,21,0.0
J17,60,2026-03-01,0,21,0.0
J17,61,2026-03-02,0,21,0.0
J17,62,2026-03-03,0,21,0.0
J17,63,2026-03-04,0,21,0.0
J17,64,2026-03-05,0,21,0.0
J17,65,2026-03-06,0,21,0.0
J17,66,2026-03-07,0,21,0.0
J17,67,2026-03-08,0,21,0.0
J17,68,2026-03-09,0,21,0.0
J17,69,2026-03-10,0,21,0.0
J17,70,2026-03-11,0,21,0.0
J17,71,2026-03-12,0,21,0.0
J17,72,2026-03-13,0,21,0.0
J17,73,2026-03-14,0,21,0.0
J17,74,2026-03-15,0,21,0.0
J17,75,2026-03-16,0,21,0.0
J17,76,2026-03-17,0,21,0.0
J17,77,2026-03-18,0,21,0.0
J17,78,2026-03-19,0,21,0.0
J17,79,2026-03-20,0,21,0.0
J17,80,2026-03-21,0,21,0.0
J17,81,2026-03-22,0,21,0.0
J17,82,2026-03-23,0,21,0.0
J17,83,2026-03-24,0,21,0.0
J17,84,2026-03-25,0,21,0.0
J17,85,2026-03-26,0,21,0.0
J17,86,2026-03-27,0,21,0.0
J17,87,2026-03-28,0,21,0.0
J17,88,2026-03-29,0,21,0.0
J17,89,2026-03-30,0,21,0.0
J17,90,2026-03-31,0,21,0.0
J17,91,2026-04-01,0,21,0.0
J17,92,2026-04-02,0,21,0.0
J17,93,2026-04-03,0,21,0.0
J17,94,2026-04-04,0,21,0.0
J17,95,2026-04-05,0,21,0.0
J17,96,2026-04-06,0,21,0.0
J17,97,2026-04-07,0,21,0.0
J17,98,2026-04-08,0,21,0.0
J17,99,2026-04-09,0,21,0.0
J17,100,2026-04-10,0,21,0.0
J17,101,2026-04-11,0,21,0.0
J17,102,2026-04-12,0,21,0.0
J17,103,2026-04-13,0,21,0.0
J17,104,2026-04-14,0,21,0.0
J17,105,2026-04-15,0,21,0.0
J17,106,2026-04-16,0,21,0.0
J17,107,2026-04-17,0,21,0.0
J17,108,2026-04-18,0,21,0.0
J17,109,2026-04-19,0,21,0.0
J17,110,2026-04-20,0,21,0.0
J17,111,2026-04-21,0,21,0.0
J17,112,2026-04-22,0,21,0.0
J17,113,2026-04-23,0,21,0.0
J17,114,2026-04-24,0,21,0.0
J17,115,2026-04-25,0,21,0.0
J17,116,2026-04-26,0,21,0.0
J17,117,2026-04-27,0,21,0.0
J17,118,2026-04-28,0,21,0.0
J17,119,2026-04-29,0,21,0.0
J17,120,2026-04-30,0,21,0.0
J17,121,2026-05-01,0,21,0.0
J17,122,2026-05-02,0,21,0.0
J17,123,2026-05-03,0,21,0.0
J17,124,2026-05-04,0,21,0.0
J17,125,2026-05-05,0,21,0.0
J17,126,2026-05-06,0,21,0.0
J17,127,2026-05-07,0,21,0.0
J17,128,2026-05-08,0,21,0.0
J17,129,2026-05-09,0,21,0.0
J17,130,2026-05-10,0,21,0.0
J17,131,2026-05-11,0,21,0.0
J17,132,2026-05-12,0,21,0.0
J17,133,2026-05-13,0,21,0.0
J17,134,2026-05-14,0,21,0.0
J17,135,2026-05-15,0,21,0.0
J17,136,2026-05-16,0,21,0.0
J17,137,2026-05-17,0,21,0.0
J17,138,2026-05-18,0,21,0.0
J17,139,2026-05-19,0,21,0.0
J17,140,2026-05-20,0,21,0.0
J17,141,2026-05-21,0,21,0.0
J17,142,2026-05-22,0,21,0.0
J17,143,2026-05-23,0,21,0.0
J17,144,2026-05-24,0,21,0.0
J17,145,2026-05-25,0,21,0.0
J17,146,2026-05-26,0,21,0.0
J17,147,2026-05-27,0,21,0.0
J17,148,2026-05-28,0,21,0.0
J17,149,2026-05-29,0,21,0.0
J17,150,2026-05-30,0,21,0.0
J17,151,2026-05-31,0,21,0.0
J17,152,2026-06-01,0,21,0.0
J17,153,2026-06-02,0,21,0.0
J17,154,2026-06-03,0,21,0.0
J17,155,2026-06-04,0,21,0.0
J17,156,2026-06-05,0,21,0.0
J17,157,2026-06-06,0,21,0.0
J17,158,2026-06-07,0,21,0.0
J17,159,2026-06-08,0,21,0.0
J17,160,2026-06-09,0,21,0.0
J17,161,2026-06-10,0,21,0.0
J17,162,2026-06-11,0,21,0.0
J17,163,2026-06-12,0,21,0.0
J17,164,2026-06-13,0,21,0.0
J17,165,2026-06-14,0,21,0.0
J18,5,2026-01-05,0,21,0.0
J18,6,2026-01-06,0,21,0.0
J18,7,2026-01-07,0,21,0.0
J18,8,2026-01-08,0,21,0.0
J18,9,2026-01-09,0,21,0.0
J18,10,2026-01-10,0,21,0.0
J18,11,2026-01-11,0,21,0.0
J18,12,2026-01-12,0,21,0.0
J18,13,2026-01-13,0,21,0.0
J18,14,2026-01-14,0,21,0.0
J18,15,2026-01-15,0,21,0.0
J18,16,2026-01-16,0,21,0.0
J18,17,2026-01-17,0,21,0.0
J18,18,2026-01-18,0,21,0.0
J18,19,2026-01-19,0,21,0.0
J18,20,2026-01-20,0,21,0.0
J18,21,2026-01-21,0,21,0.0
J18,22,2026-01-22,0,21,0.0
J18,23,2026-01-23,0,21,0.0
J18,24,2026-01-24,0,21,0.0
J18,25,2026-01-25,0,21,0.0
J18,26,2026-01-26,0,21,0.0
J18,27,2026-01-27,0,21,0.0
J18,28,2026-01-28,0,21,0.0
J18,29,2026-01-29,0,21,0.0
J18,30,2026-01-30,0,21,0.0
J18,31,2026-01-31,0,21,0.0
J18,32,2026-02-01,0,21,0.0
J18,33,2026-02-02,0,21,0.0
J18,34,2026-02-03,0,21,0.0
J18,35,2026-02-04,0,21,0.0
J18,36,2026-02-05,0,21,0.0
J18,37,2026-02-06,0,21,0.0
J18,38,2026-02-07,0,21,0.0
J18,39,2026-02-08,0,21,0.0
J18,40,2026-02-09,0,21,0.0
J18,41,2026-02-10,0,21,0.0
J18,42,2026-02-11,0,21,0.0
J18,43,2026-02-12,0,21,0.0
J18,44,2026-02-13,0,21,0.0
J18,45,2026-02-14,0,21,0.0
J18,46,2026-02-15,0,21,0.0
J18,47,2026-02-16,0,21,0.0
J18,48,2026-02-17,0,21,0.0
J18,49,2026-02-18,0,21,0.0
J18,50,2026-02-19,0,21,0.0
J18,51,2026-02-20,0,21,0.0
J18,52,2026-02-21,0,21,0.0
J18,53,2026-02-22,0,21,0.0
J18,54,2026-02-23,0,21,0.0
J18,55,2026-02-24,0,21,0.0
J18,56,2026-02-25,0,21,0.0
J18,57,2026-02-26,0,21,0.0
J18,58,2026-02-27,0,21,0.0
J18,59,2026-02-28,0,21,0.0
J18,60,2026-03-01,0,21,0.0
J18,61,2026-03-02,0,21,0.0
J18,62,2026-03-03,0,21,0.0
J18,63,2026-03-04,0,21,0.0
J18,64,2026-03-05,0,21,0.0
J18,65,2026-03-06,0,21,0.0
J18,66,2026-03-07,0,21,0.0
J18,67,2026-03-08,0,21,0.0
J18,68,2026-03-09,0,21,0.0
J18,69,2026-03-10,0,21,0.0
J18,70,2026-03-11,0,21,0.0
J18,71,2026-03-12,0,21,0.0
J18,72,2026-03-13,0,21,0.0
J18,73,2026-03-14,0,21,0.0
J18,74,2026-03-15,0,21,0.0
J18,75,2026-03-16,0,21,0.0
J18,76,2026-03-17,0,21,0.0
J18,77,2026-03-18,0,21,0.0
J18,78,2026-03-19,0,21,0.0
J18,79,2026-03-20,0,21,0.0
J18,80,2026-03-21,0,21,0.0
J18,81,2026-03-22,0,21,0.0
J18,82,2026-03-23,0,21,0.0
J18,83,2026-03-24,0,21,0.0
J18,84,2026-03-25,0,21,0.0
J18,85,2026-03-26,0,21,0.0
J18,86,2026-03-27,0,21,0.0
J18,87,2026-03-28,0,21,0.0
J18,88,2026-03-29,0,21,0.0
J18,89,2026-03-30,0,21,0.0
J18,90,2026-03-31,0,21,0.0
J18,91,2026-04-01,0,21,0.0
J18,92,2026-04-02,0,21,0.0
J18,93,2026-04-03,0,21,0.0
J18,94,2026-04-04,0,21,0.0
J18,95,2026-04-05,0,21,0.0
J18,96,2026-04-06,0,21,0.0
J18,97,2026-04-07,0,21,0.0
J18,98,2026-04-08,0,21,0.0
J18,99,2026-04-09,0,21,0.0
J18,100,2026-04-10,0,21,0.0
J18,101,2026-04-11,0,21,0.0
J18,102,2026-04-12,0,21,0.0
J18,103,2026-04-13,0,21,0.0
J18,104,2026-04-14,0,21,0.0
J18,105,2026-04-15,0,21,0.0
J18,106,2026-04-16,0,21,0.0
J18,107,2026-04-17,0,21,0.0
J18,108,2026-04-18,0,21,0.0
J18,109,2026-04-19,0,21,0.0
J18,110,2026-04-20,0,21,0.0
J18,111,2026-04-21,0,21,0.0
J18,112,2026-04-22,0,21,0.0
J18,113,2026-04-23,0,21,0.0
J18,114,2026-04-24,0,21,0.0
J18,115,2026-04-25,0,21,0.0
J18,116,2026-04-26,0,21,0.0
J18,117,2026-04-27,0,21,0.0
J18,118,2026-04-28,0,21,0.0
J18,119,2026-04-29,0,21,0.0
J18,120,2026-04-30,0,21,0.0
J18,121,2026-05-01,0,21,0.0
J18,122,2026-05-02,0,21,0.0
J18,123,2026-05-03,0,21,0.0
J18,124,2026-05-04,0,21,0.0
J18,125,2026-05-05,0,21,0.0
J18,126,2026-05-06,0,21,0.0
J18,127,2026-05-07,0,21,0.0
J18,128,2026-05-08,0,21,0.0
J18,129,2026-05-09,0,21,0.0
J18,130,2026-05-10,0,21,0.0
J18,131,2026-05-11,0,21,0.0
J18,132,2026-05-12,0,21,0.0
J18,133,2026-05-13,0,21,0.0
J18,134,2026-05-14,0,21,0.0
J18,135,2026-05-15,0,21,0.0
J18,136,2026-05-16,0,21,0.0
J18,137,2026-05-17,0,21,0.0
J18,138,2026-05-18,0,21,0.0
J18,139,2026-05-19,0,21,0.0
J18,140,2026-05-20,0,21,0.0
J18,141,2026-05-21,0,21,0.0
J18,142,2026-05-22,0,21,0.0
J18,143,2026-05-23,0,21,0.0
J18,144,2026-05-24,0,21,0.0
J18,145,2026-05-25,0,21,0.0
J18,146,2026-05-26,0,21,0.0
J18,147,2026-05-27,0,21,0.0
J18,148,2026-05-28,0,21,0.0
J18,149,2026-05-29,0,21,0.0
J18,150,2026-05-30,0,21,0.0
J18,151,2026-05-31,0,21,0.0
J18,152,2026-06-01,0,21,0.0
J18,153,2026-06-02,0,21,0.0
J18,154,2026-06-03,0,21,0.0
J18,155,2026-06-04,0,21,0.0
J18,156,2026-06-05,0,21,0.0
J18,157,2026-06-06,0,21,0.0
J18,158,2026-06-07,0,21,0.0
J18,159,2026-06-08,0,21,0.0
J18,160,2026-06-09,0,21,0.0
J18,161,2026-06-10,0,21,0.0
J18,162,2026-06-11,0,21,0.0
J18,163,2026-06-12,0,21,0.0
J18,164,2026-06-13,0,21,0.0
J18,165,2026-06-14,0,21,0.0
J19,5,2026-01-05,0,21,0.0
J19,6,2026-01-06,0,21,0.0
J19,7,2026-01-07,0,21,0.0
J19,8,2026-01-08,0,21,0.0
J19,9,2026-01-09,0,21,0.0
J19,10,2026-01-10,0,21,0.0
J19,11,2026-01-11,0,21,0.0
J19,12,2026-01-12,0,21,0.0
J19,13,2026-01-13,0,21,0.0
J19,14,2026-01-14,0,21,0.0
J19,15,2026-01-15,0,21,0.0
J19,16,2026-01-16,0,21,0.0
J19,17,2026-01-17,0,21,0.0
J19,18,2026-01-18,0,21,0.0
J19,19,2026-01-19,0,21,0.0
J19,20,2026-01-20,0,21,0.0
J19,21,2026-01-21,0,21,0.0
J19,22,2026-01-22,0,21,0.0
J19,23,2026-01-23,0,21,0.0
J19,24,2026-01-24,0,21,0.0
J19,25,2026-01-25,0,21,0.0
J19,26,2026-01-26,0,21,0.0
J19,27,2026-01-27,0,21,0.0
J19,28,2026-01-28,0,21,0.0
J19,29,2026-01-29,0,21,0.0
J19,30,2026-01-30,0,21,0.0
J19,31,2026-01-31,0,21,0.0
J19,32,2026-02-01,0,21,0.0
J19,33,2026-02-02,0,21,0.0
J19,34,2026-02-03,0,21,0.0
J19,35,2026-02-04,0,21,0.0
J19,36,2026-02-05,0,21,0.0
J19,37,2026-02-06,0,21,0.0
J19,38,2026-02-07,0,21,0.0
J19,39,2026-02-08,0,21,0.0
J19,40,2026-02-09,0,21,0.0
J19,41,2026-02-10,0,21,0.0
J19,42,2026-02-11,0,21,0.0
J19,43,2026-02-12,0,21,0.0
J19,44,2026-02-13,0,21,0.0
J19,45,2026-02-14,0,21,0.0
J19,46,2026-02-15,0,21,0.0
J19,47,2026-02-16,0,21,0.0
J19,48,2026-02-17,0,21,0.0
J19,49,2026-02-18,0,21,0.0
J19,50,2026-02-19,0,21,0.0
J19,51,2026-02-20,0,21,0.0
J19,52,2026-02-21,0,21,0.0
J19,53,2026-02-22,0,21,0.0
J19,54,2026-02-23,0,21,0.0
J19,55,2026-02-24,0,21,0.0
J19,56,2026-02-25,0,21,0.0
J19,57,2026-02-26,0,21,0.0
J19,58,2026-02-27,0,21,0.0
J19,59,2026-02-28,0,21,0.0
J19,60,2026-03-01,0,21,0.0
J19,61,2026-03-02,0,21,0.0
J19,62,2026-03-03,0,21,0.0
J19,63,2026-03-04,0,21,0.0
J19,64,2026-03-05,0,21,0.0
J19,65,2026-03-06,0,21,0.0
J19,66,2026-03-07,0,21,0.0
J19,67,2026-03-08,0,21,0.0
J19,68,2026-03-09,0,21,0.0
J19,69,2026-03-10,0,21,0.0
J19,70,2026-03-11,0,21,0.0
J19,71,2026-03-12,0,21,0.0
J19,72,2026-03-13,0,21,0.0
J19,73,2026-03-14,0,21,0.0
J19,74,2026-03-15,0,21,0.0
J19,75,2026-03-16,0,21,0.0
J19,76,2026-03-17,0,21,0.0
J19,77,2026-03-18,0,21,0.0
J19,78,2026-03-19,0,21,0.0
J19,79,2026-03-20,0,21,0.0
J19,80,2026-03-21,0,21,0.0
J19,81,2026-03-22,0,21,0.0
J19,82,2026-03-23,0,21,0.0
J19,83,2026-03-24,0,21,0.0
J19,84,2026-03-25,0,21,0.0
J19,85,2026-03-26,0,21,0.0
J19,86,2026-03-27,0,21,0.0
J19,87,2026-03-28,0,21,0.0
J19,88,2026-03-29,0,21,0.0
J19,89,2026-03-30,0,21,0.0
J19,90,2026-03-31,0,21,0.0
J19,91,2026-04-01,0,21,0.0
J19,92,2026-04-02,0,21,0.0
J19,93,2026-04-03,0,21,0.0
J19,94,2026-04-04,0,21,0.0
J19,95,2026-04-05,0,21,0.0
J19,96,2026-04-06,0,21,0.0
J19,97,2026-04-07,0,21,0.0
J19,98,2026-04-08,0,21,0.0
J19,99,2026-04-09,0,21,0.0
J19,100,2026-04-10,0,21,0.0
J19,101,2026-04-11,0,21,0.0
J19,102,2026-04-12,0,21,0.0
J19,103,2026-04-13,0,21,0.0
J19,104,2026-04-14,0,21,0.0
J19,105,2026-04-15,0,21,0.0
J19,106,2026-04-16,0,21,0.0
J19,107,2026-04-17,0,21,0.0
J19,108,2026-04-18,0,21,0.0
J19,109,2026-04-19,0,21,0.0
J19,110,2026-04-20,0,21,0.0
J19,111,2026-04-21,0,21,0.0
J19,112,2026-04-22,0,21,0.0
J19,113,2026-04-23,0,21,0.0
J19,114,2026-04-24,0,21,0.0
J19,115,2026-04-25,0,21,0.0
J19,116,2026-04-26,0,21,0.0
J19,117,2026-04-27,0,21,0.0
J19,118,2026-04-28,0,21,0.0
J19,119,2026-04-29,0,21,0.0
J19,120,2026-04-30,0,21,0.0
J19,121,2026-05-01,0,21,0.0
J19,122,2026-05-02,0,21,0.0
J19,123,2026-05-03,0,21,0.0
J19,124,2026-05-04,0,21,0.0
J19,125,2026-05-05,0,21,0.0
J19,126,2026-05-06,0,21,0.0
J19,127,2026-05-07,0,21,0.0
J19,128,2026-05-08,0,21,0.0
J19,129,2026-05-09,0,21,0.0
J19,130,2026-05-10,0,21,0.0
J19,131,2026-05-11,0,21,0.0
J19,132,2026-05-12,0,21,0.0
J19,133,2026-05-13,0,21,0.0
J19,134,2026-05-14,0,21,0.0
J19,135,2026-05-15,0,21,0.0
J19,136,2026-05-16,0,21,0.0
J19,137,2026-05-17,0,21,0.0
J19,138,2026-05-18,0,21,0.0
J19,139,2026-05-19,0,21,0.0
J19,140,2026-05-20,0,21,0.0
J19,141,2026-05-21,0,21,0.0
J19,142,2026-05-22,0,21,0.0
J19,143,2026-05-23,0,21,0.0
J19,144,2026-05-24,0,21,0.0
J19,145,2026-05-25,0,21,0.0
J19,146,2026-05-26,0,21,0.0
J19,147,2026-05-27,0,21,0.0
J19,148,2026-05-28,0,21,0.0
J19,149,2026-05-29,0,21,0.0
J19,150,2026-05-30,0,21,0.0
J19,151,2026-05-31,0,21,0.0
J19,152,2026-06-01,0,21,0.0
J19,153,2026-06-02,0,21,0.0
J19,154,2026-06-03,0,21,0.0
J19,155,2026-06-04,0,21,0.0
J19,156,2026-06-05,0,21,0.0
J19,157,2026-06-06,0,21,0.0
J19,158,2026-06-07,0,21,0.0
J19,159,2026-06-08,0,21,0.0
J19,160,2026-06-09,0,21,0.0
J19,161,2026-06-10,0,21,0.0
J19,162,2026-06-11,0,21,0.0
J19,163,2026-06-12,0,21,0.0
J19,164,2026-06-13,0,21,0.0
J19,165,2026-06-14,0,21,0.0
J20,5,2026-01-05,0,21,0.0
J20,6,2026-01-06,0,21,0.0
J20,7,2026-01-07,0,21,0.0
J20,8,2026-01-08,0,21,0.0
J20,9,2026-01-09,0,21,0.0
J20,10,2026-01-10,0,21,0.0
J20,11,2026-01-11,0,21,0.0
J20,12,2026-01-12,0,21,0.0
J20,13,2026-01-13,0,21,0.0
J20,14,2026-01-14,0,21,0.0
J20,15,2026-01-15,0,21,0.0
J20,16,2026-01-16,0,21,0.0
J20,17,2026-01-17,0,21,0.0
J20,18,2026-01-18,0,21,0.0
J20,19,2026-01-19,0,21,0.0
J20,20,2026-01-20,0,21,0.0
J20,21,2026-01-21,0,21,0.0
J20,22,2026-01-22,0,21,0.0
J20,23,2026-01-23,0,21,0.0
J20,24,2026-01-24,0,21,0.0
J20,25,2026-01-25,0,21,0.0
J20,26,2026-01-26,0,21,0.0
J20,27,2026-01-27,0,21,0.0
J20,28,2026-01-28,0,21,0.0
J20,29,2026-01-29,0,21,0.0
J20,30,2026-01-30,0,21,0.0
J20,31,2026-01-31,0,21,0.0
J20,32,2026-02-01,0,21,0.0
J20,33,2026-02-02,0,21,0.0
J20,34,2026-02-03,0,21,0.0
J20,35,2026-02-04,0,21,0.0
J20,36,2026-02-05,0,21,0.0
J20,37,2026-02-06,0,21,0.0
J20,38,2026-02-07,0,21,0.0
J20,39,2026-02-08,0,21,0.0
J20,40,2026-02-09,0,21,0.0
J20,41,2026-02-10,0,21,0.0
J20,42,2026-02-11,0,21,0.0
J20,43,2026-02-12,0,21,0.0
J20,44,2026-02-13,0,21,0.0
J20,45,2026-02-14,0,21,0.0
J20,46,2026-02-15,0,21,0.0
J20,47,2026-02-16,0,21,0.0
J20,48,2026-02-17,0,21,0.0
J20,49,2026-02-18,0,21,0.0
J20,50,2026-02-19,0,21,0.0
J20,51,2026-02-20,0,21,0.0
J20,52,2026-02-21,0,21,0.0
J20,53,2026-02-22,0,21,0.0
J20,54,2026-02-23,0,21,0.0
J20,55,2026-02-24,0,21,0.0
J20,56,2026-02-25,0,21,0.0
J20,57,2026-02-26,0,21,0.0
J20,58,2026-02-27,0,21,0.0
J20,59,2026-02-28,0,21,0.0
J20,60,2026-03-01,0,21,0.0
J20,61,2026-03-02,0,21,0.0
J20,62,2026-03-03,0,21,0.0
J20,63,2026-03-04,0,21,0.0
J20,64,2026-03-05,0,21,0.0
J20,65,2026-03-06,0,21,0.0
J20,66,2026-03-07,0,21,0.0
J20,67,2026-03-08,0,21,0.0
J20,68,2026-03-09,0,21,0.0
J20,69,2026-03-10,0,21,0.0
J20,70,2026-03-11,0,21,0.0
J20,71,2026-03-12,0,21,0.0
J20,72,2026-03-13,0,21,0.0
J20,73,2026-03-14,0,21,0.0
J20,74,2026-03-15,0,21,0.0
J20,75,2026-03-16,0,21,0.0
J20,76,2026-03-17,0,21,0.0
J20,77,2026-03-18,0,21,0.0
J20,78,2026-03-19,0,21,0.0
J20,79,2026-03-20,0,21,0.0
J20,80,2026-03-21,0,21,0.0
J20,81,2026-03-22,0,21,0.0
J20,82,2026-03-23,0,21,0.0
J20,83,2026-03-24,0,21,0.0
J20,84,2026-03-25,0,21,0.0
J20,85,2026-03-26,0,21,0.0
J20,86,2026-03-27,0,21,0.0
J20,87,2026-03-28,0,21,0.0
J20,88,2026-03-29,0,21,0.0
J20,89,2026-03-30,0,21,0.0
J20,90,2026-03-31,0,21,0.0
J20,91,2026-04-01,0,21,0.0
J20,92,2026-04-02,0,21,0.0
J20,93,2026-04-03,0,21,0.0
J20,94,2026-04-04,0,21,0.0
J20,95,2026-04-05,0,21,0.0
J20,96,2026-04-06,0,21,0.0
J20,97,2026-04-07,0,21,0.0
J20,98,2026-04-08,0,21,0.0
J20,99,2026-04-09,0,21,0.0
J20,100,2026-04-10,0,21,0.0
J20,101,2026-04-11,0,21,0.0
J20,102,2026-04-12,0,21,0.0
J20,103,2026-04-13,0,21,0.0
J20,104,2026-04-14,0,21,0.0
J20,105,2026-04-15,0,21,0.0
J20,106,2026-04-16,0,21,0.0
J20,107,2026-04-17,0,21,0.0
J20,108,2026-04-18,0,21,0.0
J20,109,2026-04-19,0,21,0.0
J20,110,2026-04-20,0,21,0.0
J20,111,2026-04-21,0,21,0.0
J20,112,2026-04-22,0,21,0.0
J20,113,2026-04-23,0,21,0.0
J20,114,2026-04-24,0,21,0.0
J20,115,2026-04-25,0,21,0.0
J20,116,2026-04-26,0,21,0.0
J20,117,2026-04-27,0,21,0.0
J20,118,2026-04-28,0,21,0.0
J20,119,2026-04-29,0,21,0.0
J20,120,2026-04-30,0,21,0.0
J20,121,2026-05-01,0,21,0.0
J20,122,2026-05-02,0,21,0.0
J20,123,2026-05-03,0,21,0.0
J20,124,2026-05-04,0,21,0.0
J20,125,2026-05-05,0,21,0.0
J20,126,2026-05-06,0,21,0.0
J20,127,2026-05-07,0,21,0.0
J20,128,2026-05-08,0,21,0.0
J20,129,2026-05-09,0,21,0.0
J20,130,2026-05-10,0,21,0.0
J20,131,2026-05-11,0,21,0.0
J20,132,2026-05-12,0,21,0.0
J20,133,2026-05-13,0,21,0.0
J20,134,2026-05-14,0,21,0.0
J20,135,2026-05-15,0,21,0.0
J20,136,2026-05-16,0,21,0.0
J20,137,2026-05-17,0,21,0.0
J20,138,2026-05-18,0,21,0.0
J20,139,2026-05-19,0,21,0.0
J20,140,2026-05-20,0,21,0.0
J20,141,2026-05-21,0,21,0.0
J20,142,2026-05-22,0,21,0.0
J20,143,2026-05-23,0,21,0.0
J20,144,2026-05-24,0,21,0.0
J20,145,2026-05-25,0,21,0.0
J20,146,2026-05-26,0,21,0.0
J20,147,2026-05-27,0,21,0.0
J20,148,2026-05-28,0,21,0.0
J20,149,2026-05-29,0,21,0.0
J20,150,2026-05-30,0,21,0.0
J20,151,2026-05-31,0,21,0.0
J20,152,2026-06-01,0,21,0.0
J20,153,2026-06-02,0,21,0.0
J20,154,2026-06-03,0,21,0.0
J20,155,2026-06-04,0,21,0.0
J20,156,2026-06-05,0,21,0.0
J20,157,2026-06-06,0,21,0.0
J20,158,2026-06-07,0,21,0.0
J20,159,2026-06-08,0,21,0.0
J20,160,2026-06-09,0,21,0.0
J20,161,2026-06-10,0,21,0.0
J20,162,2026-06-11,0,21,0.0
J20,163,2026-06-12,0,21,0.0
J20,164,2026-06-13,0,21,0.0
J20,165,2026-06-14,0,21,0.0
J21,5,2026-01-05,0,21,0.0
J21,6,2026-01-06,0,21,0.0
J21,7,2026-01-07,0,21,0.0
J21,8,2026-01-08,0,21,0.0
J21,9,2026-01-09,0,21,0.0
J21,10,2026-01-10,0,21,0.0
J21,11,2026-01-11,0,21,0.0
J21,12,2026-01-12,0,21,0.0
J21,13,2026-01-13,0,21,0.0
J21,14,2026-01-14,0,21,0.0
J21,15,2026-01-15,0,21,0.0
J21,16,2026-01-16,0,21,0.0
J21,17,2026-01-17,0,21,0.0
J21,18,2026-01-18,0,21,0.0
J21,19,2026-01-19,0,21,0.0
J21,20,2026-01-20,0,21,0.0
J21,21,2026-01-21,0,21,0.0
J21,22,2026-01-22,0,21,0.0
J21,23,2026-01-23,0,21,0.0
J21,24,2026-01-24,0,21,0.0
J21,25,2026-01-25,0,21,0.0
J21,26,2026-01-26,0,21,0.0
J21,27,2026-01-27,0,21,0.0
J21,28,2026-01-28,0,21,0.0
J21,29,2026-01-29,0,21,0.0
J21,30,2026-01-30,0,21,0.0
J21,31,2026-01-31,0,21,0.0
J21,32,2026-02-01,0,21,0.0
J21,33,2026-02-02,0,21,0.0
J21,34,2026-02-03,0,21,0.0
J21,35,2026-02-04,0,21,0.0
J21,36,2026-02-05,0,21,0.0
J21,37,2026-02-06,0,21,0.0
J21,38,2026-02-07,0,21,0.0
J21,39,2026-02-08,0,21,0.0
J21,40,2026-02-09,0,21,0.0
J21,41,2026-02-10,0,21,0.0
J21,42,2026-02-11,0,21,0.0
J21,43,2026-02-12,0,21,0.0
J21,44,2026-02-13,0,21,0.0
J21,45,2026-02-14,0,21,0.0
J21,46,2026-02-15,0,21,0.0
J21,47,2026-02-16,0,21,0.0
J21,48,2026-02-17,0,21,0.0
J21,49,2026-02-18,0,21,0.0
J21,50,2026-02-19,0,21,0.0
J21,51,2026-02-20,0,21,0.0
J21,52,2026-02-21,0,21,0.0
J21,53,2026-02-22,0,21,0.0
J21,54,2026-02-23,0,21,0.0
J21,55,2026-02-24,0,21,0.0
J21,56,2026-02-25,0,21,0.0
J21,57,2026-02-26,0,21,0.0
J21,58,2026-02-27,0,21,0.0
J21,59,2026-02-28,0,21,0.0
J21,60,2026-03-01,0,21,0.0
J21,61,2026-03-02,0,21,0.0
J21,62,2026-03-03,0,21,0.0
J21,63,2026-03-04,0,21,0.0
J21,64,2026-03-05,0,21,0.0
J21,65,2026-03-06,0,21,0.0
J21,66,2026-03-07,0,21,0.0
J21,67,2026-03-08,0,21,0.0
J21,68,2026-03-09,0,21,0.0
J21,69,2026-03-10,0,21,0.0
J21,70,2026-03-11,0,21,0.0
J21,71,2026-03-12,0,21,0.0
J21,72,2026-03-13,0,21,0.0
J21,73,2026-03-14,0,21,0.0
J21,74,2026-03-15,0,21,0.0
J21,75,2026-03-16,0,21,0.0
J21,76,2026-03-17,0,21,0.0
J21,77,2026-03-18,0,21,0.0
J21,78,2026-03-19,0,21,0.0
J21,79,2026-03-20,0,21,0.0
J21,80,2026-03-21,0,21,0.0
J21,81,2026-03-22,0,21,0.0
J21,82,2026-03-23,0,21,0.0
J21,83,2026-03-24,0,21,0.0
J21,84,2026-03-25,0,21,0.0
J21,85,2026-03-26,0,21,0.0
J21,86,2026-03-27,0,21,0.0
J21,87,2026-03-28,0,21,0.0
J21,88,2026-03-29,0,21,0.0
J21,89,2026-03-30,0,21,0.0
J21,90,2026-03-31,0,21,0.0
J21,91,2026-04-01,0,21,0.0
J21,92,2026-04-02,0,21,0.0
J21,93,2026-04-03,0,21,0.0
J21,94,2026-04-04,0,21,0.0
J21,95,2026-04-05,0,21,0.0
J21,96,2026-04-06,0,21,0.0
J21,97,2026-04-07,0,21,0.0
J21,98,2026-04-08,0,21,0.0
J21,99,2026-04-09,0,21,0.0
J21,100,2026-04-10,0,21,0.0
J21,101,2026-04-11,0,21,0.0
J21,102,2026-04-12,0,21,0.0
J21,103,2026-04-13,0,21,0.0
J21,104,2026-04-14,0,21,0.0
J21,105,2026-04-15,0,21,0.0
J21,106,2026-04-16,0,21,0.0
J21,107,2026-04-17,0,21,0.0
J21,108,2026-04-18,0,21,0.0
J21,109,2026-04-19,0,21,0.0
J21,110,2026-04-20,0,21,0.0
J21,111,2026-04-21,0,21,0.0
J21,112,2026-04-22,0,21,0.0
J21,113,2026-04-23,0,21,0.0
J21,114,2026-04-24,0,21,0.0
J21,115,2026-04-25,0,21,0.0
J21,116,2026-04-26,0,21,0.0
J21,117,2026-04-27,0,21,0.0
J21,118,2026-04-28,0,21,0.0
J21,119,2026-04-29,0,21,0.0
J21,120,2026-04-30,0,21,0.0
J21,121,2026-05-01,0,21,0.0
J21,122,2026-05-02,0,21,0.0
J21,123,2026-05-03,0,21,0.0
J21,124,2026-05-04,0,21,0.0
J21,125,2026-05-05,0,21,0.0
J21,126,2026-05-06,0,21,0.0
J21,127,2026-05-07,0,21,0.0
J21,128,2026-05-08,0,21,0.0
J21,129,2026-05-09,0,21,0.0
J21,130,2026-05-10,0,21,0.0
J21,131,2026-05-11,0,21,0.0
J21,132,2026-05-12,0,21,0.0
J21,133,2026-05-13,0,21,0.0
J21,134,2026-05-14,0,21,0.0
J21,135,2026-05-15,0,21,0.0
J21,136,2026-05-16,0,21,0.0
J21,137,2026-05-17,0,21,0.0
J21,138,2026-05-18,0,21,0.0
J21,139,2026-05-19,0,21,0.0
J21,140,2026-05-20,0,21,0.0
J21,141,2026-05-21,0,21,0.0
J21,142,2026-05-22,0,21,0.0
J21,143,2026-05-23,0,21,0.0
J21,144,2026-05-24,0,21,0.0
J21,145,2026-05-25,0,21,0.0
J21,146,2026-05-26,0,21,0.0
J21,147,2026-05-27,0,21,0.0
J21,148,2026-05-28,0,21,0.0
J21,149,2026-05-29,0,21,0.0
J21,150,2026-05-30,0,21,0.0
J21,151,2026-05-31,0,21,0.0
J21,152,2026-06-01,0,21,0.0
J21,153,2026-06-02,0,21,0.0
J21,154,2026-06-03,0,21,0.0
J21,155,2026-06-04,0,21,0.0
J21,156,2026-06-05,0,21,0.0
J21,157,2026-06-06,0,21,0.0
J21,158,2026-06-07,0,21,0.0
J21,159,2026-06-08,0,21,0.0
J21,160,2026-06-09,0,21,0.0
J21,161,2026-06-10,0,21,0.0
J21,162,2026-06-11,0,21,0.0
J21,163,2026-06-12,0,21,0.0
J21,164,2026-06-13,0,21,0.0
J21,165,2026-06-14,0,21,0.0
J22,5,2026-01-05,0,21,0.0
J22,6,2026-01-06,0,21,0.0
J22,7,2026-01-07,0,21,0.0
J22,8,2026-01-08,0,21,0.0
J22,9,2026-01-09,0,21,0.0
J22,10,2026-01-10,0,21,0.0
J22,11,2026-01-11,0,21,0.0
J22,12,2026-01-12,0,21,0.0
J22,13,2026-01-13,0,21,0.0
J22,14,2026-01-14,0,21,0.0
J22,15,2026-01-15,0,21,0.0
J22,16,2026-01-16,0,21,0.0
J22,17,2026-01-17,0,21,0.0
J22,18,2026-01-18,0,21,0.0
J22,19,2026-01-19,0,21,0.0
J22,20,2026-01-20,0,21,0.0
J22,21,2026-01-21,0,21,0.0
J22,22,2026-01-22,0,21,0.0
J22,23,2026-01-23,0,21,0.0
J22,24,2026-01-24,0,21,0.0
J22,25,2026-01-25,0,21,0.0
J22,26,2026-01-26,0,21,0.0
J22,27,2026-01-27,0,21,0.0
J22,28,2026-01-28,0,21,0.0
J22,29,2026-01-29,0,21,0.0
J22,30,2026-01-30,0,21,0.0
J22,31,2026-01-31,0,21,0.0
J22,32,2026-02-01,0,21,0.0
J22,33,2026-02-02,0,21,0.0
J22,34,2026-02-03,0,21,0.0
J22,35,2026-02-04,0,21,0.0
J22,36,2026-02-05,0,21,0.0
J22,37,2026-02-06,0,21,0.0
J22,38,2026-02-07,0,21,0.0
J22,39,2026-02-08,0,21,0.0
J22,40,2026-02-09,0,21,0.0
J22,41,2026-02-10,0,21,0.0
J22,42,2026-02-11,0,21,0.0
J22,43,2026-02-12,0,21,0.0
J22,44,2026-02-13,0,21,0.0
J22,45,2026-02-14,0,21,0.0
J22,46,2026-02-15,0,21,0.0
J22,47,2026-02-16,0,21,0.0
J22,48,2026-02-17,0,21,0.0
J22,49,2026-02-18,0,21,0.0
J22,50,2026-02-19,0,21,0.0
J22,51,2026-02-20,0,21,0.0
J22,52,2026-02-21,0,21,0.0
J22,53,2026-02-22,0,21,0.0
J22,54,2026-02-23,0,21,0.0
J22,55,2026-02-24,0,21,0.0
J22,56,2026-02-25,0,21,0.0
J22,57,2026-02-26,0,21,0.0
J22,58,2026-02-27,0,21,0.0
J22,59,2026-02-28,0,21,0.0
J22,60,2026-03-01,0,21,0.0
J22,61,2026-03-02,0,21,0.0
J22,62,2026-03-03,0,21,0.0
J22,63,2026-03-04,0,21,0.0
J22,64,2026-03-05,0,21,0.0
J22,65,2026-03-06,0,21,0.0
J22,66,2026-03-07,0,21,0.0
J22,67,2026-03-08,0,21,0.0
J22,68,2026-03-09,0,21,0.0
J22,69,2026-03-10,0,21,0.0
J22,70,2026-03-11,0,21,0.0
J22,71,2026-03-12,0,21,0.0
J22,72,2026-03-13,0,21,0.0
J22,73,2026-03-14,0,21,0.0
J22,74,2026-03-15,0,21,0.0
J22,75,2026-03-16,0,21,0.0
J22,76,2026-03-17,0,21,0.0
J22,77,2026-03-18,0,21,0.0
J22,78,2026-03-19,0,21,0.0
J22,79,2026-03-20,0,21,0.0
J22,80,2026-03-21,0,21,0.0
J22,81,2026-03-22,0,21,0.0
J22,82,2026-03-23,0,21,0.0
J22,83,2026-03-24,0,21,0.0
J22,84,2026-03-25,0,21,0.0
J22,85,2026-03-26,0,21,0.0
J22,86,2026-03-27,0,21,0.0
J22,87,2026-03-28,0,21,0.0
J22,88,2026-03-29,0,21,0.0
J22,89,2026-03-30,0,21,0.0
J22,90,2026-03-31,0,21,0.0
J22,91,2026-04-01,0,21,0.0
J22,92,2026-04-02,0,21,0.0
J22,93,2026-04-03,0,21,0.0
J22,94,2026-04-04,0,21,0.0
J22,95,2026-04-05,0,21,0.0
J22,96,2026-04-06,0,21,0.0
J22,97,2026-04-07,0,21,0.0
J22,98,2026-04-08,0,21,0.0
J22,99,2026-04-09,0,21,0.0
J22,100,2026-04-10,0,21,0.0
J22,101,2026-04-11,0,21,0.0
J22,102,2026-04-12,0,21,0.0
J22,103,2026-04-13,0,21,0.0
J22,104,2026-04-14,0,21,0.0
J22,105,2026-04-15,0,21,0.0
J22,106,2026-04-16,0,21,0.0
J22,107,2026-04-17,0,21,0.0
J22,108,2026-04-18,0,21,0.0
J22,109,2026-04-19,0,21,0.0
J22,110,2026-04-20,0,21,0.0
J22,111,2026-04-21,0,21,0.0
J22,112,2026-04-22,0,21,0.0
J22,113,2026-04-23,0,21,0.0
J22,114,2026-04-24,0,21,0.0
J22,115,2026-04-25,0,21,0.0
J22,116,2026-04-26,0,21,0.0
J22,117,2026-04-27,0,21,0.0
J22,118,2026-04-28,0,21,0.0
J22,119,2026-04-29,0,21,0.0
J22,120,2026-04-30,0,21,0.0
J22,121,2026-05-01,0,21,0.0
J22,122,2026-05-02,0,21,0.0
J22,123,2026-05-03,0,21,0.0
J22,124,2026-05-04,0,21,0.0
J22,125,2026-05-05,0,21,0.0
J22,126,2026-05-06,0,21,0.0
J22,127,2026-05-07,0,21,0.0
J22,128,2026-05-08,0,21,0.0
J22,129,2026-05-09,0,21,0.0
J22,130,2026-05-10,0,21,0.0
J22,131,2026-05-11,0,21,0.0
J22,132,2026-05-12,0,21,0.0
J22,133,2026-05-13,0,21,0.0
J22,134,2026-05-14,0,21,0.0
J22,135,2026-05-15,0,21,0.0
J22,136,2026-05-16,0,21,0.0
J22,137,2026-05-17,0,21,0.0
J22,138,2026-05-18,0,21,0.0
J22,139,2026-05-19,0,21,0.0
J22,140,2026-05-20,0,21,0.0
J22,141,2026-05-21,0,21,0.0
J22,142,2026-05-22,0,21,0.0
J22,143,2026-05-23,0,21,0.0
J22,144,2026-05-24,0,21,0.0
J22,145,2026-05-25,0,21,0.0
J22,146,2026-05-26,0,21,0.0
J22,147,2026-05-27,0,21,0.0
J22,148,2026-05-28,0,21,0.0
J22,149,2026-05-29,0,21,0.0
J22,150,2026-05-30,0,21,0.0
J22,151,2026-05-31,0,21,0.0
J22,152,2026-06-01,0,21,0.0
J22,153,2026-06-02,0,21,0.0
J22,154,2026-06-03,0,21,0.0
J22,155,2026-06-04,0,21,0.0
J22,156,2026-06-05,0,21,0.0
J22,157,2026-06-06,0,21,0.0
J22,158,2026-06-07,0,21,0.0
J22,159,2026-06-08,0,21,0.0
J22,160,2026-06-09,0,21,0.0
J22,161,2026-06-10,0,21,0.0
J22,162,2026-06-11,0,21,0.0
J22,163,2026-06-12,0,21,0.0
J22,164,2026-06-13,0,21,0.0
J22,165,2026-06-14,0,21,0.0
J23,5,2026-01-05,0,21,0.0
J23,6,2026-01-06,0,21,0.0
J23,7,2026-01-07,0,21,0.0
J23,8,2026-01-08,0,21,0.0
J23,9,2026-01-09,0,21,0.0
J23,10,2026-01-10,0,21,0.0
J23,11,2026-01-11,0,21,0.0
J23,12,2026-01-12,0,21,0.0
J23,13,2026-01-13,0,21,0.0
J23,14,2026-01-14,0,21,0.0
J23,15,2026-01-15,0,21,0.0
J23,16,2026-01-16,0,21,0.0
J23,17,2026-01-17,0,21,0.0
J23,18,2026-01-18,0,21,0.0
J23,19,2026-01-19,0,21,0.0
J23,20,2026-01-20,0,21,0.0
J23,21,2026-01-21,0,21,0.0
J23,22,2026-01-22,0,21,0.0
J23,23,2026-01-23,0,21,0.0
J23,24,2026-01-24,0,21,0.0
J23,25,2026-01-25,0,21,0.0
J23,26,2026-01-26,0,21,0.0
J23,27,2026-01-27,0,21,0.0
J23,28,2026-01-28,0,21,0.0
J23,29,2026-01-29,0,21,0.0
J23,30,2026-01-30,0,21,0.0
J23,31,2026-01-31,0,21,0.0
J23,32,2026-02-01,0,21,0.0
J23,33,2026-02-02,0,21,0.0
J23,34,2026-02-03,0,21,0.0
J23,35,2026-02-04,0,21,0.0
J23,36,2026-02-05,0,21,0.0
J23,37,2026-02-06,0,21,0.0
J23,38,2026-02-07,0,21,0.0
J23,39,2026-02-08,0,21,0.0
J23,40,2026-02-09,0,21,0.0
J23,41,2026-02-10,0,21,0.0
J23,42,2026-02-11,0,21,0.0
J23,43,2026-02-12,0,21,0.0
J23,44,2026-02-13,0,21,0.0
J23,45,2026-02-14,0,21,0.0
J23,46,2026-02-15,0,21,0.0
J23,47,2026-02-16,0,21,0.0
J23,48,2026-02-17,0,21,0.0
J23,49,2026-02-18,0,21,0.0
J23,50,2026-02-19,0,21,0.0
J23,51,2026-02-20,0,21,0.0
J23,52,2026-02-21,0,21,0.0
J23,53,2026-02-22,0,21,0.0
J23,54,2026-02-23,0,21,0.0
J23,55,2026-02-24,0,21,0.0
J23,56,2026-02-25,0,21,0.0
J23,57,2026-02-26,0,21,0.0
J23,58,2026-02-27,0,21,0.0
J23,59,2026-02-28,0,21,0.0
J23,60,2026-03-01,0,21,0.0
J23,61,2026-03-02,0,21,0.0
J23,62,2026-03-03,0,21,0.0
J23,63,2026-03-04,0,21,0.0
J23,64,2026-03-05,0,21,0.0
J23,65,2026-03-06,0,21,0.0
J23,66,2026-03-07,0,21,0.0
J23,67,2026-03-08,0,21,0.0
J23,68,2026-03-09,0,21,0.0
J23,69,2026-03-10,0,21,0.0
J23,70,2026-03-11,0,21,0.0
J23,71,2026-03-12,0,21,0.0
J23,72,2026-03-13,0,21,0.0
J23,73,2026-03-14,0,21,0.0
J23,74,2026-03-15,0,21,0.0
J23,75,2026-03-16,0,21,0.0
J23,76,2026-03-17,0,21,0.0
J23,77,2026-03-18,0,21,0.0
J23,78,2026-03-19,0,21,0.0
J23,79,2026-03-20,0,21,0.0
J23,80,2026-03-21,0,21,0.0
J23,81,2026-03-22,0,21,0.0
J23,82,2026-03-23,0,21,0.0
J23,83,2026-03-24,0,21,0.0
J23,84,2026-03-25,0,21,0.0
J23,85,2026-03-26,0,21,0.0
J23,86,2026-03-27,0,21,0.0
J23,87,2026-03-28,0,21,0.0
J23,88,2026-03-29,0,21,0.0
J23,89,2026-03-30,0,21,0.0
J23,90,2026-03-31,0,21,0.0
J23,91,2026-04-01,0,21,0.0
J23,92,2026-04-02,0,21,0.0
J23,93,2026-04-03,0,21,0.0
J23,94,2026-04-04,0,21,0.0
J23,95,2026-04-05,0,21,0.0
J23,96,2026-04-06,0,21,0.0
J23,97,2026-04-07,0,21,0.0
J23,98,2026-04-08,0,21,0.0
J23,99,2026-04-09,0,21,0.0
J23,100,2026-04-10,0,21,0.0
J23,101,2026-04-11,0,21,0.0
J23,102,2026-04-12,0,21,0.0
J23,103,2026-04-13,0,21,0.0
J23,104,2026-04-14,0,21,0.0
J23,105,2026-04-15,0,21,0.0
J23,106,2026-04-16,0,21,0.0
J23,107,2026-04-17,0,21,0.0
J23,108,2026-04-18,0,21,0.0
J23,109,2026-04-19,0,21,0.0
J23,110,2026-04-20,0,21,0.0
J23,111,2026-04-21,0,21,0.0
J23,112,2026-04-22,0,21,0.0
J23,113,2026-04-23,0,21,0.0
J23,114,2026-04-24,0,21,0.0
J23,115,2026-04-25,0,21,0.0
J23,116,2026-04-26,0,21,0.0
J23,117,2026-04-27,0,21,0.0
J23,118,2026-04-28,0,21,0.0
J23,119,2026-04-29,0,21,0.0
J23,120,2026-04-30,0,21,0.0
J23,121,2026-05-01,0,21,0.0
J23,122,2026-05-02,0,21,0.0
J23,123,2026-05-03,0,21,0.0
J23,124,2026-05-04,0,21,0.0
J23,125,2026-05-05,0,21,0.0
J23,126,2026-05-06,0,21,0.0
J23,127,2026-05-07,0,21,0.0
J23,128,2026-05-08,0,21,0.0
J23,129,2026-05-09,0,21,0.0
J23,130,2026-05-10,0,21,0.0
J23,131,2026-05-11,0,21,0.0
J23,132,2026-05-12,0,21,0.0
J23,133,2026-05-13,0,21,0.0
J23,134,2026-05-14,0,21,0.0
J23,135,2026-05-15,0,21,0.0
J23,136,2026-05-16,0,21,0.0
J23,137,2026-05-17,0,21,0.0
J23,138,2026-05-18,0,21,0.0
J23,139,2026-05-19,0,21,0.0
J23,140,2026-05-20,0,21,0.0
J23,141,2026-05-21,0,21,0.0
J23,142,2026-05-22,0,21,0.0
J23,143,2026-05-23,0,21,0.0
J23,144,2026-05-24,0,21,0.0
J23,145,2026-05-25,0,21,0.0
J23,146,2026-05-26,0,21,0.0
J23,147,2026-05-27,0,21,0.0
J23,148,2026-05-28,0,21,0.0
J23,149,2026-05-29,0,21,0.0
J23,150,2026-05-30,0,21,0.0
J23,151,2026-05-31,0,21,0.0
J23,152,2026-06-01,0,21,0.0
J23,153,2026-06-02,0,21,0.0
J23,154,2026-06-03,0,21,0.0
J23,155,2026-06-04,0,21,0.0
J23,156,2026-06-05,0,21,0.0
J23,157,2026-06-06,0,21,0.0
J23,158,2026-06-07,0,21,0.0
J23,159,2026-06-08,0,21,0.0
J23,160,2026-06-09,0,21,0.0
J23,161,2026-06-10,0,21,0.0
J23,162,2026-06-11,0,21,0.0
J23,163,2026-06-12,0,21,0.0
J23,164,2026-06-13,0,21,0.0
J23,165,2026-06-14,0,21,0.0
J24,5,2026-01-05,0,21,0.0
J24,6,2026-01-06,0,21,0.0
J24,7,2026-01-07,0,21,0.0
J24,8,2026-01-08,0,21,0.0
J24,9,2026-01-09,0,21,0.0
J24,10,2026-01-10,0,21,0.0
J24,11,2026-01-11,0,21,0.0
J24,12,2026-01-12,0,21,0.0
J24,13,2026-01-13,0,21,0.0
J24,14,2026-01-14,0,21,0.0
J24,15,2026-01-15,0,21,0.0
J24,16,2026-01-16,0,21,0.0
J24,17,2026-01-17,0,21,0.0
J24,18,2026-01-18,0,21,0.0
J24,19,2026-01-19,0,21,0.0
J24,20,2026-01-20,0,21,0.0
J24,21,2026-01-21,0,21,0.0
J24,22,2026-01-22,0,21,0.0
J24,23,2026-01-23,0,21,0.0
J24,24,2026-01-24,0,21,0.0
J24,25,2026-01-25,0,21,0.0
J24,26,2026-01-26,0,21,0.0
J24,27,2026-01-27,0,21,0.0
J24,28,2026-01-28,0,21,0.0
J24,29,2026-01-29,0,21,0.0
J24,30,2026-01-30,0,21,0.0
J24,31,2026-01-31,0,21,0.0
J24,32,2026-02-01,0,21,0.0
J24,33,2026-02-02,0,21,0.0
J24,34,2026-02-03,0,21,0.0
J24,35,2026-02-04,0,21,0.0
J24,36,2026-02-05,0,21,0.0
J24,37,2026-02-06,0,21,0.0
J24,38,2026-02-07,0,21,0.0
J24,39,2026-02-08,0,21,0.0
J24,40,2026-02-09,0,21,0.0
J24,41,2026-02-10,0,21,0.0
J24,42,2026-02-11,0,21,0.0
J24,43,2026-02-12,0,21,0.0
J24,44,2026-02-13,0,21,0.0
J24,45,2026-02-14,0,21,0.0
J24,46,2026-02-15,0,21,0.0
J24,47,2026-02-16,0,21,0.0
J24,48,2026-02-17,0,21,0.0
J24,49,2026-02-18,0,21,0.0
J24,50,2026-02-19,0,21,0.0
J24,51,2026-02-20,0,21,0.0
J24,52,2026-02-21,0,21,0.0
J24,53,2026-02-22,0,21,0.0
J24,54,2026-02-23,0,21,0.0
J24,55,2026-02-24,0,21,0.0
J24,56,2026-02-25,0,21,0.0
J24,57,2026-02-26,0,21,0.0
J24,58,2026-02-27,0,21,0.0
J24,59,2026-02-28,0,21,0.0
J24,60,2026-03-01,0,21,0.0
J24,61,2026-03-02,0,21,0.0
J24,62,2026-03-03,0,21,0.0
J24,63,2026-03-04,0,21,0.0
J24,64,2026-03-05,0,21,0.0
J24,65,2026-03-06,0,21,0.0
J24,66,2026-03-07,0,21,0.0
J24,67,2026-03-08,0,21,0.0
J24,68,2026-03-09,0,21,0.0
J24,69,2026-03-10,0,21,0.0
J24,70,2026-03-11,0,21,0.0
J24,71,2026-03-12,0,21,0.0
J24,72,2026-03-13,0,21,0.0
J24,73,2026-03-14,0,21,0.0
J24,74,2026-03-15,0,21,0.0
J24,75,2026-03-16,0,21,0.0
J24,76,2026-03-17,0,21,0.0
J24,77,2026-03-18,0,21,0.0
J24,78,2026-03-19,0,21,0.0
J24,79,2026-03-20,0,21,0.0
J24,80,2026-03-21,0,21,0.0
J24,81,2026-03-22,0,21,0.0
J24,82,2026-03-23,0,21,0.0
J24,83,2026-03-24,0,21,0.0
J24,84,2026-03-25,0,21,0.0
J24,85,2026-03-26,0,21,0.0
J24,86,2026-03-27,0,21,0.0
J24,87,2026-03-28,0,21,0.0
J24,88,2026-03-29,0,21,0.0
J24,89,2026-03-30,0,21,0.0
J24,90,2026-03-31,0,21,0.0
J24,91,2026-04-01,0,21,0.0
J24,92,2026-04-02,0,21,0.0
J24,93,2026-04-03,0,21,0.0
J24,94,2026-04-04,0,21,0.0
J24,95,2026-04-05,0,21,0.0
J24,96,2026-04-06,0,21,0.0
J24,97,2026-04-07,0,21,0.0
J24,98,2026-04-08,0,21,0.0
J24,99,2026-04-09,0,21,0.0
J24,100,2026-04-10,0,21,0.0
J24,101,2026-04-11,0,21,0.0
J24,102,2026-04-12,0,21,0.0
J24,103,2026-04-13,0,21,0.0
J24,104,2026-04-14,0,21,0.0
J24,105,2026-04-15,0,21,0.0
J24,106,2026-04-16,0,21,0.0
J24,107,2026-04-17,0,21,0.0
J24,108,2026-04-18,0,21,0.0
J24,109,2026-04-19,0,21,0.0
J24,110,2026-04-20,0,21,0.0
J24,111,2026-04-21,0,21,0.0
J24,112,2026-04-22,0,21,0.0
J24,113,2026-04-23,0,21,0.0
J24,114,2026-04-24,0,21,0.0
J24,115,2026-04-25,0,21,0.0
J24,116,2026-04-26,0,21,0.0
J24,117,2026-04-27,0,21,0.0
J24,118,2026-04-28,0,21,0.0
J24,119,2026-04-29,0,21,0.0
J24,120,2026-04-30,0,21,0.0
J24,121,2026-05-01,0,21,0.0
J24,122,2026-05-02,0,21,0.0
J24,123,2026-05-03,0,21,0.0
J24,124,2026-05-04,0,21,0.0
J24,125,2026-05-05,0,21,0.0
J24,126,2026-05-06,0,21,0.0
J24,127,2026-05-07,0,21,0.0
J24,128,2026-05-08,0,21,0.0
J24,129,2026-05-09,0,21,0.0
J24,130,2026-05-10,0,21,0.0
J24,131,2026-05-11,0,21,0.0
J24,132,2026-05-12,0,21,0.0
J24,133,2026-05-13,0,21,0.0
J24,134,2026-05-14,0,21,0.0
J24,135,2026-05-15,0,21,0.0
J24,136,2026-05-16,0,21,0.0
J24,137,2026-05-17,0,21,0.0
J24,138,2026-05-18,0,21,0.0
J24,139,2026-05-19,0,21,0.0
J24,140,2026-05-20,0,21,0.0
J24,141,2026-05-21,0,21,0.0
J24,142,2026-05-22,0,21,0.0
J24,143,2026-05-23,0,21,0.0
J24,144,2026-05-24,0,21,0.0
J24,145,2026-05-25,0,21,0.0
J24,146,2026-05-26,0,21,0.0
J24,147,2026-05-27,0,21,0.0
J24,148,2026-05-28,0,21,0.0
J24,149,2026-05-29,0,21,0.0
J24,150,2026-05-30,0,21,0.0
J24,151,2026-05-31,0,21,0.0
J24,152,2026-06-01,0,21,0.0
J24,153,2026-06-02,0,21,0.0
J24,154,2026-06-03,0,21,0.0
J24,155,2026-06-04,0,21,0.0
J24,156,2026-06-05,0,21,0.0
J24,157,2026-06-06,0,21,0.0
J24,158,2026-06-07,0,21,0.0
J24,159,2026-06-08,0,21,0.0
J24,160,2026-06-09,0,21,0.0
J24,161,2026-06-10,0,21,0.0
J24,162,2026-06-11,0,21,0.0
J24,163,2026-06-12,0,21,0.0
J24,164,2026-06-13,0,21,0.0
J24,165,2026-06-14,0,21,0.0
J25,5,2026-01-05,0,21,0.0
J25,6,2026-01-06,0,21,0.0
J25,7,2026-01-07,0,21,0.0
J25,8,2026-01-08,0,21,0.0
J25,9,2026-01-09,0,21,0.0
J25,10,2026-01-10,0,21,0.0
J25,11,2026-01-11,0,21,0.0
J25,12,2026-01-12,0,21,0.0
J25,13,2026-01-13,0,21,0.0
J25,14,2026-01-14,0,21,0.0
J25,15,2026-01-15,0,21,0.0
J25,16,2026-01-16,0,21,0.0
J25,17,2026-01-17,0,21,0.0
J25,18,2026-01-18,0,21,0.0
J25,19,2026-01-19,0,21,0.0
J25,20,2026-01-20,0,21,0.0
J25,21,2026-01-21,0,21,0.0
J25,22,2026-01-22,0,21,0.0
J25,23,2026-01-23,0,21,0.0
J25,24,2026-01-24,0,21,0.0
J25,25,2026-01-25,0,21,0.0
J25,26,2026-01-26,0,21,0.0
J25,27,2026-01-27,0,21,0.0
J25,28,2026-01-28,0,21,0.0
J25,29,2026-01-29,0,21,0.0
J25,30,2026-01-30,0,21,0.0
J25,31,2026-01-31,0,21,0.0
J25,32,2026-02-01,0,21,0.0
J25,33,2026-02-02,0,21,0.0
J25,34,2026-02-03,0,21,0.0
J25,35,2026-02-04,0,21,0.0
J25,36,2026-02-05,0,21,0.0
J25,37,2026-02-06,0,21,0.0
J25,38,2026-02-07,0,21,0.0
J25,39,2026-02-08,0,21,0.0
J25,40,2026-02-09,0,21,0.0
J25,41,2026-02-10,0,21,0.0
J25,42,2026-02-11,0,21,0.0
J25,43,2026-02-12,0,21,0.0
J25,44,2026-02-13,0,21,0.0
J25,45,2026-02-14,0,21,0.0
J25,46,2026-02-15,0,21,0.0
J25,47,2026-02-16,0,21,0.0
J25,48,2026-02-17,0,21,0.0
J25,49,2026-02-18,0,21,0.0
J25,50,2026-02-19,0,21,0.0
J25,51,2026-02-20,0,21,0.0
J25,52,2026-02-21,0,21,0.0
J25,53,2026-02-22,0,21,0.0
J25,54,2026-02-23,0,21,0.0
J25,55,2026-02-24,0,21,0.0
J25,56,2026-02-25,0,21,0.0
J25,57,2026-02-26,0,21,0.0
J25,58,2026-02-27,0,21,0.0
J25,59,2026-02-28,0,21,0.0
J25,60,2026-03-01,0,21,0.0
J25,61,2026-03-02,0,21,0.0
J25,62,2026-03-03,0,21,0.0
J25,63,2026-03-04,0,21,0.0
J25,64,2026-03-05,0,21,0.0
J25,65,2026-03-06,0,21,0.0
J25,66,2026-03-07,0,21,0.0
J25,67,2026-03-08,0,21,0.0
J25,68,2026-03-09,0,21,0.0
J25,69,2026-03-10,0,21,0.0
J25,70,2026-03-11,0,21,0.0
J25,71,2026-03-12,0,21,0.0
J25,72,2026-03-13,0,21,0.0
J25,73,2026-03-14,0,21,0.0
J25,74,2026-03-15,0,21,0.0
J25,75,2026-03-16,0,21,0.0
J25,76,2026-03-17,0,21,0.0
J25,77,2026-03-18,0,21,0.0
J25,78,2026-03-19,0,21,0.0
J25,79,2026-03-20,0,21,0.0
J25,80,2026-03-21,0,21,0.0
J25,81,2026-03-22,0,21,0.0
J25,82,2026-03-23,0,21,0.0
J25,83,2026-03-24,0,21,0.0
J25,84,2026-03-25,0,21,0.0
J25,85,2026-03-26,0,21,0.0
J25,86,2026-03-27,0,21,0.0
J25,87,2026-03-28,0,21,0.0
J25,88,2026-03-29,0,21,0.0
J25,89,2026-03-30,0,21,0.0
J25,90,2026-03-31,0,21,0.0
J25,91,2026-04-01,0,21,0.0
J25,92,2026-04-02,0,21,0.0
J25,93,2026-04-03,0,21,0.0
J25,94,2026-04-04,0,21,0.0
J25,95,2026-04-05,0,21,0.0
J25,96,2026-04-06,0,21,0.0
J25,97,2026-04-07,0,21,0.0
J25,98,2026-04-08,0,21,0.0
J25,99,2026-04-09,0,21,0.0
J25,100,2026-04-10,0,21,0.0
J25,101,2026-04-11,0,21,0.0
J25,102,2026-04-12,0,21,0.0
J25,103,2026-04-13,0,21,0.0
J25,104,2026-04-14,0,21,0.0
J25,105,2026-04-15,0,21,0.0
J25,106,2026-04-16,0,21,0.0
J25,107,2026-04-17,0,21,0.0
J25,108,2026-04-18,0,21,0.0
J25,109,2026-04-19,0,21,0.0
J25,110,2026-04-20,0,21,0.0
J25,111,2026-04-21,0,21,0.0
J25,112,2026-04-22,0,21,0.0
J25,113,2026-04-23,0,21,0.0
J25,114,2026-04-24,0,21,0.0
J25,115,2026-04-25,0,21,0.0
J25,116,2026-04-26,0,21,0.0
J25,117,2026-04-27,0,21,0.0
J25,118,2026-04-28,0,21,0.0
J25,119,2026-04-29,0,21,0.0
J25,120,2026-04-30,0,21,0.0
J25,121,2026-05-01,0,21,0.0
J25,122,2026-05-02,0,21,0.0
J25,123,2026-05-03,0,21,0.0
J25,124,2026-05-04,0,21,0.0
J25,125,2026-05-05,0,21,0.0
J25,126,2026-05-06,0,21,0.0
J25,127,2026-05-07,0,21,0.0
J25,128,2026-05-08,0,21,0.0
J25,129,2026-05-09,0,21,0.0
J25,130,2026-05-10,0,21,0.0
J25,131,2026-05-11,0,21,0.0
J25,132,2026-05-12,0,21,0.0
J25,133,2026-05-13,0,21,0.0
J25,134,2026-05-14,0,21,0.0
J25,135,2026-05-15,0,21,0.0
J25,136,2026-05-16,0,21,0.0
J25,137,2026-05-17,0,21,0.0
J25,138,2026-05-18,0,21,0.0
J25,139,2026-05-19,0,21,0.0
J25,140,2026-05-20,0,21,0.0
J25,141,2026-05-21,0,21,0.0
J25,142,2026-05-22,0,21,0.0
J25,143,2026-05-23,0,21,0.0
J25,144,2026-05-24,0,21,0.0
J25,145,2026-05-25,0,21,0.0
J25,146,2026-05-26,0,21,0.0
J25,147,2026-05-27,0,21,0.0
J25,148,2026-05-28,0,21,0.0
J25,149,2026-05-29,0,21,0.0
J25,150,2026-05-30,0,21,0.0
J25,151,2026-05-31,0,21,0.0
J25,152,2026-06-01,0,21,0.0
J25,153,2026-06-02,0,21,0.0
J25,154,2026-06-03,0,21,0.0
J25,155,2026-06-04,0,21,0.0
J25,156,2026-06-05,0,21,0.0
J25,157,2026-06-06,0,21,0.0
J25,158,2026-06-07,0,21,0.0
J25,159,2026-06-08,0,21,0.0
J25,160,2026-06-09,0,21,0.0
J25,161,2026-06-10,0,21,0.0
J25,162,2026-06-11,0,21,0.0
J25,163,2026-06-12,0,21,0.0
J25,164,2026-06-13,0,21,0.0
J25,165,2026-06-14,0,21,0.0
J26,5,2026-01-05,0,21,0.0
J26,6,2026-01-06,0,21,0.0
J26,7,2026-01-07,0,21,0.0
J26,8,2026-01-08,0,21,0.0
J26,9,2026-01-09,0,21,0.0
J26,10,2026-01-10,0,21,0.0
J26,11,2026-01-11,0,21,0.0
J26,12,2026-01-12,0,21,0.0
J26,13,2026-01-13,0,21,0.0
J26,14,2026-01-14,0,21,0.0
J26,15,2026-01-15,0,21,0.0
J26,16,2026-01-16,0,21,0.0
J26,17,2026-01-17,0,21,0.0
J26,18,2026-01-18,0,21,0.0
J26,19,2026-01-19,0,21,0.0
J26,20,2026-01-20,0,21,0.0
J26,21,2026-01-21,0,21,0.0
J26,22,2026-01-22,0,21,0.0
J26,23,2026-01-23,0,21,0.0
J26,24,2026-01-24,0,21,0.0
J26,25,2026-01-25,0,21,0.0
J26,26,2026-01-26,0,21,0.0
J26,27,2026-01-27,0,21,0.0
J26,28,2026-01-28,0,21,0.0
J26,29,2026-01-29,0,21,0.0
J26,30,2026-01-30,0,21,0.0
J26,31,2026-01-31,0,21,0.0
J26,32,2026-02-01,0,21,0.0
J26,33,2026-02-02,0,21,0.0
J26,34,2026-02-03,0,21,0.0
J26,35,2026-02-04,0,21,0.0
J26,36,2026-02-05,0,21,0.0
J26,37,2026-02-06,0,21,0.0
J26,38,2026-02-07,0,21,0.0
J26,39,2026-02-08,0,21,0.0
J26,40,2026-02-09,0,21,0.0
J26,41,2026-02-10,0,21,0.0
J26,42,2026-02-11,0,21,0.0
J26,43,2026-02-12,0,21,0.0
J26,44,2026-02-13,0,21,0.0
J26,45,2026-02-14,0,21,0.0
J26,46,2026-02-15,0,21,0.0
J26,47,2026-02-16,0,21,0.0
J26,48,2026-02-17,0,21,0.0
J26,49,2026-02-18,0,21,0.0
J26,50,2026-02-19,0,21,0.0
J26,51,2026-02-20,0,21,0.0
J26,52,2026-02-21,0,21,0.0
J26,53,2026-02-22,0,21,0.0
J26,54,2026-02-23,0,21,0.0
J26,55,2026-02-24,0,21,0.0
J26,56,2026-02-25,0,21,0.0
J26,57,2026-02-26,0,21,0.0
J26,58,2026-02-27,0,21,0.0
J26,59,2026-02-28,0,21,0.0
J26,60,2026-03-01,0,21,0.0
J26,61,2026-03-02,0,21,0.0
J26,62,2026-03-03,0,21,0.0
J26,63,2026-03-04,0,21,0.0
J26,64,2026-03-05,0,21,0.0
J26,65,2026-03-06,0,21,0.0
J26,66,2026-03-07,0,21,0.0
J26,67,2026-03-08,0,21,0.0
J26,68,2026-03-09,0,21,0.0
J26,69,2026-03-10,0,21,0.0
J26,70,2026-03-11,0,21,0.0
J26,71,2026-03-12,0,21,0.0
J26,72,2026-03-13,0,21,0.0
J26,73,2026-03-14,0,21,0.0
J26,74,2026-03-15,0,21,0.0
J26,75,2026-03-16,0,21,0.0
J26,76,2026-03-17,0,21,0.0
J26,77,2026-03-18,0,21,0.0
J26,78,2026-03-19,0,21,0.0
J26,79,2026-03-20,0,21,0.0
J26,80,2026-03-21,0,21,0.0
J26,81,2026-03-22,0,21,0.0
J26,82,2026-03-23,0,21,0.0
J26,83,2026-03-24,0,21,0.0
J26,84,2026-03-25,0,21,0.0
J26,85,2026-03-26,0,21,0.0
J26,86,2026-03-27,0,21,0.0
J26,87,2026-03-28,0,21,0.0
J26,88,2026-03-29,0,21,0.0
J26,89,2026-03-30,0,21,0.0
J26,90,2026-03-31,0,21,0.0
J26,91,2026-04-01,0,21,0.0
J26,92,2026-04-02,0,21,0.0
J26,93,2026-04-03,0,21,0.0
J26,94,2026-04-04,0,21,0.0
J26,95,2026-04-05,0,21,0.0
J26,96,2026-04-06,0,21,0.0
J26,97,2026-04-07,0,21,0.0
J26,98,2026-04-08,0,21,0.0
J26,99,2026-04-09,0,21,0.0
J26,100,2026-04-10,0,21,0.0
J26,101,2026-04-11,0,21,0.0
J26,102,2026-04-12,0,21,0.0
J26,103,2026-04-13,0,21,0.0
J26,104,2026-04-14,0,21,0.0
J26,105,2026-04-15,0,21,0.0
J26,106,2026-04-16,0,21,0.0
J26,107,2026-04-17,0,21,0.0
J26,108,2026-04-18,0,21,0.0
J26,109,2026-04-19,0,21,0.0
J26,110,2026-04-20,0,21,0.0
J26,111,2026-04-21,0,21,0.0
J26,112,2026-04-22,0,21,0.0
J26,113,2026-04-23,0,21,0.0
J26,114,2026-04-24,0,21,0.0
J26,115,2026-04-25,0,21,0.0
J26,116,2026-04-26,0,21,0.0
J26,117,2026-04-27,0,21,0.0
J26,118,2026-04-28,0,21,0.0
J26,119,2026-04-29,0,21,0.0
J26,120,2026-04-30,0,21,0.0
J26,121,2026-05-01,0,21,0.0
J26,122,2026-05-02,0,21,0.0
J26,123,2026-05-03,0,21,0.0
J26,124,2026-05-04,0,21,0.0
J26,125,2026-05-05,0,21,0.0
J26,126,2026-05-06,0,21,0.0
J26,127,2026-05-07,0,21,0.0
J26,128,2026-05-08,0,21,0.0
J26,129,2026-05-09,0,21,0.0
J26,130,2026-05-10,0,21,0.0
J26,131,2026-05-11,0,21,0.0
J26,132,2026-05-12,0,21,0.0
J26,133,2026-05-13,0,21,0.0
J26,134,2026-05-14,0,21,0.0
J26,135,2026-05-15,0,21,0.0
J26,136,2026-05-16,0,21,0.0
J26,137,2026-05-17,0,21,0.0
J26,138,2026-05-18,0,21,0.0
J26,139,2026-05-19,0,21,0.0
J26,140,2026-05-20,0,21,0.0
J26,141,2026-05-21,0,21,0.0
J26,142,2026-05-22,0,21,0.0
J26,143,2026-05-23,0,21,0.0
J26,144,2026-05-24,0,21,0.0
J26,145,2026-05-25,0,21,0.0
J26,146,2026-05-26,0,21,0.0
J26,147,2026-05-27,0,21,0.0
J26,148,2026-05-28,0,21,0.0
J26,149,2026-05-29,0,21,0.0
J26,150,2026-05-30,0,21,0.0
J26,151,2026-05-31,0,21,0.0
J26,152,2026-06-01,0,21,0.0
J26,153,2026-06-02,0,21,0.0
J26,154,2026-06-03,0,21,0.0
J26,155,2026-06-04,0,21,0.0
J26,156,2026-06-05,0,21,0.0
J26,157,2026-06-06,0,21,0.0
J26,158,2026-06-07,0,21,0.0
J26,159,2026-06-08,0,21,0.0
J26,160,2026-06-09,0,21,0.0
J26,161,2026-06-10,0,21,0.0
J26,162,2026-06-11,0,21,0.0
J26,163,2026-06-12,0,21,0.0
J26,164,2026-06-13,0,21,0.0
J26,165,2026-06-14,0,21,0.0
J27,5,2026-01-05,0,21,0.0
J27,6,2026-01-06,0,21,0.0
J27,7,2026-01-07,0,21,0.0
J27,8,2026-01-08,0,21,0.0
J27,9,2026-01-09,0,21,0.0
J27,10,2026-01-10,0,21,0.0
J27,11,2026-01-11,0,21,0.0
J27,12,2026-01-12,0,21,0.0
J27,13,2026-01-13,0,21,0.0
J27,14,2026-01-14,0,21,0.0
J27,15,2026-01-15,0,21,0.0
J27,16,2026-01-16,0,21,0.0
J27,17,2026-01-17,0,21,0.0
J27,18,2026-01-18,0,21,0.0
J27,19,2026-01-19,0,21,0.0
J27,20,2026-01-20,0,21,0.0
J27,21,2026-01-21,0,21,0.0
J27,22,2026-01-22,0,21,0.0
J27,23,2026-01-23,0,21,0.0
J27,24,2026-01-24,0,21,0.0
J27,25,2026-01-25,0,21,0.0
J27,26,2026-01-26,0,21,0.0
J27,27,2026-01-27,0,21,0.0
J27,28,2026-01-28,0,21,0.0
J27,29,2026-01-29,0,21,0.0
J27,30,2026-01-30,0,21,0.0
J27,31,2026-01-31,0,21,0.0
J27,32,2026-02-01,0,21,0.0
J27,33,2026-02-02,0,21,0.0
J27,34,2026-02-03,0,21,0.0
J27,35,2026-02-04,0,21,0.0
J27,36,2026-02-05,0,21,0.0
J27,37,2026-02-06,0,21,0.0
J27,38,2026-02-07,0,21,0.0
J27,39,2026-02-08,0,21,0.0
J27,40,2026-02-09,0,21,0.0
J27,41,2026-02-10,0,21,0.0
J27,42,2026-02-11,0,21,0.0
J27,43,2026-02-12,0,21,0.0
J27,44,2026-02-13,0,21,0.0
J27,45,2026-02-14,0,21,0.0
J27,46,2026-02-15,0,21,0.0
J27,47,2026-02-16,0,21,0.0
J27,48,2026-02-17,0,21,0.0
J27,49,2026-02-18,0,21,0.0
J27,50,2026-02-19,0,21,0.0
J27,51,2026-02-20,0,21,0.0
J27,52,2026-02-21,0,21,0.0
J27,53,2026-02-22,0,21,0.0
J27,54,2026-02-23,0,21,0.0
J27,55,2026-02-24,0,21,0.0
J27,56,2026-02-25,0,21,0.0
J27,57,2026-02-26,0,21,0.0
J27,58,2026-02-27,0,21,0.0
J27,59,2026-02-28,0,21,0.0
J27,60,2026-03-01,0,21,0.0
J27,61,2026-03-02,0,21,0.0
J27,62,2026-03-03,0,21,0.0
J27,63,2026-03-04,0,21,0.0
J27,64,2026-03-05,0,21,0.0
J27,65,2026-03-06,0,21,0.0
J27,66,2026-03-07,0,21,0.0
J27,67,2026-03-08,0,21,0.0
J27,68,2026-03-09,0,21,0.0
J27,69,2026-03-10,0,21,0.0
J27,70,2026-03-11,0,21,0.0
J27,71,2026-03-12,0,21,0.0
J27,72,2026-03-13,0,21,0.0
J27,73,2026-03-14,0,21,0.0
J27,74,2026-03-15,0,21,0.0
J27,75,2026-03-16,0,21,0.0
J27,76,2026-03-17,0,21,0.0
J27,77,2026-03-18,0,21,0.0
J27,78,2026-03-19,0,21,0.0
J27,79,2026-03-20,0,21,0.0
J27,80,2026-03-21,0,21,0.0
J27,81,2026-03-22,0,21,0.0
J27,82,2026-03-23,0,21,0.0
J27,83,2026-03-24,0,21,0.0
J27,84,2026-03-25,0,21,0.0
J27,85,2026-03-26,0,21,0.0
J27,86,2026-03-27,0,21,0.0
J27,87,2026-03-28,0,21,0.0
J27,88,2026-03-29,0,21,0.0
J27,89,2026-03-30,0,21,0.0
J27,90,2026-03-31,0,21,0.0
J27,91,2026-04-01,0,21,0.0
J27,92,2026-04-02,0,21,0.0
J27,93,2026-04-03,0,21,0.0
J27,94,2026-04-04,0,21,0.0
J27,95,2026-04-05,0,21,0.0
J27,96,2026-04-06,0,21,0.0
J27,97,2026-04-07,0,21,0.0
J27,98,2026-04-08,0,21,0.0
J27,99,2026-04-09,0,21,0.0
J27,100,2026-04-10,0,21,0.0
J27,101,2026-04-11,0,21,0.0
J27,102,2026-04-12,0,21,0.0
J27,103,2026-04-13,0,21,0.0
J27,104,2026-04-14,0,21,0.0
J27,105,2026-04-15,0,21,0.0
J27,106,2026-04-16,0,21,0.0
J27,107,2026-04-17,0,21,0.0
J27,108,2026-04-18,0,21,0.0
J27,109,2026-04-19,0,21,0.0
J27,110,2026-04-20,0,21,0.0
J27,111,2026-04-21,0,21,0.0
J27,112,2026-04-22,0,21,0.0
J27,113,2026-04-23,0,21,0.0
J27,114,2026-04-24,0,21,0.0
J27,115,2026-04-25,0,21,0.0
J27,116,2026-04-26,0,21,0.0
J27,117,2026-04-27,0,21,0.0
J27,118,2026-04-28,0,21,0.0
J27,119,2026-04-29,0,21,0.0
J27,120,2026-04-30,0,21,0.0
J27,121,2026-05-01,0,21,0.0
J27,122,2026-05-02,0,21,0.0
J27,123,2026-05-03,0,21,0.0
J27,124,2026-05-04,0,21,0.0
J27,125,2026-05-05,0,21,0.0
J27,126,2026-05-06,0,21,0.0
J27,127,2026-05-07,0,21,0.0
J27,128,2026-05-08,0,21,0.0
J27,129,2026-05-09,0,21,0.0
J27,130,2026-05-10,0,21,0.0
J27,131,2026-05-11,0,21,0.0
J27,132,2026-05-12,0,21,0.0
J27,133,2026-05-13,0,21,0.0
J27,134,2026-05-14,0,21,0.0
J27,135,2026-05-15,0,21,0.0
J27,136,2026-05-16,0,21,0.0
J27,137,2026-05-17,0,21,0.0
J27,138,2026-05-18,0,21,0.0
J27,139,2026-05-19,0,21,0.0
J27,140,2026-05-20,0,21,0.0
J27,141,2026-05-21,0,21,0.0
J27,142,2026-05-22,0,21,0.0
J27,143,2026-05-23,0,21,0.0
J27,144,2026-05-24,0,21,0.0
J27,145,2026-05-25,0,21,0.0
J27,146,2026-05-26,0,21,0.0
J27,147,2026-05-27,0,21,0.0
J27,148,2026-05-28,0,21,0.0
J27,149,2026-05-29,0,21,0.0
J27,150,2026-05-30,0,21,0.0
J27,151,2026-05-31,0,21,0.0
J27,152,2026-06-01,0,21,0.0
J27,153,2026-06-02,0,21,0.0
J27,154,2026-06-03,0,21,0.0
J27,155,2026-06-04,0,21,0.0
J27,156,2026-06-05,0,21,0.0
J27,157,2026-06-06,0,21,0.0
J27,158,2026-06-07,0,21,0.0
J27,159,2026-06-08,0,21,0.0
J27,160,2026-06-09,0,21,0.0
J27,161,2026-06-10,0,21,0.0
J27,162,2026-06-11,0,21,0.0
J27,163,2026-06-12,0,21,0.0
J27,164,2026-06-13,0,21,0.0
J27,165,2026-06-14,0,21,0.0
J28,5,2026-01-05,0,21,0.0
J28,6,2026-01-06,0,21,0.0
J28,7,2026-01-07,0,21,0.0
J28,8,2026-01-08,0,21,0.0
J28,9,2026-01-09,0,21,0.0
J28,10,2026-01-10,0,21,0.0
J28,11,2026-01-11,0,21,0.0
J28,12,2026-01-12,0,21,0.0
J28,13,2026-01-13,0,21,0.0
J28,14,2026-01-14,0,21,0.0
J28,15,2026-01-15,0,21,0.0
J28,16,2026-01-16,0,21,0.0
J28,17,2026-01-17,0,21,0.0
J28,18,2026-01-18,0,21,0.0
J28,19,2026-01-19,0,21,0.0
J28,20,2026-01-20,0,21,0.0
J28,21,2026-01-21,0,21,0.0
J28,22,2026-01-22,0,21,0.0
J28,23,2026-01-23,0,21,0.0
J28,24,2026-01-24,0,21,0.0
J28,25,2026-01-25,0,21,0.0
J28,26,2026-01-26,0,21,0.0
J28,27,2026-01-27,0,21,0.0
J28,28,2026-01-28,0,21,0.0
J28,29,2026-01-29,0,21,0.0
J28,30,2026-01-30,0,21,0.0
J28,31,2026-01-31,0,21,0.0
J28,32,2026-02-01,0,21,0.0
J28,33,2026-02-02,0,21,0.0
J28,34,2026-02-03,0,21,0.0
J28,35,2026-02-04,0,21,0.0
J28,36,2026-02-05,0,21,0.0
J28,37,2026-02-06,0,21,0.0
J28,38,2026-02-07,0,21,0.0
J28,39,2026-02-08,0,21,0.0
J28,40,2026-02-09,0,21,0.0
J28,41,2026-02-10,0,21,0.0
J28,42,2026-02-11,0,21,0.0
J28,43,2026-02-12,0,21,0.0
J28,44,2026-02-13,0,21,0.0
J28,45,2026-02-14,0,21,0.0
J28,46,2026-02-15,0,21,0.0
J28,47,2026-02-16,0,21,0.0
J28,48,2026-02-17,0,21,0.0
J28,49,2026-02-18,0,21,0.0
J28,50,2026-02-19,0,21,0.0
J28,51,2026-02-20,0,21,0.0
J28,52,2026-02-21,0,21,0.0
J28,53,2026-02-22,0,21,0.0
J28,54,2026-02-23,0,21,0.0
J28,55,2026-02-24,0,21,0.0
J28,56,2026-02-25,0,21,0.0
J28,57,2026-02-26,0,21,0.0
J28,58,2026-02-27,0,21,0.0
J28,59,2026-02-28,0,21,0.0
J28,60,2026-03-01,0,21,0.0
J28,61,2026-03-02,0,21,0.0
J28,62,2026-03-03,0,21,0.0
J28,63,2026-03-04,0,21,0.0
J28,64,2026-03-05,0,21,0.0
J28,65,2026-03-06,0,21,0.0
J28,66,2026-03-07,0,21,0.0
J28,67,2026-03-08,0,21,0.0
J28,68,2026-03-09,0,21,0.0
J28,69,2026-03-10,0,21,0.0
J28,70,2026-03-11,0,21,0.0
J28,71,2026-03-12,0,21,0.0
J28,72,2026-03-13,0,21,0.0
J28,73,2026-03-14,0,21,0.0
J28,74,2026-03-15,0,21,0.0
J28,75,2026-03-16,0,21,0.0
J28,76,2026-03-17,0,21,0.0
J28,77,2026-03-18,0,21,0.0
J28,78,2026-03-19,0,21,0.0
J28,79,2026-03-20,0,21,0.0
J28,80,2026-03-21,0,21,0.0
J28,81,2026-03-22,0,21,0.0
J28,82,2026-03-23,0,21,0.0
J28,83,2026-03-24,0,21,0.0
J28,84,2026-03-25,0,21,0.0
J28,85,2026-03-26,0,21,0.0
J28,86,2026-03-27,0,21,0.0
J28,87,2026-03-28,0,21,0.0
J28,88,2026-03-29,0,21,0.0
J28,89,2026-03-30,0,21,0.0
J28,90,2026-03-31,0,21,0.0
J28,91,2026-04-01,0,21,0.0
J28,92,2026-04-02,0,21,0.0
J28,93,2026-04-03,0,21,0.0
J28,94,2026-04-04,0,21,0.0
J28,95,2026-04-05,0,21,0.0
J28,96,2026-04-06,0,21,0.0
J28,97,2026-04-07,0,21,0.0
J28,98,2026-04-08,0,21,0.0
J28,99,2026-04-09,0,21,0.0
J28,100,2026-04-10,0,21,0.0
J28,101,2026-04-11,0,21,0.0
J28,102,2026-04-12,0,21,0.0
J28,103,2026-04-13,0,21,0.0
J28,104,2026-04-14,0,21,0.0
J28,105,2026-04-15,0,21,0.0
J28,106,2026-04-16,0,21,0.0
J28,107,2026-04-17,0,21,0.0
J28,108,2026-04-18,0,21,0.0
J28,109,2026-04-19,0,21,0.0
J28,110,2026-04-20,0,21,0.0
J28,111,2026-04-21,0,21,0.0
J28,112,2026-04-22,0,21,0.0
J28,113,2026-04-23,0,21,0.0
J28,114,2026-04-24,0,21,0.0
J28,115,2026-04-25,0,21,0.0
J28,116,2026-04-26,0,21,0.0
J28,117,2026-04-27,0,21,0.0
J28,118,2026-04-28,0,21,0.0
J28,119,2026-04-29,0,21,0.0
J28,120,2026-04-30,0,21,0.0
J28,121,2026-05-01,0,21,0.0
J28,122,2026-05-02,0,21,0.0
J28,123,2026-05-03,0,21,0.0
J28,124,2026-05-04,0,21,0.0
J28,125,2026-05-05,0,21,0.0
J28,126,2026-05-06,0,21,0.0
J28,127,2026-05-07,0,21,0.0
J28,128,2026-05-08,0,21,0.0
J28,129,2026-05-09,0,21,0.0
J28,130,2026-05-10,0,21,0.0
J28,131,2026-05-11,0,21,0.0
J28,132,2026-05-12,0,21,0.0
J28,133,2026-05-13,0,21,0.0
J28,134,2026-05-14,0,21,0.0
J28,135,2026-05-15,0,21,0.0
J28,136,2026-05-16,0,21,0.0
J28,137,2026-05-17,0,21,0.0
J28,138,2026-05-18,0,21,0.0
J28,139,2026-05-19,0,21,0.0
J28,140,2026-05-20,0,21,0.0
J28,141,2026-05-21,0,21,0.0
J28,142,2026-05-22,0,21,0.0
J28,143,2026-05-23,0,21,0.0
J28,144,2026-05-24,0,21,0.0
J28,145,2026-05-25,0,21,0.0
J28,146,2026-05-26,0,21,0.0
J28,147,2026-05-27,0,21,0.0
J28,148,2026-05-28,0,21,0.0
J28,149,2026-05-29,0,21,0.0
J28,150,2026-05-30,0,21,0.0
J28,151,2026-05-31,0,21,0.0
J28,152,2026-06-01,0,21,0.0
J28,153,2026-06-02,0,21,0.0
J28,154,2026-06-03,0,21,0.0
J28,155,2026-06-04,0,21,0.0
J28,156,2026-06-05,0,21,0.0
J28,157,2026-06-06,0,21,0.0
J28,158,2026-06-07,0,21,0.0
J28,159,2026-06-08,0,21,0.0
J28,160,2026-06-09,0,21,0.0
J28,161,2026-06-10,0,21,0.0
J28,162,2026-06-11,0,21,0.0
J28,163,2026-06-12,0,21,0.0
J28,164,2026-06-13,0,21,0.0
J28,165,2026-06-14,0,21,0.0
J29,5,2026-01-05,0,21,0.0
J29,6,2026-01-06,0,21,0.0
J29,7,2026-01-07,0,21,0.0
J29,8,2026-01-08,0,21,0.0
J29,9,2026-01-09,0,21,0.0
J29,10,2026-01-10,0,21,0.0
J29,11,2026-01-11,0,21,0.0
J29,12,2026-01-12,0,21,0.0
J29,13,2026-01-13,0,21,0.0
J29,14,2026-01-14,0,21,0.0
J29,15,2026-01-15,0,21,0.0
J29,16,2026-01-16,0,21,0.0
J29,17,2026-01-17,0,21,0.0
J29,18,2026-01-18,0,21,0.0
J29,19,2026-01-19,0,21,0.0
J29,20,2026-01-20,0,21,0.0
J29,21,2026-01-21,0,21,0.0
J29,22,2026-01-22,0,21,0.0
J29,23,2026-01-23,0,21,0.0
J29,24,2026-01-24,0,21,0.0
J29,25,2026-01-25,0,21,0.0
J29,26,2026-01-26,0,21,0.0
J29,27,2026-01-27,0,21,0.0
J29,28,2026-01-28,0,21,0.0
J29,29,2026-01-29,0,21,0.0
J29,30,2026-01-30,0,21,0.0
J29,31,2026-01-31,0,21,0.0
J29,32,2026-02-01,0,21,0.0
J29,33,2026-02-02,0,21,0.0
J29,34,2026-02-03,0,21,0.0
J29,35,2026-02-04,0,21,0.0
J29,36,2026-02-05,0,21,0.0
J29,37,2026-02-06,0,21,0.0
J29,38,2026-02-07,0,21,0.0
J29,39,2026-02-08,0,21,0.0
J29,40,2026-02-09,0,21,0.0
J29,41,2026-02-10,0,21,0.0
J29,42,2026-02-11,0,21,0.0
J29,43,2026-02-12,0,21,0.0
J29,44,2026-02-13,0,21,0.0
J29,45,2026-02-14,0,21,0.0
J29,46,2026-02-15,0,21,0.0
J29,47,2026-02-16,0,21,0.0
J29,48,2026-02-17,0,21,0.0
J29,49,2026-02-18,0,21,0.0
J29,50,2026-02-19,0,21,0.0
J29,51,2026-02-20,0,21,0.0
J29,52,2026-02-21,0,21,0.0
J29,53,2026-02-22,0,21,0.0
J29,54,2026-02-23,0,21,0.0
J29,55,2026-02-24,0,21,0.0
J29,56,2026-02-25,0,21,0.0
J29,57,2026-02-26,0,21,0.0
J29,58,2026-02-27,0,21,0.0
J29,59,2026-02-28,0,21,0.0
J29,60,2026-03-01,0,21,0.0
J29,61,2026-03-02,0,21,0.0
J29,62,2026-03-03,0,21,0.0
J29,63,2026-03-04,0,21,0.0
J29,64,2026-03-05,0,21,0.0
J29,65,2026-03-06,0,21,0.0
J29,66,2026-03-07,0,21,0.0
J29,67,2026-03-08,0,21,0.0
J29,68,2026-03-09,0,21,0.0
J29,69,2026-03-10,0,21,0.0
J29,70,2026-03-11,0,21,0.0
J29,71,2026-03-12,0,21,0.0
J29,72,2026-03-13,0,21,0.0
J29,73,2026-03-14,0,21,0.0
J29,74,2026-03-15,0,21,0.0
J29,75,2026-03-16,0,21,0.0
J29,76,2026-03-17,0,21,0.0
J29,77,2026-03-18,0,21,0.0
J29,78,2026-03-19,0,21,0.0
J29,79,2026-03-20,0,21,0.0
J29,80,2026-03-21,0,21,0.0
J29,81,2026-03-22,0,21,0.0
J29,82,2026-03-23,0,21,0.0
J29,83,2026-03-24,0,21,0.0
J29,84,2026-03-25,0,21,0.0
J29,85,2026-03-26,0,21,0.0
J29,86,2026-03-27,0,21,0.0
J29,87,2026-03-28,0,21,0.0
J29,88,2026-03-29,0,21,0.0
J29,89,2026-03-30,0,21,0.0
J29,90,2026-03-31,0,21,0.0
J29,91,2026-04-01,0,21,0.0
J29,92,2026-04-02,0,21,0.0
J29,93,2026-04-03,0,21,0.0
J29,94,2026-04-04,0,21,0.0
J29,95,2026-04-05,0,21,0.0
J29,96,2026-04-06,0,21,0.0
J29,97,2026-04-07,0,21,0.0
J29,98,2026-04-08,0,21,0.0
J29,99,2026-04-09,0,21,0.0
J29,100,2026-04-10,0,21,0.0
J29,101,2026-04-11,0,21,0.0
J29,102,2026-04-12,0,21,0.0
J29,103,2026-04-13,0,21,0.0
J29,104,2026-04-14,0,21,0.0
J29,105,2026-04-15,0,21,0.0
J29,106,2026-04-16,0,21,0.0
J29,107,2026-04-17,0,21,0.0
J29,108,2026-04-18,0,21,0.0
J29,109,2026-04-19,0,21,0.0
J29,110,2026-04-20,0,21,0.0
J29,111,2026-04-21,0,21,0.0
J29,112,2026-04-22,0,21,0.0
J29,113,2026-04-23,0,21,0.0
J29,114,2026-04-24,0,21,0.0
J29,115,2026-04-25,0,21,0.0
J29,116,2026-04-26,0,21,0.0
J29,117,2026-04-27,0,21,0.0
J29,118,2026-04-28,0,21,0.0
J29,119,2026-04-29,0,21,0.0
J29,120,2026-04-30,0,21,0.0
J29,121,2026-05-01,0,21,0.0
J29,122,2026-05-02,0,21,0.0
J29,123,2026-05-03,0,21,0.0
J29,124,2026-05-04,0,21,0.0
J29,125,2026-05-05,0,21,0.0
J29,126,2026-05-06,0,21,0.0
J29,127,2026-05-07,0,21,0.0
J29,128,2026-05-08,0,21,0.0
J29,129,2026-05-09,0,21,0.0
J29,130,2026-05-10,0,21,0.0
J29,131,2026-05-11,0,21,0.0
J29,132,2026-05-12,0,21,0.0
J29,133,2026-05-13,0,21,0.0
J29,134,2026-05-14,0,21,0.0
J29,135,2026-05-15,0,21,0.0
J29,136,2026-05-16,0,21,0.0
J29,137,2026-05-17,0,21,0.0
J29,138,2026-05-18,0,21,0.0
J29,139,2026-05-19,0,21,0.0
J29,140,2026-05-20,0,21,0.0
J29,141,2026-05-21,0,21,0.0
J29,142,2026-05-22,0,21,0.0
J29,143,2026-05-23,0,21,0.0
J29,144,2026-05-24,0,21,0.0
J29,145,2026-05-25,0,21,0.0
J29,146,2026-05-26,0,21,0.0
J29,147,2026-05-27,0,21,0.0
J29,148,2026-05-28,0,21,0.0
J29,149,2026-05-29,0,21,0.0
J29,150,2026-05-30,0,21,0.0
J29,151,2026-05-31,0,21,0.0
J29,152,2026-06-01,0,21,0.0
J29,153,2026-06-02,0,21,0.0
J29,154,2026-06-03,0,21,0.0
J29,155,2026-06-04,0,21,0.0
J29,156,2026-06-05,0,21,0.0
J29,157,2026-06-06,0,21,0.0
J29,158,2026-06-07,0,21,0.0
J29,159,2026-06-08,0,21,0.0
J29,160,2026-06-09,0,21,0.0
J29,161,2026-06-10,0,21,0.0
J29,162,2026-06-11,0,21,0.0
J29,163,2026-06-12,0,21,0.0
J29,164,2026-06-13,0,21,0.0
J29,165,2026-06-14,0,21,0.0
J30,5,2026-01-05,0,21,0.0
J30,6,2026-01-06,0,21,0.0
J30,7,2026-01-07,0,21,0.0
J30,8,2026-01-08,0,21,0.0
J30,9,2026-01-09,0,21,0.0
J30,10,2026-01-10,0,21,0.0
J30,11,2026-01-11,0,21,0.0
J30,12,2026-01-12,0,21,0.0
J30,13,2026-01-13,0,21,0.0
J30,14,2026-01-14,0,21,0.0
J30,15,2026-01-15,0,21,0.0
J30,16,2026-01-16,0,21,0.0
J30,17,2026-01-17,0,21,0.0
J30,18,2026-01-18,0,21,0.0
J30,19,2026-01-19,0,21,0.0
J30,20,2026-01-20,0,21,0.0
J30,21,2026-01-21,0,21,0.0
J30,22,2026-01-22,0,21,0.0
J30,23,2026-01-23,0,21,0.0
J30,24,2026-01-24,0,21,0.0
J30,25,2026-01-25,0,21,0.0
J30,26,2026-01-26,0,21,0.0
J30,27,2026-01-27,0,21,0.0
J30,28,2026-01-28,0,21,0.0
J30,29,2026-01-29,0,21,0.0
J30,30,2026-01-30,0,21,0.0
J30,31,2026-01-31,0,21,0.0
J30,32,2026-02-01,0,21,0.0
J30,33,2026-02-02,0,21,0.0
J30,34,2026-02-03,0,21,0.0
J30,35,2026-02-04,0,21,0.0
J30,36,2026-02-05,0,21,0.0
J30,37,2026-02-06,0,21,0.0
J30,38,2026-02-07,0,21,0.0
J30,39,2026-02-08,0,21,0.0
J30,40,2026-02-09,0,21,0.0
J30,41,2026-02-10,0,21,0.0
J30,42,2026-02-11,0,21,0.0
J30,43,2026-02-12,0,21,0.0
J30,44,2026-02-13,0,21,0.0
J30,45,2026-02-14,0,21,0.0
J30,46,2026-02-15,0,21,0.0
J30,47,2026-02-16,0,21,0.0
J30,48,2026-02-17,0,21,0.0
J30,49,2026-02-18,0,21,0.0
J30,50,2026-02-19,0,21,0.0
J30,51,2026-02-20,0,21,0.0
J30,52,2026-02-21,0,21,0.0
J30,53,2026-02-22,0,21,0.0
J30,54,2026-02-23,0,21,0.0
J30,55,2026-02-24,0,21,0.0
J30,56,2026-02-25,0,21,0.0
J30,57,2026-02-26,0,21,0.0
J30,58,2026-02-27,0,21,0.0
J30,59,2026-02-28,0,21,0.0
J30,60,2026-03-01,0,21,0.0
J30,61,2026-03-02,0,21,0.0
J30,62,2026-03-03,0,21,0.0
J30,63,2026-03-04,0,21,0.0
J30,64,2026-03-05,0,21,0.0
J30,65,2026-03-06,0,21,0.0
J30,66,2026-03-07,0,21,0.0
J30,67,2026-03-08,0,21,0.0
J30,68,2026-03-09,0,21,0.0
J30,69,2026-03-10,0,21,0.0
J30,70,2026-03-11,0,21,0.0
J30,71,2026-03-12,0,21,0.0
J30,72,2026-03-13,0,21,0.0
J30,73,2026-03-14,0,21,0.0
J30,74,2026-03-15,0,21,0.0
J30,75,2026-03-16,0,21,0.0
J30,76,2026-03-17,0,21,0.0
J30,77,2026-03-18,0,21,0.0
J30,78,2026-03-19,0,21,0.0
J30,79,2026-03-20,0,21,0.0
J30,80,2026-03-21,0,21,0.0
J30,81,2026-03-22,0,21,0.0
J30,82,2026-03-23,0,21,0.0
J30,83,2026-03-24,0,21,0.0
J30,84,2026-03-25,0,21,0.0
J30,85,2026-03-26,0,21,0.0
J30,86,2026-03-27,0,21,0.0
J30,87,2026-03-28,0,21,0.0
J30,88,2026-03-29,0,21,0.0
J30,89,2026-03-30,0,21,0.0
J30,90,2026-03-31,0,21,0.0
J30,91,2026-04-01,0,21,0.0
J30,92,2026-04-02,0,21,0.0
J30,93,2026-04-03,0,21,0.0
J30,94,2026-04-04,0,21,0.0
J30,95,2026-04-05,0,21,0.0
J30,96,2026-04-06,0,21,0.0
J30,97,2026-04-07,0,21,0.0
J30,98,2026-04-08,0,21,0.0
J30,99,2026-04-09,0,21,0.0
J30,100,2026-04-10,0,21,0.0
J30,101,2026-04-11,0,21,0.0
J30,102,2026-04-12,0,21,0.0
J30,103,2026-04-13,0,21,0.0
J30,104,2026-04-14,0,21,0.0
J30,105,2026-04-15,0,21,0.0
J30,106,2026-04-16,0,21,0.0
J30,107,2026-04-17,0,21,0.0
J30,108,2026-04-18,0,21,0.0
J30,109,2026-04-19,0,21,0.0
J30,110,2026-04-20,0,21,0.0
J30,111,2026-04-21,0,21,0.0
J30,112,2026-04-22,0,21,0.0
J30,113,2026-04-23,0,21,0.0
J30,114,2026-04-24,0,21,0.0
J30,115,2026-04-25,0,21,0.0
J30,116,2026-04-26,0,21,0.0
J30,117,2026-04-27,0,21,0.0
J30,118,2026-04-28,0,21,0.0
J30,119,2026-04-29,0,21,0.0
J30,120,2026-04-30,0,21,0.0
J30,121,2026-05-01,0,21,0.0
J30,122,2026-05-02,0,21,0.0
J30,123,2026-05-03,0,21,0.0
J30,124,2026-05-04,0,21,0.0
J30,125,2026-05-05,0,21,0.0
J30,126,2026-05-06,0,21,0.0
J30,127,2026-05-07,0,21,0.0
J30,128,2026-05-08,0,21,0.0
J30,129,2026-05-09,0,21,0.0
J30,130,2026-05-10,0,21,0.0
J30,131,2026-05-11,0,21,0.0
J30,132,2026-05-12,0,21,0.0
J30,133,2026-05-13,0,21,0.0
J30,134,2026-05-14,0,21,0.0
J30,135,2026-05-15,0,21,0.0
J30,136,2026-05-16,0,21,0.0
J30,137,2026-05-17,0,21,0.0
J30,138,2026-05-18,0,21,0.0
J30,139,2026-05-19,0,21,0.0
J30,140,2026-05-20,0,21,0.0
J30,141,2026-05-21,0,21,0.0
J30,142,2026-05-22,0,21,0.0
J30,143,2026-05-23,0,21,0.0
J30,144,2026-05-24,0,21,0.0
J30,145,2026-05-25,0,21,0.0
J30,146,2026-05-26,0,21,0.0
J30,147,2026-05-27,0,21,0.0
J30,148,2026-05-28,0,21,0.0
J30,149,2026-05-29,0,21,0.0
J30,150,2026-05-30,0,21,0.0
J30,151,2026-05-31,0,21,0.0
J30,152,2026-06-01,0,21,0.0
J30,153,2026-06-02,0,21,0.0
J30,154,2026-06-03,0,21,0.0
J30,155,2026-06-04,0,21,0.0
J30,156,2026-06-05,0,21,0.0
J30,157,2026-06-06,0,21,0.0
J30,158,2026-06-07,0,21,0.0
J30,159,2026-06-08,0,21,0.0
J30,160,2026-06-09,0,21,0.0
J30,161,2026-06-10,0,21,0.0
J30,162,2026-06-11,0,21,0.0
J30,163,2026-06-12,0,21,0.0
J30,164,2026-06-13,0,21,0.0
J30,165,2026-06-14,0,21,0.0
